{
"type": "FeatureCollection",
"name": "facilities_shelters_real",
"crs": { "type": "name", "properties": { "name": "urn:ogc:def:crs:EPSG::4490" } },
"features": [
{ "type": "Feature", "properties": { "name": "天鹅湖体育公园", "lng": 117.224195, "lat": 31.813446, "type": "避难所", "subtype": "公园/广场", "address": "笔架山街道天鹅湖路与聚云峰路交口", "tel": "", "capacity": 5000, "id": 0 }, "geometry": { "type": "Point", "coordinates": [ 117.224195, 31.813446 ] } },
{ "type": "Feature", "properties": { "name": "天鹅湖公园", "lng": 117.230912, "lat": 31.815183, "type": "避难所", "subtype": "公园/广场", "address": "天鹅湖东路56号", "tel": "", "capacity": 5000, "id": 1 }, "geometry": { "type": "Point", "coordinates": [ 117.230912, 31.815183 ] } },
{ "type": "Feature", "properties": { "name": "绿轴公园", "lng": 117.227843, "lat": 31.803232, "type": "避难所", "subtype": "公园/广场", "address": "祁门路", "tel": "", "capacity": 5000, "id": 2 }, "geometry": { "type": "Point", "coordinates": [ 117.227843, 31.803232 ] } },
{ "type": "Feature", "properties": { "name": "石台路公园", "lng": 117.239977, "lat": 31.813439, "type": "避难所", "subtype": "公园/广场", "address": "石台路与天鹅湖东路交口东南角", "tel": "", "capacity": 5000, "id": 3 }, "geometry": { "type": "Point", "coordinates": [ 117.239977, 31.813439 ] } },
{ "type": "Feature", "properties": { "name": "洪石公园", "lng": 117.238315, "lat": 31.82885, "type": "避难所", "subtype": "公园/广场", "address": "石台路与孔塘支路交叉口东南140米", "tel": "", "capacity": 5000, "id": 4 }, "geometry": { "type": "Point", "coordinates": [ 117.238315, 31.82885 ] } },
{ "type": "Feature", "properties": { "name": "市民公园", "lng": 117.22277, "lat": 31.839948, "type": "避难所", "subtype": "公园/广场", "address": "黄山路与怀宁路交叉口东南120米", "tel": "", "capacity": 5000, "id": 5 }, "geometry": { "type": "Point", "coordinates": [ 117.22277, 31.839948 ] } },
{ "type": "Feature", "properties": { "name": "新月公园", "lng": 117.202018, "lat": 31.794713, "type": "避难所", "subtype": "公园/广场", "address": "金炉路与壶天路交叉口北40米", "tel": "", "capacity": 5000, "id": 6 }, "geometry": { "type": "Point", "coordinates": [ 117.202018, 31.794713 ] } },
{ "type": "Feature", "properties": { "name": "蜀峰湾体育公园", "lng": 117.191651, "lat": 31.844318, "type": "避难所", "subtype": "公园/广场", "address": "黄山路与香樟大道交口西北角", "tel": "", "capacity": 5000, "id": 7 }, "geometry": { "type": "Point", "coordinates": [ 117.191651, 31.844318 ] } },
{ "type": "Feature", "properties": { "name": "天乐公园", "lng": 117.206122, "lat": 31.850079, "type": "避难所", "subtype": "公园/广场", "address": "科学大道97号", "tel": "", "capacity": 5000, "id": 8 }, "geometry": { "type": "Point", "coordinates": [ 117.206122, 31.850079 ] } },
{ "type": "Feature", "properties": { "name": "凤曦府公园", "lng": 117.238781, "lat": 31.810156, "type": "避难所", "subtype": "公园/广场", "address": "祁门路298号(天鹅湖东地铁站D口步行180米)", "tel": "", "capacity": 5000, "id": 9 }, "geometry": { "type": "Point", "coordinates": [ 117.238781, 31.810156 ] } },
{ "type": "Feature", "properties": { "name": "常青体育公园", "lng": 117.258807, "lat": 31.820919, "type": "避难所", "subtype": "公园/广场", "address": "金寨路与休宁路交叉口东北100米", "tel": "", "capacity": 5000, "id": 10 }, "geometry": { "type": "Point", "coordinates": [ 117.258807, 31.820919 ] } },
{ "type": "Feature", "properties": { "name": "星际体育公园", "lng": 117.242862, "lat": 31.790516, "type": "避难所", "subtype": "公园/广场", "address": "G4001合肥绕城高速与G4001合肥绕城高速入口交叉口东北180米", "tel": "", "capacity": 5000, "id": 11 }, "geometry": { "type": "Point", "coordinates": [ 117.242862, 31.790516 ] } },
{ "type": "Feature", "properties": { "name": "杜岗游园", "lng": 117.256718, "lat": 31.821021, "type": "避难所", "subtype": "公园/广场", "address": "金寨路与休宁路交汇处西北角", "tel": "", "capacity": 5000, "id": 12 }, "geometry": { "type": "Point", "coordinates": [ 117.256718, 31.821021 ] } },
{ "type": "Feature", "properties": { "name": "迈乐小镇儿童体能公园", "lng": 117.227291, "lat": 31.783309, "type": "避难所", "subtype": "公园/广场", "address": "金寨路与芙蓉路交口西南角", "tel": "", "capacity": 5000, "id": 13 }, "geometry": { "type": "Point", "coordinates": [ 117.227291, 31.783309 ] } },
{ "type": "Feature", "properties": { "name": "蜀山森林公园", "lng": 117.170897, "lat": 31.84159, "type": "避难所", "subtype": "公园/广场", "address": "玉兰大道8号", "tel": "0551-65313400;0551-65324811", "capacity": 5000, "id": 14 }, "geometry": { "type": "Point", "coordinates": [ 117.170897, 31.84159 ] } },
{ "type": "Feature", "properties": { "name": "合燃公园", "lng": 117.250509, "lat": 31.845779, "type": "避难所", "subtype": "公园/广场", "address": "光明苑9栋201", "tel": "", "capacity": 5000, "id": 15 }, "geometry": { "type": "Point", "coordinates": [ 117.250509, 31.845779 ] } },
{ "type": "Feature", "properties": { "name": "蜀峰湾南湖生态公园(蜀峰湾公园)", "lng": 117.191642, "lat": 31.839763, "type": "避难所", "subtype": "公园/广场", "address": "蜀峰湾", "tel": "", "capacity": 5000, "id": 16 }, "geometry": { "type": "Point", "coordinates": [ 117.191642, 31.839763 ] } },
{ "type": "Feature", "properties": { "name": "沁心园公园", "lng": 117.205675, "lat": 31.814051, "type": "避难所", "subtype": "公园/广场", "address": "海棠路与集贤路交叉口西侧", "tel": "", "capacity": 5000, "id": 17 }, "geometry": { "type": "Point", "coordinates": [ 117.205675, 31.814051 ] } },
{ "type": "Feature", "properties": { "name": "幸福公园", "lng": 117.250182, "lat": 31.825167, "type": "避难所", "subtype": "公园/广场", "address": "合作化南路与水阳江路交叉口西北200米", "tel": "", "capacity": 5000, "id": 18 }, "geometry": { "type": "Point", "coordinates": [ 117.250182, 31.825167 ] } },
{ "type": "Feature", "properties": { "name": "翡翠公园", "lng": 117.197855, "lat": 31.777538, "type": "避难所", "subtype": "公园/广场", "address": "石门路391号", "tel": "", "capacity": 5000, "id": 19 }, "geometry": { "type": "Point", "coordinates": [ 117.197855, 31.777538 ] } },
{ "type": "Feature", "properties": { "name": "南屏公园", "lng": 117.258315, "lat": 31.815097, "type": "避难所", "subtype": "公园/广场", "address": "南二环路309号", "tel": "", "capacity": 5000, "id": 20 }, "geometry": { "type": "Point", "coordinates": [ 117.258315, 31.815097 ] } },
{ "type": "Feature", "properties": { "name": "旭辉公园", "lng": 117.2462, "lat": 31.816629, "type": "避难所", "subtype": "公园/广场", "address": "南二环路与合作化南路高架出口交叉口西南80米", "tel": "", "capacity": 5000, "id": 21 }, "geometry": { "type": "Point", "coordinates": [ 117.2462, 31.816629 ] } },
{ "type": "Feature", "properties": { "name": "庐州公园", "lng": 117.217639, "lat": 31.877848, "type": "避难所", "subtype": "公园/广场", "address": "清溪路与西二环交口东", "tel": "", "capacity": 5000, "id": 22 }, "geometry": { "type": "Point", "coordinates": [ 117.217639, 31.877848 ] } },
{ "type": "Feature", "properties": { "name": "合肥铁路公园", "lng": 117.276047, "lat": 31.818187, "type": "避难所", "subtype": "公园/广场", "address": "休宁路与桐城南路交叉口西北160米", "tel": "", "capacity": 5000, "id": 23 }, "geometry": { "type": "Point", "coordinates": [ 117.276047, 31.818187 ] } },
{ "type": "Feature", "properties": { "name": "匡河路口袋公园", "lng": 117.201676, "lat": 31.803209, "type": "避难所", "subtype": "公园/广场", "address": "书箱路与棋石路交叉口西北180米", "tel": "", "capacity": 5000, "id": 24 }, "geometry": { "type": "Point", "coordinates": [ 117.201676, 31.803209 ] } },
{ "type": "Feature", "properties": { "name": "明珠公园", "lng": 117.18354, "lat": 31.80165, "type": "避难所", "subtype": "公园/广场", "address": "明珠大道与香樟大道交叉口", "tel": "", "capacity": 5000, "id": 25 }, "geometry": { "type": "Point", "coordinates": [ 117.18354, 31.80165 ] } },
{ "type": "Feature", "properties": { "name": "南艳湖公园", "lng": 117.262377, "lat": 31.764359, "type": "避难所", "subtype": "公园/广场", "address": "习友路与观海路交叉口", "tel": "", "capacity": 5000, "id": 26 }, "geometry": { "type": "Point", "coordinates": [ 117.262377, 31.764359 ] } },
{ "type": "Feature", "properties": { "name": "庐州公园", "lng": 117.229673, "lat": 31.885208, "type": "避难所", "subtype": "公园/广场", "address": "冬青街与蓝莓路交叉路口", "tel": "0551-63670819", "capacity": 5000, "id": 27 }, "geometry": { "type": "Point", "coordinates": [ 117.229673, 31.885208 ] } },
{ "type": "Feature", "properties": { "name": "罍街公园", "lng": 117.297353, "lat": 31.816446, "type": "避难所", "subtype": "公园/广场", "address": "马鞍山路与南二环路交叉路口往西北约100米", "tel": "", "capacity": 5000, "id": 28 }, "geometry": { "type": "Point", "coordinates": [ 117.297353, 31.816446 ] } },
{ "type": "Feature", "properties": { "name": "星澜湾游园", "lng": 117.256644, "lat": 31.798344, "type": "避难所", "subtype": "公园/广场", "address": "万佛湖路与塔川路交叉口西北100米", "tel": "", "capacity": 5000, "id": 29 }, "geometry": { "type": "Point", "coordinates": [ 117.256644, 31.798344 ] } },
{ "type": "Feature", "properties": { "name": "半岛公园", "lng": 117.244955, "lat": 31.875171, "type": "避难所", "subtype": "公园/广场", "address": "淝河东街与淝河西街交叉口南200米", "tel": "", "capacity": 5000, "id": 30 }, "geometry": { "type": "Point", "coordinates": [ 117.244955, 31.875171 ] } },
{ "type": "Feature", "properties": { "name": "赵小郢游园", "lng": 117.225375, "lat": 31.859143, "type": "避难所", "subtype": "公园/广场", "address": "洞山路与十里店路交叉口东南160米", "tel": "", "capacity": 5000, "id": 31 }, "geometry": { "type": "Point", "coordinates": [ 117.225375, 31.859143 ] } },
{ "type": "Feature", "properties": { "name": "胡大郢体育公园", "lng": 117.273733, "lat": 31.798734, "type": "避难所", "subtype": "公园/广场", "address": "高铁路与龙川路辅路交叉口南100米", "tel": "", "capacity": 5000, "id": 32 }, "geometry": { "type": "Point", "coordinates": [ 117.273733, 31.798734 ] } },
{ "type": "Feature", "properties": { "name": "环城公园", "lng": 117.282971, "lat": 31.874512, "type": "避难所", "subtype": "公园/广场", "address": "芜湖路街道环城南路29号", "tel": "", "capacity": 5000, "id": 33 }, "geometry": { "type": "Point", "coordinates": [ 117.282971, 31.874512 ] } },
{ "type": "Feature", "properties": { "name": "望湖公园", "lng": 117.298053, "lat": 31.805915, "type": "避难所", "subtype": "公园/广场", "address": "望湖中路与望湖东路交口", "tel": "", "capacity": 5000, "id": 34 }, "geometry": { "type": "Point", "coordinates": [ 117.298053, 31.805915 ] } },
{ "type": "Feature", "properties": { "name": "石头塘公园", "lng": 117.223377, "lat": 31.861749, "type": "避难所", "subtype": "公园/广场", "address": "怀宁北路与十里店路交口", "tel": "", "capacity": 5000, "id": 35 }, "geometry": { "type": "Point", "coordinates": [ 117.223377, 31.861749 ] } },
{ "type": "Feature", "properties": { "name": "古逍遥津", "lng": 117.295084, "lat": 31.86898, "type": "避难所", "subtype": "公园/广场", "address": "寿春路16号", "tel": "0551-62614651;0551-62652163", "capacity": 5000, "id": 36 }, "geometry": { "type": "Point", "coordinates": [ 117.295084, 31.86898 ] } },
{ "type": "Feature", "properties": { "name": "李宁体育园", "lng": 117.262988, "lat": 31.756058, "type": "避难所", "subtype": "公园/广场", "address": "海恒社区合肥锦绣大道与清潭路交口北门", "tel": "0551-62587818", "capacity": 5000, "id": 37 }, "geometry": { "type": "Point", "coordinates": [ 117.262988, 31.756058 ] } },
{ "type": "Feature", "properties": { "name": "骆岗公园", "lng": 117.298738, "lat": 31.774359, "type": "避难所", "subtype": "公园/广场", "address": "包河大道", "tel": "0551-65252000", "capacity": 5000, "id": 38 }, "geometry": { "type": "Point", "coordinates": [ 117.298738, 31.774359 ] } },
{ "type": "Feature", "properties": { "name": "合肥友好儿童公园", "lng": 117.216844, "lat": 31.877323, "type": "避难所", "subtype": "公园/广场", "address": "清溪路与西二环路交叉口东北280米", "tel": "", "capacity": 5000, "id": 39 }, "geometry": { "type": "Point", "coordinates": [ 117.216844, 31.877323 ] } },
{ "type": "Feature", "properties": { "name": "半岛公园", "lng": 117.190663, "lat": 31.856236, "type": "避难所", "subtype": "公园/广场", "address": "半岛路", "tel": "", "capacity": 5000, "id": 40 }, "geometry": { "type": "Point", "coordinates": [ 117.190663, 31.856236 ] } },
{ "type": "Feature", "properties": { "name": "合肥园博园安徽园", "lng": 117.298851, "lat": 31.787997, "type": "避难所", "subtype": "公园/广场", "address": "庐州大道4号", "tel": "", "capacity": 5000, "id": 41 }, "geometry": { "type": "Point", "coordinates": [ 117.298851, 31.787997 ] } },
{ "type": "Feature", "properties": { "name": "商鼎公园", "lng": 117.248838, "lat": 31.875143, "type": "避难所", "subtype": "公园/广场", "address": "北一环路与西一环路交叉口西南角", "tel": "", "capacity": 5000, "id": 42 }, "geometry": { "type": "Point", "coordinates": [ 117.248838, 31.875143 ] } },
{ "type": "Feature", "properties": { "name": "习友路游园", "lng": 117.19453, "lat": 31.81421, "type": "避难所", "subtype": "公园/广场", "address": "香樟大道192号", "tel": "", "capacity": 5000, "id": 43 }, "geometry": { "type": "Point", "coordinates": [ 117.19453, 31.81421 ] } },
{ "type": "Feature", "properties": { "name": "浮庄", "lng": 117.297423, "lat": 31.858324, "type": "避难所", "subtype": "公园/广场", "address": "包公街道芜湖路72号包公园内(东北角)", "tel": "0551-62885950;0551-62887011", "capacity": 5000, "id": 44 }, "geometry": { "type": "Point", "coordinates": [ 117.297423, 31.858324 ] } },
{ "type": "Feature", "properties": { "name": "四季花海公园城市花园", "lng": 117.162534, "lat": 31.854303, "type": "避难所", "subtype": "公园/广场", "address": "四季花海公园内(南侧)", "tel": "", "capacity": 5000, "id": 45 }, "geometry": { "type": "Point", "coordinates": [ 117.162534, 31.854303 ] } },
{ "type": "Feature", "properties": { "name": "合肥庐州公园二期", "lng": 117.233747, "lat": 31.878555, "type": "避难所", "subtype": "公园/广场", "address": "庐州公园", "tel": "", "capacity": 5000, "id": 46 }, "geometry": { "type": "Point", "coordinates": [ 117.233747, 31.878555 ] } },
{ "type": "Feature", "properties": { "name": "飞虹园", "lng": 117.251971, "lat": 31.854236, "type": "避难所", "subtype": "公园/广场", "address": "五里墩立交桥东北角(三里庵地铁站F口步行290米)", "tel": "", "capacity": 5000, "id": 47 }, "geometry": { "type": "Point", "coordinates": [ 117.251971, 31.854236 ] } },
{ "type": "Feature", "properties": { "name": "常青游园", "lng": 117.272361, "lat": 31.82195, "type": "避难所", "subtype": "公园/广场", "address": "水阳江路", "tel": "", "capacity": 5000, "id": 48 }, "geometry": { "type": "Point", "coordinates": [ 117.272361, 31.82195 ] } },
{ "type": "Feature", "properties": { "name": "四季花海公园C区", "lng": 117.160898, "lat": 31.867499, "type": "避难所", "subtype": "公园/广场", "address": "四季花海公园", "tel": "", "capacity": 5000, "id": 49 }, "geometry": { "type": "Point", "coordinates": [ 117.160898, 31.867499 ] } },
{ "type": "Feature", "properties": { "name": "4AM文体公园", "lng": 117.232843, "lat": 31.832672, "type": "避难所", "subtype": "公园/广场", "address": "南七街道望江西路218号港汇广场A座7楼", "tel": "", "capacity": 5000, "id": 50 }, "geometry": { "type": "Point", "coordinates": [ 117.232843, 31.832672 ] } },
{ "type": "Feature", "properties": { "name": "拾趣园", "lng": 117.24068, "lat": 31.874867, "type": "避难所", "subtype": "公园/广场", "address": "半岛公园内(西侧)", "tel": "", "capacity": 5000, "id": 51 }, "geometry": { "type": "Point", "coordinates": [ 117.24068, 31.874867 ] } },
{ "type": "Feature", "properties": { "name": "桂湖园", "lng": 117.18959, "lat": 31.867393, "type": "避难所", "subtype": "公园/广场", "address": "半岛路与湖光东路交叉口北420米", "tel": "", "capacity": 5000, "id": 52 }, "geometry": { "type": "Point", "coordinates": [ 117.18959, 31.867393 ] } },
{ "type": "Feature", "properties": { "name": "趣玩侏罗纪", "lng": 117.221507, "lat": 31.854504, "type": "避难所", "subtype": "公园/广场", "address": "北京华联长江西路店3层", "tel": "", "capacity": 5000, "id": 53 }, "geometry": { "type": "Point", "coordinates": [ 117.221507, 31.854504 ] } },
{ "type": "Feature", "properties": { "name": "低碳花园", "lng": 117.188763, "lat": 31.845143, "type": "避难所", "subtype": "公园/广场", "address": "玉兰大道99号", "tel": "", "capacity": 5000, "id": 54 }, "geometry": { "type": "Point", "coordinates": [ 117.188763, 31.845143 ] } },
{ "type": "Feature", "properties": { "name": "未来公园", "lng": 117.259512, "lat": 31.816476, "type": "避难所", "subtype": "公园/广场", "address": "南二环路278号", "tel": "", "capacity": 5000, "id": 55 }, "geometry": { "type": "Point", "coordinates": [ 117.259512, 31.816476 ] } },
{ "type": "Feature", "properties": { "name": "悦动公园", "lng": 117.26194, "lat": 31.815265, "type": "避难所", "subtype": "公园/广场", "address": "南二环路263号", "tel": "", "capacity": 5000, "id": 56 }, "geometry": { "type": "Point", "coordinates": [ 117.26194, 31.815265 ] } },
{ "type": "Feature", "properties": { "name": "庐州公园1期", "lng": 117.230053, "lat": 31.885139, "type": "避难所", "subtype": "公园/广场", "address": "林湖路庐州公园", "tel": "0551-63670819", "capacity": 5000, "id": 57 }, "geometry": { "type": "Point", "coordinates": [ 117.230053, 31.885139 ] } },
{ "type": "Feature", "properties": { "name": "庐州公园西区", "lng": 117.213952, "lat": 31.885805, "type": "避难所", "subtype": "公园/广场", "address": "清溪路与西二环交口东庐州公园", "tel": "", "capacity": 5000, "id": 58 }, "geometry": { "type": "Point", "coordinates": [ 117.213952, 31.885805 ] } },
{ "type": "Feature", "properties": { "name": "紫桐公园", "lng": 117.240907, "lat": 31.891811, "type": "避难所", "subtype": "公园/广场", "address": "银杏大街1号附近", "tel": "", "capacity": 5000, "id": 59 }, "geometry": { "type": "Point", "coordinates": [ 117.240907, 31.891811 ] } },
{ "type": "Feature", "properties": { "name": "常青体育公园智能步道", "lng": 117.258776, "lat": 31.820933, "type": "避难所", "subtype": "公园/广场", "address": "常青体育公园", "tel": "", "capacity": 5000, "id": 60 }, "geometry": { "type": "Point", "coordinates": [ 117.258776, 31.820933 ] } },
{ "type": "Feature", "properties": { "name": "南艳湖炮弹厂遗址公园", "lng": 117.263305, "lat": 31.759989, "type": "避难所", "subtype": "公园/广场", "address": "观海路南艳湖公园内(南侧)", "tel": "", "capacity": 5000, "id": 61 }, "geometry": { "type": "Point", "coordinates": [ 117.263305, 31.759989 ] } },
{ "type": "Feature", "properties": { "name": "五里墩法治口袋游园", "lng": 117.249799, "lat": 31.85341, "type": "避难所", "subtype": "公园/广场", "address": "五里墩立交桥与长江西路交叉口西北80米", "tel": "", "capacity": 5000, "id": 62 }, "geometry": { "type": "Point", "coordinates": [ 117.249799, 31.85341 ] } },
{ "type": "Feature", "properties": { "name": "桃花潭公园", "lng": 117.14584, "lat": 31.778498, "type": "避难所", "subtype": "公园/广场", "address": "繁华大道与文山路交汇处", "tel": "", "capacity": 5000, "id": 63 }, "geometry": { "type": "Point", "coordinates": [ 117.14584, 31.778498 ] } },
{ "type": "Feature", "properties": { "name": "淝河生态公园", "lng": 117.315551, "lat": 31.799977, "type": "避难所", "subtype": "公园/广场", "address": "潭渡路与大强路交叉口西南200米", "tel": "", "capacity": 5000, "id": 64 }, "geometry": { "type": "Point", "coordinates": [ 117.315551, 31.799977 ] } },
{ "type": "Feature", "properties": { "name": "小花园", "lng": 117.299412, "lat": 31.86479, "type": "避难所", "subtype": "公园/广场", "address": "环城东路10号(大东门地铁站A口步行160米)", "tel": "", "capacity": 5000, "id": 65 }, "geometry": { "type": "Point", "coordinates": [ 117.299412, 31.86479 ] } },
{ "type": "Feature", "properties": { "name": "雍荣游园", "lng": 117.311646, "lat": 31.816558, "type": "避难所", "subtype": "公园/广场", "address": "歙县路与大强路交叉口东北40米", "tel": "", "capacity": 5000, "id": 66 }, "geometry": { "type": "Point", "coordinates": [ 117.311646, 31.816558 ] } },
{ "type": "Feature", "properties": { "name": "沁芳游园", "lng": 117.269092, "lat": 31.815029, "type": "避难所", "subtype": "公园/广场", "address": "宿松路762号(休宁路地铁站3号口步行370米)", "tel": "", "capacity": 5000, "id": 67 }, "geometry": { "type": "Point", "coordinates": [ 117.269092, 31.815029 ] } },
{ "type": "Feature", "properties": { "name": "包河重点中心", "lng": 117.265352, "lat": 31.824697, "type": "避难所", "subtype": "公园/广场", "address": "牧童路与仰光路交叉口西60米", "tel": "", "capacity": 5000, "id": 68 }, "geometry": { "type": "Point", "coordinates": [ 117.265352, 31.824697 ] } },
{ "type": "Feature", "properties": { "name": "柏堰开放公园", "lng": 117.163251, "lat": 31.790257, "type": "避难所", "subtype": "公园/广场", "address": "宁西路与翠竹路交叉口东北角", "tel": "", "capacity": 5000, "id": 69 }, "geometry": { "type": "Point", "coordinates": [ 117.163251, 31.790257 ] } },
{ "type": "Feature", "properties": { "name": "四里渠滨水公园", "lng": 117.250929, "lat": 31.896911, "type": "避难所", "subtype": "公园/广场", "address": "北二环路高架出口与北二环路交叉口南160米", "tel": "", "capacity": 5000, "id": 70 }, "geometry": { "type": "Point", "coordinates": [ 117.250929, 31.896911 ] } },
{ "type": "Feature", "properties": { "name": "双水公园", "lng": 117.219835, "lat": 31.898802, "type": "避难所", "subtype": "公园/广场", "address": "八公山路与清源路交叉口东北40米", "tel": "", "capacity": 5000, "id": 71 }, "geometry": { "type": "Point", "coordinates": [ 117.219835, 31.898802 ] } },
{ "type": "Feature", "properties": { "name": "河滨游园", "lng": 117.299322, "lat": 31.863307, "type": "避难所", "subtype": "公园/广场", "address": "九狮桥社区长江路河滨园巷", "tel": "", "capacity": 5000, "id": 72 }, "geometry": { "type": "Point", "coordinates": [ 117.299322, 31.863307 ] } },
{ "type": "Feature", "properties": { "name": "信达·天御游园", "lng": 117.265632, "lat": 31.802511, "type": "避难所", "subtype": "公园/广场", "address": "宿松路与阊水路交叉口", "tel": "", "capacity": 5000, "id": 73 }, "geometry": { "type": "Point", "coordinates": [ 117.265632, 31.802511 ] } },
{ "type": "Feature", "properties": { "name": "春台街雕塑艺术公园", "lng": 117.268923, "lat": 31.810296, "type": "避难所", "subtype": "公园/广场", "address": "黟县路合肥绿地中心公馆(薛河地铁站4号口步行210米)", "tel": "", "capacity": 5000, "id": 74 }, "geometry": { "type": "Point", "coordinates": [ 117.268923, 31.810296 ] } },
{ "type": "Feature", "properties": { "name": "蜀山森林公园-梅园", "lng": 117.184924, "lat": 31.83486, "type": "避难所", "subtype": "公园/广场", "address": "大蜀山南麓玉兰大道77号开福禅寺内", "tel": "0551-65313400", "capacity": 5000, "id": 75 }, "geometry": { "type": "Point", "coordinates": [ 117.184924, 31.83486 ] } },
{ "type": "Feature", "properties": { "name": "集贤音乐公园", "lng": 117.182741, "lat": 31.781344, "type": "避难所", "subtype": "公园/广场", "address": "繁华大道1011号", "tel": "", "capacity": 5000, "id": 76 }, "geometry": { "type": "Point", "coordinates": [ 117.182741, 31.781344 ] } },
{ "type": "Feature", "properties": { "name": "蜀西湖公园", "lng": 117.12351, "lat": 31.838379, "type": "避难所", "subtype": "公园/广场", "address": "高新技术产业开发区长宁大道1880号", "tel": "", "capacity": 5000, "id": 77 }, "geometry": { "type": "Point", "coordinates": [ 117.12351, 31.838379 ] } },
{ "type": "Feature", "properties": { "name": "滨河公园", "lng": 117.317153, "lat": 31.846821, "type": "避难所", "subtype": "公园/广场", "address": "铜陵路与滨河路交叉口", "tel": "", "capacity": 5000, "id": 78 }, "geometry": { "type": "Point", "coordinates": [ 117.317153, 31.846821 ] } },
{ "type": "Feature", "properties": { "name": "庐州铁线公园", "lng": 117.262843, "lat": 31.890543, "type": "避难所", "subtype": "公园/广场", "address": "禹王亭路瑞地公馆西南侧", "tel": "", "capacity": 5000, "id": 79 }, "geometry": { "type": "Point", "coordinates": [ 117.262843, 31.890543 ] } },
{ "type": "Feature", "properties": { "name": "大房郢体育公园", "lng": 117.238169, "lat": 31.905496, "type": "避难所", "subtype": "公园/广场", "address": "防汛路", "tel": "", "capacity": 5000, "id": 80 }, "geometry": { "type": "Point", "coordinates": [ 117.238169, 31.905496 ] } },
{ "type": "Feature", "properties": { "name": "口袋公园", "lng": 117.287303, "lat": 31.861094, "type": "避难所", "subtype": "公园/广场", "address": "长江路与徽州大道路口东南角", "tel": "", "capacity": 5000, "id": 81 }, "geometry": { "type": "Point", "coordinates": [ 117.287303, 31.861094 ] } },
{ "type": "Feature", "properties": { "name": "繁华公园", "lng": 117.169277, "lat": 31.773611, "type": "避难所", "subtype": "公园/广场", "address": "汤口路与延乔路交叉口西北200米", "tel": "", "capacity": 5000, "id": 82 }, "geometry": { "type": "Point", "coordinates": [ 117.169277, 31.773611 ] } },
{ "type": "Feature", "properties": { "name": "滨水公园", "lng": 117.317441, "lat": 31.845228, "type": "避难所", "subtype": "公园/广场", "address": "巢湖南路与铜陵路交叉口", "tel": "", "capacity": 5000, "id": 83 }, "geometry": { "type": "Point", "coordinates": [ 117.317441, 31.845228 ] } },
{ "type": "Feature", "properties": { "name": "合肥工业大学翡翠湖校区校内公园", "lng": 117.201687, "lat": 31.772785, "type": "避难所", "subtype": "公园/广场", "address": "香樟西路合肥工业大学(翡翠湖校区)", "tel": "", "capacity": 5000, "id": 84 }, "geometry": { "type": "Point", "coordinates": [ 117.201687, 31.772785 ] } },
{ "type": "Feature", "properties": { "name": "中天左岸公园", "lng": 117.313983, "lat": 31.848001, "type": "避难所", "subtype": "公园/广场", "address": "滨河路附近", "tel": "", "capacity": 5000, "id": 85 }, "geometry": { "type": "Point", "coordinates": [ 117.313983, 31.848001 ] } },
{ "type": "Feature", "properties": { "name": "趣滑滑板公园", "lng": 117.234141, "lat": 31.801398, "type": "避难所", "subtype": "公园/广场", "address": "潜山路天珑广场一楼(榴芒洽洽旁)", "tel": "13955123340", "capacity": 5000, "id": 86 }, "geometry": { "type": "Point", "coordinates": [ 117.234141, 31.801398 ] } },
{ "type": "Feature", "properties": { "name": "藕塘公园", "lng": 117.267017, "lat": 31.890984, "type": "避难所", "subtype": "公园/广场", "address": "界首路与茨河路交叉口西北角", "tel": "", "capacity": 5000, "id": 87 }, "geometry": { "type": "Point", "coordinates": [ 117.267017, 31.890984 ] } },
{ "type": "Feature", "properties": { "name": "匡河公园", "lng": 117.218373, "lat": 31.795439, "type": "避难所", "subtype": "公园/广场", "address": "匡河路与笔架山路交叉口东南100米", "tel": "", "capacity": 5000, "id": 88 }, "geometry": { "type": "Point", "coordinates": [ 117.218373, 31.795439 ] } },
{ "type": "Feature", "properties": { "name": "劳动公园", "lng": 117.261809, "lat": 31.824155, "type": "避难所", "subtype": "公园/广场", "address": "金寨路与水阳江路交口东北角", "tel": "", "capacity": 5000, "id": 89 }, "geometry": { "type": "Point", "coordinates": [ 117.261809, 31.824155 ] } },
{ "type": "Feature", "properties": { "name": "杏花公园", "lng": 117.27305, "lat": 31.869229, "type": "避难所", "subtype": "公园/广场", "address": "三孝口街道淮河西路482号", "tel": "0551-62843790", "capacity": 5000, "id": 90 }, "geometry": { "type": "Point", "coordinates": [ 117.27305, 31.869229 ] } },
{ "type": "Feature", "properties": { "name": "合肥西扩公园", "lng": 117.155609, "lat": 31.84213, "type": "避难所", "subtype": "公园/广场", "address": "枫林路", "tel": "", "capacity": 5000, "id": 91 }, "geometry": { "type": "Point", "coordinates": [ 117.155609, 31.84213 ] } },
{ "type": "Feature", "properties": { "name": "四季花海公园", "lng": 117.161477, "lat": 31.862256, "type": "避难所", "subtype": "公园/广场", "address": "湖光路四季花海城市花园", "tel": "", "capacity": 5000, "id": 92 }, "geometry": { "type": "Point", "coordinates": [ 117.161477, 31.862256 ] } },
{ "type": "Feature", "properties": { "name": "清溪环保园", "lng": 117.229701, "lat": 31.875389, "type": "避难所", "subtype": "公园/广场", "address": "清溪路与十里店路交叉口西北160米", "tel": "", "capacity": 5000, "id": 93 }, "geometry": { "type": "Point", "coordinates": [ 117.229701, 31.875389 ] } },
{ "type": "Feature", "properties": { "name": "法制口袋公园", "lng": 117.194684, "lat": 31.78862, "type": "避难所", "subtype": "公园/广场", "address": "书箱路与芙蓉路交叉口东北60米", "tel": "", "capacity": 5000, "id": 94 }, "geometry": { "type": "Point", "coordinates": [ 117.194684, 31.78862 ] } },
{ "type": "Feature", "properties": { "name": "古逍遥津-游园", "lng": 117.297826, "lat": 31.866315, "type": "避难所", "subtype": "公园/广场", "address": "寿春路16号", "tel": "0551-62614651;0551-62654575", "capacity": 5000, "id": 95 }, "geometry": { "type": "Point", "coordinates": [ 117.297826, 31.866315 ] } },
{ "type": "Feature", "properties": { "name": "墨荷园(不对外开放)", "lng": 117.217883, "lat": 31.897286, "type": "避难所", "subtype": "公园/广场", "address": "大杨镇北二环与怀宁路交口", "tel": "", "capacity": 5000, "id": 96 }, "geometry": { "type": "Point", "coordinates": [ 117.217883, 31.897286 ] } },
{ "type": "Feature", "properties": { "name": "锦绣湖公园(建设中)", "lng": 117.292064, "lat": 31.767403, "type": "避难所", "subtype": "公园/广场", "address": "青海路", "tel": "", "capacity": 5000, "id": 97 }, "geometry": { "type": "Point", "coordinates": [ 117.292064, 31.767403 ] } },
{ "type": "Feature", "properties": { "name": "桃花口袋公园", "lng": 117.154828, "lat": 31.798894, "type": "避难所", "subtype": "公园/广场", "address": "菖蒲路", "tel": "", "capacity": 5000, "id": 98 }, "geometry": { "type": "Point", "coordinates": [ 117.154828, 31.798894 ] } },
{ "type": "Feature", "properties": { "name": "易商数码口袋公园(建设中)", "lng": 117.17095, "lat": 31.802674, "type": "避难所", "subtype": "公园/广场", "address": "杭埠路与明珠路交口西南角", "tel": "", "capacity": 5000, "id": 99 }, "geometry": { "type": "Point", "coordinates": [ 117.17095, 31.802674 ] } },
{ "type": "Feature", "properties": { "name": "海棠公园", "lng": 117.263449, "lat": 31.896628, "type": "避难所", "subtype": "公园/广场", "address": "公园路58号附近", "tel": "", "capacity": 5000, "id": 100 }, "geometry": { "type": "Point", "coordinates": [ 117.263449, 31.896628 ] } },
{ "type": "Feature", "properties": { "name": "中国铁建·国际城湿地公园", "lng": 117.244781, "lat": 31.899748, "type": "避难所", "subtype": "公园/广场", "address": "砀山路中国铁建国际城湿地公园(近中铁国际城)", "tel": "", "capacity": 5000, "id": 101 }, "geometry": { "type": "Point", "coordinates": [ 117.244781, 31.899748 ] } },
{ "type": "Feature", "properties": { "name": "繁昌路体育公园", "lng": 117.313376, "lat": 31.852996, "type": "避难所", "subtype": "公园/广场", "address": "繁昌路集贸市场对面", "tel": "", "capacity": 5000, "id": 102 }, "geometry": { "type": "Point", "coordinates": [ 117.313376, 31.852996 ] } },
{ "type": "Feature", "properties": { "name": "花冲公园", "lng": 117.330729, "lat": 31.864518, "type": "避难所", "subtype": "公园/广场", "address": "长江东路593号", "tel": "0551-64485748", "capacity": 5000, "id": 103 }, "geometry": { "type": "Point", "coordinates": [ 117.330729, 31.864518 ] } },
{ "type": "Feature", "properties": { "name": "江淮风情园", "lng": 117.251228, "lat": 31.873992, "type": "避难所", "subtype": "公园/广场", "address": "西一环路与四里河立交桥交叉口东南100米", "tel": "", "capacity": 5000, "id": 104 }, "geometry": { "type": "Point", "coordinates": [ 117.251228, 31.873992 ] } },
{ "type": "Feature", "properties": { "name": "蜀麓公园", "lng": 117.160687, "lat": 31.864484, "type": "避难所", "subtype": "公园/广场", "address": "湖光路", "tel": "", "capacity": 5000, "id": 105 }, "geometry": { "type": "Point", "coordinates": [ 117.160687, 31.864484 ] } },
{ "type": "Feature", "properties": { "name": "瑶海公园", "lng": 117.315635, "lat": 31.892027, "type": "避难所", "subtype": "公园/广场", "address": "新蚌埠路与北二环路交叉口", "tel": "", "capacity": 5000, "id": 106 }, "geometry": { "type": "Point", "coordinates": [ 117.315635, 31.892027 ] } },
{ "type": "Feature", "properties": { "name": "罍街公园A区", "lng": 117.298611, "lat": 31.816856, "type": "避难所", "subtype": "公园/广场", "address": "罍街公园内(东侧)", "tel": "", "capacity": 5000, "id": 107 }, "geometry": { "type": "Point", "coordinates": [ 117.298611, 31.816856 ] } },
{ "type": "Feature", "properties": { "name": "健身公园", "lng": 117.162948, "lat": 31.859136, "type": "避难所", "subtype": "公园/广场", "address": "湖光路四季花海城市公园B区", "tel": "", "capacity": 5000, "id": 108 }, "geometry": { "type": "Point", "coordinates": [ 117.162948, 31.859136 ] } },
{ "type": "Feature", "properties": { "name": "四里河滨水湿地公园", "lng": 117.244538, "lat": 31.897762, "type": "避难所", "subtype": "公园/广场", "address": "砀山路", "tel": "", "capacity": 5000, "id": 109 }, "geometry": { "type": "Point", "coordinates": [ 117.244538, 31.897762 ] } },
{ "type": "Feature", "properties": { "name": "滨湖塘西河公园", "lng": 117.302804, "lat": 31.72811, "type": "避难所", "subtype": "公园/广场", "address": "中山路与庐州大道交汇处", "tel": "", "capacity": 5000, "id": 110 }, "geometry": { "type": "Point", "coordinates": [ 117.302804, 31.72811 ] } },
{ "type": "Feature", "properties": { "name": "蜀山城市运动公园", "lng": 117.143118, "lat": 31.877387, "type": "避难所", "subtype": "公园/广场", "address": "激水路与山茶路交口东北角", "tel": "", "capacity": 5000, "id": 111 }, "geometry": { "type": "Point", "coordinates": [ 117.143118, 31.877387 ] } },
{ "type": "Feature", "properties": { "name": "四里河滨水生态公园北区", "lng": 117.251509, "lat": 31.894804, "type": "避难所", "subtype": "公园/广场", "address": "四里河滨水生态公园内(北侧)", "tel": "", "capacity": 5000, "id": 112 }, "geometry": { "type": "Point", "coordinates": [ 117.251509, 31.894804 ] } },
{ "type": "Feature", "properties": { "name": "淝河智慧公园", "lng": 117.327494, "lat": 31.81202, "type": "避难所", "subtype": "公园/广场", "address": "北京路与龙川路交叉口翡翠天际附近", "tel": "", "capacity": 5000, "id": 113 }, "geometry": { "type": "Point", "coordinates": [ 117.327494, 31.81202 ] } },
{ "type": "Feature", "properties": { "name": "跃动公园", "lng": 117.313245, "lat": 31.833392, "type": "避难所", "subtype": "公园/广场", "address": "至德路与万罗山路交口", "tel": "", "capacity": 5000, "id": 114 }, "geometry": { "type": "Point", "coordinates": [ 117.313245, 31.833392 ] } },
{ "type": "Feature", "properties": { "name": "南淝河码头公园", "lng": 117.340735, "lat": 31.832855, "type": "避难所", "subtype": "公园/广场", "address": "上海路与郎溪路之间", "tel": "", "capacity": 5000, "id": 115 }, "geometry": { "type": "Point", "coordinates": [ 117.340735, 31.832855 ] } },
{ "type": "Feature", "properties": { "name": "口袋体育公园", "lng": 117.191, "lat": 31.855793, "type": "避难所", "subtype": "公园/广场", "address": "半岛路13号", "tel": "", "capacity": 5000, "id": 116 }, "geometry": { "type": "Point", "coordinates": [ 117.191, 31.855793 ] } },
{ "type": "Feature", "properties": { "name": "万科·璞拾公园", "lng": 117.250893, "lat": 31.889505, "type": "避难所", "subtype": "公园/广场", "address": "迎松路与大房郢路交叉口西160米", "tel": "", "capacity": 5000, "id": 117 }, "geometry": { "type": "Point", "coordinates": [ 117.250893, 31.889505 ] } },
{ "type": "Feature", "properties": { "name": "菱湖公园", "lng": 117.274102, "lat": 31.920844, "type": "避难所", "subtype": "公园/广场", "address": "灵溪路与制气厂路交叉口西北角", "tel": "", "capacity": 5000, "id": 118 }, "geometry": { "type": "Point", "coordinates": [ 117.274102, 31.920844 ] } },
{ "type": "Feature", "properties": { "name": "中海上东区街角公园", "lng": 117.273923, "lat": 31.786267, "type": "避难所", "subtype": "公园/广场", "address": "繁华大道辅路与芳庭路交叉口西100米", "tel": "", "capacity": 5000, "id": 119 }, "geometry": { "type": "Point", "coordinates": [ 117.273923, 31.786267 ] } },
{ "type": "Feature", "properties": { "name": "火车口袋公园", "lng": 117.304628, "lat": 31.871297, "type": "避难所", "subtype": "公园/广场", "address": "淮南路与淮吾路交口东南角", "tel": "", "capacity": 5000, "id": 120 }, "geometry": { "type": "Point", "coordinates": [ 117.304628, 31.871297 ] } },
{ "type": "Feature", "properties": { "name": "合肥三国新城遗址公园(暂停开放)", "lng": 117.131487, "lat": 31.911309, "type": "避难所", "subtype": "公园/广场", "address": "三十岗乡公园路1号", "tel": "0551-65900996", "capacity": 5000, "id": 121 }, "geometry": { "type": "Point", "coordinates": [ 117.131487, 31.911309 ] } },
{ "type": "Feature", "properties": { "name": "合肥生态公园", "lng": 117.330006, "lat": 31.891498, "type": "避难所", "subtype": "公园/广场", "address": "瑶海工业区二环路(铜陵北路口)", "tel": "", "capacity": 5000, "id": 122 }, "geometry": { "type": "Point", "coordinates": [ 117.330006, 31.891498 ] } },
{ "type": "Feature", "properties": { "name": "塘西河公园沙滩公园", "lng": 117.295256, "lat": 31.728558, "type": "避难所", "subtype": "公园/广场", "address": "中山路(合肥滨湖体育公园)", "tel": "", "capacity": 5000, "id": 123 }, "geometry": { "type": "Point", "coordinates": [ 117.295256, 31.728558 ] } },
{ "type": "Feature", "properties": { "name": "骆岗公园翠澜驿", "lng": 117.295775, "lat": 31.777384, "type": "避难所", "subtype": "公园/广场", "address": "花园大道999号", "tel": "", "capacity": 5000, "id": 124 }, "geometry": { "type": "Point", "coordinates": [ 117.295775, 31.777384 ] } },
{ "type": "Feature", "properties": { "name": "瑶海区滨河公园", "lng": 117.347032, "lat": 31.832947, "type": "避难所", "subtype": "公园/广场", "address": "广德路,郎溪路,南淝河,滨河路围合", "tel": "", "capacity": 5000, "id": 125 }, "geometry": { "type": "Point", "coordinates": [ 117.347032, 31.832947 ] } },
{ "type": "Feature", "properties": { "name": "口袋公园", "lng": 117.295927, "lat": 31.862574, "type": "避难所", "subtype": "公园/广场", "address": "九狮桥街路口东侧", "tel": "", "capacity": 5000, "id": 126 }, "geometry": { "type": "Point", "coordinates": [ 117.295927, 31.862574 ] } },
{ "type": "Feature", "properties": { "name": "古埂公园", "lng": 117.174966, "lat": 31.714667, "type": "避难所", "subtype": "公园/广场", "address": "龙飞明珠花园110号", "tel": "", "capacity": 5000, "id": 127 }, "geometry": { "type": "Point", "coordinates": [ 117.174966, 31.714667 ] } },
{ "type": "Feature", "properties": { "name": "方兴湖公园", "lng": 117.324038, "lat": 31.724051, "type": "避难所", "subtype": "公园/广场", "address": "义城街道包河大道", "tel": "", "capacity": 5000, "id": 128 }, "geometry": { "type": "Point", "coordinates": [ 117.324038, 31.724051 ] } },
{ "type": "Feature", "properties": { "name": "贡街公园", "lng": 117.330051, "lat": 31.792692, "type": "避难所", "subtype": "公园/广场", "address": "河北路与繁华大道辅路交叉口南220米", "tel": "", "capacity": 5000, "id": 129 }, "geometry": { "type": "Point", "coordinates": [ 117.330051, 31.792692 ] } },
{ "type": "Feature", "properties": { "name": "金斗公园", "lng": 117.293239, "lat": 31.713156, "type": "避难所", "subtype": "公园/广场", "address": "广西路与方兴大道交口", "tel": "", "capacity": 5000, "id": 130 }, "geometry": { "type": "Point", "coordinates": [ 117.293239, 31.713156 ] } },
{ "type": "Feature", "properties": { "name": "四里渠东路公园", "lng": 117.249811, "lat": 31.897602, "type": "避难所", "subtype": "公园/广场", "address": "四里渠滨水公园(西北角)", "tel": "", "capacity": 5000, "id": 131 }, "geometry": { "type": "Point", "coordinates": [ 117.249811, 31.897602 ] } },
{ "type": "Feature", "properties": { "name": "长安时光口袋游园", "lng": 117.162924, "lat": 31.795489, "type": "避难所", "subtype": "公园/广场", "address": "铭传路与翠竹路交口东北角", "tel": "", "capacity": 5000, "id": 132 }, "geometry": { "type": "Point", "coordinates": [ 117.162924, 31.795489 ] } },
{ "type": "Feature", "properties": { "name": "紫云湖公园", "lng": 117.116277, "lat": 31.749807, "type": "避难所", "subtype": "公园/广场", "address": "044县道", "tel": "", "capacity": 5000, "id": 133 }, "geometry": { "type": "Point", "coordinates": [ 117.116277, 31.749807 ] } },
{ "type": "Feature", "properties": { "name": "欢肆公园", "lng": 117.140269, "lat": 31.815566, "type": "避难所", "subtype": "公园/广场", "address": "龙湖合肥欢肆(复兴集地铁站C口步行430米)", "tel": "", "capacity": 5000, "id": 134 }, "geometry": { "type": "Point", "coordinates": [ 117.140269, 31.815566 ] } },
{ "type": "Feature", "properties": { "name": "塘西河体育公园", "lng": 117.292065, "lat": 31.729491, "type": "避难所", "subtype": "公园/广场", "address": "广西路滨湖新区滨湖轮滑场", "tel": "", "capacity": 5000, "id": 135 }, "geometry": { "type": "Point", "coordinates": [ 117.292065, 31.729491 ] } },
{ "type": "Feature", "properties": { "name": "云川公园", "lng": 117.276533, "lat": 31.713869, "type": "避难所", "subtype": "公园/广场", "address": "云谷路辅路与四川路交叉口东北100米", "tel": "", "capacity": 5000, "id": 136 }, "geometry": { "type": "Point", "coordinates": [ 117.276533, 31.713869 ] } },
{ "type": "Feature", "properties": { "name": "陶冲湖公园", "lng": 117.329885, "lat": 31.931233, "type": "避难所", "subtype": "公园/广场", "address": "新蚌埠路附近", "tel": "", "capacity": 5000, "id": 137 }, "geometry": { "type": "Point", "coordinates": [ 117.329885, 31.931233 ] } },
{ "type": "Feature", "properties": { "name": "紫云山公园", "lng": 117.329262, "lat": 31.739293, "type": "避难所", "subtype": "公园/广场", "address": "紫云路与徽富路交叉口", "tel": "", "capacity": 5000, "id": 138 }, "geometry": { "type": "Point", "coordinates": [ 117.329262, 31.739293 ] } },
{ "type": "Feature", "properties": { "name": "青年创意田园", "lng": 117.381275, "lat": 31.857225, "type": "避难所", "subtype": "公园/广场", "address": "龙岗路南150米", "tel": "", "capacity": 5000, "id": 139 }, "geometry": { "type": "Point", "coordinates": [ 117.381275, 31.857225 ] } },
{ "type": "Feature", "properties": { "name": "唐桥公园", "lng": 117.333088, "lat": 31.846185, "type": "避难所", "subtype": "公园/广场", "address": "东二环路辅路与裕溪路交叉口南280米", "tel": "", "capacity": 5000, "id": 140 }, "geometry": { "type": "Point", "coordinates": [ 117.333088, 31.846185 ] } },
{ "type": "Feature", "properties": { "name": "新海公园", "lng": 117.344874, "lat": 31.897272, "type": "避难所", "subtype": "公园/广场", "address": "当涂北路与新海大道交叉口东北角", "tel": "", "capacity": 5000, "id": 141 }, "geometry": { "type": "Point", "coordinates": [ 117.344874, 31.897272 ] } },
{ "type": "Feature", "properties": { "name": "汊东渠公园", "lng": 117.19097, "lat": 31.856021, "type": "避难所", "subtype": "公园/广场", "address": "半岛路与荷花路交叉口北160米", "tel": "", "capacity": 5000, "id": 142 }, "geometry": { "type": "Point", "coordinates": [ 117.19097, 31.856021 ] } },
{ "type": "Feature", "properties": { "name": "派园", "lng": 117.172898, "lat": 31.702246, "type": "避难所", "subtype": "公园/广场", "address": "三河路与芮祠路交叉口东240米", "tel": "", "capacity": 5000, "id": 143 }, "geometry": { "type": "Point", "coordinates": [ 117.172898, 31.702246 ] } },
{ "type": "Feature", "properties": { "name": "隆岗柳荫", "lng": 117.321404, "lat": 31.844756, "type": "避难所", "subtype": "公园/广场", "address": "隆岗街与滨河路交叉口", "tel": "", "capacity": 5000, "id": 144 }, "geometry": { "type": "Point", "coordinates": [ 117.321404, 31.844756 ] } },
{ "type": "Feature", "properties": { "name": "天山公园", "lng": 117.295928, "lat": 31.735291, "type": "避难所", "subtype": "公园/广场", "address": "天山路与洞庭湖路交叉口", "tel": "", "capacity": 5000, "id": 145 }, "geometry": { "type": "Point", "coordinates": [ 117.295928, 31.735291 ] } },
{ "type": "Feature", "properties": { "name": "安徽英利奥体育公园", "lng": 117.279662, "lat": 31.926978, "type": "避难所", "subtype": "公园/广场", "address": "阜阳北路962号(庐阳经开区地铁站A口步行410米)", "tel": "", "capacity": 5000, "id": 146 }, "geometry": { "type": "Point", "coordinates": [ 117.279662, 31.926978 ] } },
{ "type": "Feature", "properties": { "name": "蜀山城市运动公园(西区)", "lng": 117.138873, "lat": 31.877416, "type": "避难所", "subtype": "公园/广场", "address": "玉蕾路以东、激水路以北、山茶路以西、迎真路以南", "tel": "", "capacity": 5000, "id": 147 }, "geometry": { "type": "Point", "coordinates": [ 117.138873, 31.877416 ] } },
{ "type": "Feature", "properties": { "name": "香樟口袋游园(建设中)", "lng": 117.187559, "lat": 31.807951, "type": "避难所", "subtype": "公园/广场", "address": "香樟大道与长安路交口西北角", "tel": "", "capacity": 5000, "id": 148 }, "geometry": { "type": "Point", "coordinates": [ 117.187559, 31.807951 ] } },
{ "type": "Feature", "properties": { "name": "合肥巢湖湖滨国家湿地公园", "lng": 117.346071, "lat": 31.714874, "type": "避难所", "subtype": "公园/广场", "address": "义城街道环湖北路", "tel": "", "capacity": 5000, "id": 149 }, "geometry": { "type": "Point", "coordinates": [ 117.346071, 31.714874 ] } },
{ "type": "Feature", "properties": { "name": "瑶海湾湿地公园", "lng": 117.387765, "lat": 31.846976, "type": "避难所", "subtype": "公园/广场", "address": "青洛河路与王岗路交叉口西南440米", "tel": "", "capacity": 5000, "id": 150 }, "geometry": { "type": "Point", "coordinates": [ 117.387765, 31.846976 ] } },
{ "type": "Feature", "properties": { "name": "潭冲河湿地公园", "lng": 117.167266, "lat": 31.706238, "type": "避难所", "subtype": "公园/广场", "address": "潭冲路", "tel": "", "capacity": 5000, "id": 151 }, "geometry": { "type": "Point", "coordinates": [ 117.167266, 31.706238 ] } },
{ "type": "Feature", "properties": { "name": "云谷体育公园", "lng": 117.265034, "lat": 31.711582, "type": "避难所", "subtype": "公园/广场", "address": "云南路与云谷路辅路交叉口东南100米", "tel": "", "capacity": 5000, "id": 152 }, "geometry": { "type": "Point", "coordinates": [ 117.265034, 31.711582 ] } },
{ "type": "Feature", "properties": { "name": "清河路体育公园", "lng": 117.260899, "lat": 31.928116, "type": "避难所", "subtype": "公园/广场", "address": "蒙城北路东", "tel": "", "capacity": 5000, "id": 153 }, "geometry": { "type": "Point", "coordinates": [ 117.260899, 31.928116 ] } },
{ "type": "Feature", "properties": { "name": "滨湖明珠体育公园", "lng": 117.283397, "lat": 31.742973, "type": "避难所", "subtype": "公园/广场", "address": "紫云路与峨眉山路交口", "tel": "", "capacity": 5000, "id": 154 }, "geometry": { "type": "Point", "coordinates": [ 117.283397, 31.742973 ] } },
{ "type": "Feature", "properties": { "name": "那一家零食公园", "lng": 117.218991, "lat": 31.765449, "type": "避难所", "subtype": "公园/广场", "address": "青龙潭路与仙女路交叉口东北120米", "tel": "18656359685", "capacity": 5000, "id": 155 }, "geometry": { "type": "Point", "coordinates": [ 117.218991, 31.765449 ] } },
{ "type": "Feature", "properties": { "name": "裕丰花市体育公园", "lng": 117.311144, "lat": 31.85305, "type": "避难所", "subtype": "公园/广场", "address": "裕溪路1583号", "tel": "", "capacity": 5000, "id": 156 }, "geometry": { "type": "Point", "coordinates": [ 117.311144, 31.85305 ] } },
{ "type": "Feature", "properties": { "name": "龙栖地湿地公园", "lng": 117.387359, "lat": 31.819012, "type": "避难所", "subtype": "公园/广场", "address": "龙栖路", "tel": "", "capacity": 5000, "id": 157 }, "geometry": { "type": "Point", "coordinates": [ 117.387359, 31.819012 ] } },
{ "type": "Feature", "properties": { "name": "安徽大学(磬苑校区)-自然公园", "lng": 117.186481, "lat": 31.761705, "type": "避难所", "subtype": "公园/广场", "address": "至诚大道与独秀大道交叉口南160米", "tel": "", "capacity": 5000, "id": 158 }, "geometry": { "type": "Point", "coordinates": [ 117.186481, 31.761705 ] } },
{ "type": "Feature", "properties": { "name": "天水体育公园", "lng": 117.334039, "lat": 31.908571, "type": "避难所", "subtype": "公园/广场", "address": "铜陵北路与天水路交口", "tel": "", "capacity": 5000, "id": 159 }, "geometry": { "type": "Point", "coordinates": [ 117.334039, 31.908571 ] } },
{ "type": "Feature", "properties": { "name": "鲨鱼公园", "lng": 117.278097, "lat": 31.885819, "type": "避难所", "subtype": "公园/广场", "address": "蒙城路和煦园(海棠地铁站5号口步行80米)", "tel": "", "capacity": 5000, "id": 160 }, "geometry": { "type": "Point", "coordinates": [ 117.278097, 31.885819 ] } },
{ "type": "Feature", "properties": { "name": "长江中路游园", "lng": 117.2866, "lat": 31.861207, "type": "避难所", "subtype": "公园/广场", "address": "长江中路与徽州大道交叉口西南角", "tel": "", "capacity": 5000, "id": 161 }, "geometry": { "type": "Point", "coordinates": [ 117.2866, 31.861207 ] } },
{ "type": "Feature", "properties": { "name": "庐州公园一期-东入口小公园", "lng": 117.23494, "lat": 31.886079, "type": "避难所", "subtype": "公园/广场", "address": "林湖路庐州公园一期", "tel": "0551-63670819", "capacity": 5000, "id": 162 }, "geometry": { "type": "Point", "coordinates": [ 117.23494, 31.886079 ] } },
{ "type": "Feature", "properties": { "name": "双拥园", "lng": 117.258936, "lat": 31.821196, "type": "避难所", "subtype": "公园/广场", "address": "休宁路与金寨路交叉口东北角", "tel": "", "capacity": 5000, "id": 163 }, "geometry": { "type": "Point", "coordinates": [ 117.258936, 31.821196 ] } },
{ "type": "Feature", "properties": { "name": "北涝圩湿地", "lng": 117.254708, "lat": 31.695021, "type": "避难所", "subtype": "公园/广场", "address": "珠江路附近", "tel": "", "capacity": 5000, "id": 164 }, "geometry": { "type": "Point", "coordinates": [ 117.254708, 31.695021 ] } },
{ "type": "Feature", "properties": { "name": "下凹绿地", "lng": 117.297676, "lat": 31.786295, "type": "避难所", "subtype": "公园/广场", "address": "大连路与庐州大道交叉口西440米", "tel": "", "capacity": 5000, "id": 165 }, "geometry": { "type": "Point", "coordinates": [ 117.297676, 31.786295 ] } },
{ "type": "Feature", "properties": { "name": "丽景湖公园", "lng": 117.174582, "lat": 31.711946, "type": "避难所", "subtype": "公园/广场", "address": "潭冲路潭冲河湿地公园", "tel": "", "capacity": 5000, "id": 166 }, "geometry": { "type": "Point", "coordinates": [ 117.174582, 31.711946 ] } },
{ "type": "Feature", "properties": { "name": "安徽庐阳董铺国家湿地公园", "lng": 117.142806, "lat": 31.919739, "type": "避难所", "subtype": "公园/广场", "address": "三国城路南侧", "tel": "", "capacity": 5000, "id": 167 }, "geometry": { "type": "Point", "coordinates": [ 117.142806, 31.919739 ] } },
{ "type": "Feature", "properties": { "name": "合肥淮北路公园", "lng": 117.284133, "lat": 31.911318, "type": "避难所", "subtype": "公园/广场", "address": "淮北路与阜阳北路交叉口东80米", "tel": "", "capacity": 5000, "id": 168 }, "geometry": { "type": "Point", "coordinates": [ 117.284133, 31.911318 ] } },
{ "type": "Feature", "properties": { "name": "新华口袋公园", "lng": 117.281166, "lat": 31.861563, "type": "避难所", "subtype": "公园/广场", "address": "长江中路新华巷(三孝口地铁站B口步行460米)", "tel": "", "capacity": 5000, "id": 169 }, "geometry": { "type": "Point", "coordinates": [ 117.281166, 31.861563 ] } },
{ "type": "Feature", "properties": { "name": "肥光口袋公园", "lng": 117.18188, "lat": 31.739253, "type": "避难所", "subtype": "公园/广场", "address": "金寨路与紫石路交口", "tel": "", "capacity": 5000, "id": 170 }, "geometry": { "type": "Point", "coordinates": [ 117.18188, 31.739253 ] } },
{ "type": "Feature", "properties": { "name": "派河健康主题公园", "lng": 117.173562, "lat": 31.723499, "type": "避难所", "subtype": "公园/广场", "address": "上派镇包公路桥北桥头", "tel": "", "capacity": 5000, "id": 171 }, "geometry": { "type": "Point", "coordinates": [ 117.173562, 31.723499 ] } },
{ "type": "Feature", "properties": { "name": "庐州公园-健康主题公园", "lng": 117.233738, "lat": 31.885817, "type": "避难所", "subtype": "公园/广场", "address": "冬青街与紫荆街交叉口西20米", "tel": "0551-63670819", "capacity": 5000, "id": 172 }, "geometry": { "type": "Point", "coordinates": [ 117.233738, 31.885817 ] } },
{ "type": "Feature", "properties": { "name": "塘西河公园绿道", "lng": 117.286752, "lat": 31.729254, "type": "避难所", "subtype": "公园/广场", "address": "徽州大道辅路与中山路交叉口南220米", "tel": "", "capacity": 5000, "id": 173 }, "geometry": { "type": "Point", "coordinates": [ 117.286752, 31.729254 ] } },
{ "type": "Feature", "properties": { "name": "莲花公园", "lng": 117.228302, "lat": 31.697631, "type": "避难所", "subtype": "公园/广场", "address": "莲花路", "tel": "", "capacity": 5000, "id": 174 }, "geometry": { "type": "Point", "coordinates": [ 117.228302, 31.697631 ] } },
{ "type": "Feature", "properties": { "name": "瓜牛童心田园", "lng": 117.139087, "lat": 31.92463, "type": "避难所", "subtype": "公园/广场", "address": "三十岗乡合三国城路198号庐阳区三十岗生态农业旅游区(东南角)", "tel": "0551-62611766", "capacity": 5000, "id": 175 }, "geometry": { "type": "Point", "coordinates": [ 117.139087, 31.92463 ] } },
{ "type": "Feature", "properties": { "name": "塘西河-雨水公园", "lng": 117.291285, "lat": 31.729848, "type": "避难所", "subtype": "公园/广场", "address": "广西路滨湖塘西河公园(西侧)", "tel": "", "capacity": 5000, "id": 176 }, "geometry": { "type": "Point", "coordinates": [ 117.291285, 31.729848 ] } },
{ "type": "Feature", "properties": { "name": "新安江公园", "lng": 117.343912, "lat": 31.862619, "type": "避难所", "subtype": "公园/广场", "address": "新安江路246号", "tel": "", "capacity": 5000, "id": 177 }, "geometry": { "type": "Point", "coordinates": [ 117.343912, 31.862619 ] } },
{ "type": "Feature", "properties": { "name": "新站区铁路生态公园", "lng": 117.325032, "lat": 31.926869, "type": "避难所", "subtype": "公园/广场", "address": "新蚌埠路与涂山路交叉口东北160米", "tel": "", "capacity": 5000, "id": 178 }, "geometry": { "type": "Point", "coordinates": [ 117.325032, 31.926869 ] } },
{ "type": "Feature", "properties": { "name": "兰园", "lng": 117.263347, "lat": 31.93878, "type": "避难所", "subtype": "公园/广场", "address": "庐阳工业园兰园(太和路西)", "tel": "", "capacity": 5000, "id": 179 }, "geometry": { "type": "Point", "coordinates": [ 117.263347, 31.93878 ] } },
{ "type": "Feature", "properties": { "name": "流香游园", "lng": 117.214294, "lat": 31.874438, "type": "避难所", "subtype": "公园/广场", "address": "西二环路辅路与清溪路交叉口东南100米", "tel": "", "capacity": 5000, "id": 180 }, "geometry": { "type": "Point", "coordinates": [ 117.214294, 31.874438 ] } },
{ "type": "Feature", "properties": { "name": "月亮湾公园", "lng": 117.384295, "lat": 31.858667, "type": "避难所", "subtype": "公园/广场", "address": "新安江路", "tel": "", "capacity": 5000, "id": 181 }, "geometry": { "type": "Point", "coordinates": [ 117.384295, 31.858667 ] } },
{ "type": "Feature", "properties": { "name": "鸭林冲游园", "lng": 117.306823, "lat": 31.888271, "type": "避难所", "subtype": "公园/广场", "address": "新蚌埠路与站前路交叉口西南60米", "tel": "", "capacity": 5000, "id": 182 }, "geometry": { "type": "Point", "coordinates": [ 117.306823, 31.888271 ] } },
{ "type": "Feature", "properties": { "name": "华山公园", "lng": 117.310123, "lat": 31.741509, "type": "避难所", "subtype": "公园/广场", "address": "紫云路辅路与华山路交叉口西北80米", "tel": "", "capacity": 5000, "id": 183 }, "geometry": { "type": "Point", "coordinates": [ 117.310123, 31.741509 ] } },
{ "type": "Feature", "properties": { "name": "金斗体育公园", "lng": 117.292317, "lat": 31.700872, "type": "避难所", "subtype": "公园/广场", "address": "广西路与嘉陵江路交叉口南100米", "tel": "", "capacity": 5000, "id": 184 }, "geometry": { "type": "Point", "coordinates": [ 117.292317, 31.700872 ] } },
{ "type": "Feature", "properties": { "name": "潭冲河走廊公园", "lng": 117.180214, "lat": 31.711466, "type": "避难所", "subtype": "公园/广场", "address": "仪武路与冬融路交叉口西南120米", "tel": "", "capacity": 5000, "id": 185 }, "geometry": { "type": "Point", "coordinates": [ 117.180214, 31.711466 ] } },
{ "type": "Feature", "properties": { "name": "先锋游园", "lng": 117.312244, "lat": 31.880009, "type": "避难所", "subtype": "公园/广场", "address": "中环国际广场(合肥火车站地铁站C口步行450米)", "tel": "", "capacity": 5000, "id": 186 }, "geometry": { "type": "Point", "coordinates": [ 117.312244, 31.880009 ] } },
{ "type": "Feature", "properties": { "name": "二十埠河中游湿地", "lng": 117.378891, "lat": 31.8535, "type": "避难所", "subtype": "公园/广场", "address": "慈湖路与捉月台路交叉口西南180米", "tel": "", "capacity": 5000, "id": 187 }, "geometry": { "type": "Point", "coordinates": [ 117.378891, 31.8535 ] } },
{ "type": "Feature", "properties": { "name": "学林体育公园", "lng": 117.384559, "lat": 31.905193, "type": "避难所", "subtype": "公园/广场", "address": "岱河路与梦溪路交叉口西260米", "tel": "", "capacity": 5000, "id": 188 }, "geometry": { "type": "Point", "coordinates": [ 117.384559, 31.905193 ] } },
{ "type": "Feature", "properties": { "name": "合肥滨湖体育公园", "lng": 117.298235, "lat": 31.72995, "type": "避难所", "subtype": "公园/广场", "address": "中山路", "tel": "", "capacity": 5000, "id": 189 }, "geometry": { "type": "Point", "coordinates": [ 117.298235, 31.72995 ] } },
{ "type": "Feature", "properties": { "name": "樱花主题游园(建设中)", "lng": 117.128579, "lat": 31.822439, "type": "避难所", "subtype": "公园/广场", "address": "习友路与创新院支路交口", "tel": "", "capacity": 5000, "id": 190 }, "geometry": { "type": "Point", "coordinates": [ 117.128579, 31.822439 ] } },
{ "type": "Feature", "properties": { "name": "陈俊愉手植梅名木公园", "lng": 117.204908, "lat": 31.876455, "type": "避难所", "subtype": "公园/广场", "address": "环湖东路123号合肥植物园(东北角)", "tel": "", "capacity": 5000, "id": 191 }, "geometry": { "type": "Point", "coordinates": [ 117.204908, 31.876455 ] } },
{ "type": "Feature", "properties": { "name": "城东游园", "lng": 117.335129, "lat": 31.849213, "type": "避难所", "subtype": "公园/广场", "address": "合裕路1020号", "tel": "", "capacity": 5000, "id": 192 }, "geometry": { "type": "Point", "coordinates": [ 117.335129, 31.849213 ] } },
{ "type": "Feature", "properties": { "name": "活力橙公园", "lng": 117.32312, "lat": 31.831481, "type": "避难所", "subtype": "公园/广场", "address": "南淝河路与香隅路交叉口南240米", "tel": "", "capacity": 5000, "id": 193 }, "geometry": { "type": "Point", "coordinates": [ 117.32312, 31.831481 ] } },
{ "type": "Feature", "properties": { "name": "娘娘池", "lng": 117.281115, "lat": 31.872196, "type": "避难所", "subtype": "公园/广场", "address": "环城公园北路与六安路交叉口西南260米", "tel": "", "capacity": 5000, "id": 194 }, "geometry": { "type": "Point", "coordinates": [ 117.281115, 31.872196 ] } },
{ "type": "Feature", "properties": { "name": "黄巷村幸福游园", "lng": 117.331198, "lat": 31.834629, "type": "避难所", "subtype": "公园/广场", "address": "五里庙路与巢湖南路交叉口东140米", "tel": "", "capacity": 5000, "id": 195 }, "geometry": { "type": "Point", "coordinates": [ 117.331198, 31.834629 ] } },
{ "type": "Feature", "properties": { "name": "紫云山公园-滨湖人防主题公园", "lng": 117.330086, "lat": 31.738084, "type": "避难所", "subtype": "公园/广场", "address": "迎淮路与徽强路交叉口东200米", "tel": "", "capacity": 5000, "id": 196 }, "geometry": { "type": "Point", "coordinates": [ 117.330086, 31.738084 ] } },
{ "type": "Feature", "properties": { "name": "党建主题公园", "lng": 117.281068, "lat": 31.817571, "type": "避难所", "subtype": "公园/广场", "address": "徽州大道1223号", "tel": "", "capacity": 5000, "id": 197 }, "geometry": { "type": "Point", "coordinates": [ 117.281068, 31.817571 ] } },
{ "type": "Feature", "properties": { "name": "龙岗游园", "lng": 117.375211, "lat": 31.862688, "type": "避难所", "subtype": "公园/广场", "address": "襄河路与马岗大道交叉口南150米", "tel": "", "capacity": 5000, "id": 198 }, "geometry": { "type": "Point", "coordinates": [ 117.375211, 31.862688 ] } },
{ "type": "Feature", "properties": { "name": "金湖公园", "lng": 117.191394, "lat": 31.956895, "type": "避难所", "subtype": "公园/广场", "address": "岗集镇金岗大道", "tel": "", "capacity": 5000, "id": 199 }, "geometry": { "type": "Point", "coordinates": [ 117.191394, 31.956895 ] } },
{ "type": "Feature", "properties": { "name": "万振城市广场", "lng": 117.878332, "lat": 31.597586, "type": "避难所", "subtype": "公园/广场", "address": "向阳路与团结路交叉口西南80米", "tel": "", "capacity": 5000, "id": 200 }, "geometry": { "type": "Point", "coordinates": [ 117.878332, 31.597586 ] } },
{ "type": "Feature", "properties": { "name": "城市广场", "lng": 117.340438, "lat": 31.848466, "type": "避难所", "subtype": "公园/广场", "address": "裕溪路780号", "tel": "", "capacity": 5000, "id": 201 }, "geometry": { "type": "Point", "coordinates": [ 117.340438, 31.848466 ] } },
{ "type": "Feature", "properties": { "name": "香格里拉城市广场", "lng": 117.20325, "lat": 31.854428, "type": "避难所", "subtype": "公园/广场", "address": "高新技术产业开发区长江西路691号香格里拉广场商务中心F1层", "tel": "", "capacity": 5000, "id": 202 }, "geometry": { "type": "Point", "coordinates": [ 117.20325, 31.854428 ] } },
{ "type": "Feature", "properties": { "name": "下塘城市公园", "lng": 117.209603, "lat": 32.193447, "type": "避难所", "subtype": "公园/广场", "address": "交通街129号", "tel": "", "capacity": 5000, "id": 203 }, "geometry": { "type": "Point", "coordinates": [ 117.209603, 32.193447 ] } },
{ "type": "Feature", "properties": { "name": "绿廊城市公园", "lng": 117.164409, "lat": 32.473298, "type": "避难所", "subtype": "公园/广场", "address": "长丰锦弘学校西侧", "tel": "", "capacity": 5000, "id": 204 }, "geometry": { "type": "Point", "coordinates": [ 117.164409, 32.473298 ] } },
{ "type": "Feature", "properties": { "name": "和平文化广场", "lng": 117.462769, "lat": 31.888713, "type": "避难所", "subtype": "公园/广场", "address": "沿河西路18号", "tel": "", "capacity": 5000, "id": 205 }, "geometry": { "type": "Point", "coordinates": [ 117.462769, 31.888713 ] } },
{ "type": "Feature", "properties": { "name": "湖滨道儿童娱乐小广场", "lng": 117.305809, "lat": 31.702799, "type": "避难所", "subtype": "公园/广场", "address": "万达城滨湖新天地", "tel": "", "capacity": 5000, "id": 206 }, "geometry": { "type": "Point", "coordinates": [ 117.305809, 31.702799 ] } },
{ "type": "Feature", "properties": { "name": "大圩金葡萄文化广场", "lng": 117.372096, "lat": 31.77618, "type": "避难所", "subtype": "公园/广场", "address": "太原路与泰山路交叉口西北60米", "tel": "", "capacity": 5000, "id": 207 }, "geometry": { "type": "Point", "coordinates": [ 117.372096, 31.77618 ] } },
{ "type": "Feature", "properties": { "name": "五合村文体广场", "lng": 117.342425, "lat": 31.562271, "type": "避难所", "subtype": "公园/广场", "address": "环巢湖大道东南40米", "tel": "", "capacity": 5000, "id": 208 }, "geometry": { "type": "Point", "coordinates": [ 117.342425, 31.562271 ] } },
{ "type": "Feature", "properties": { "name": "桃花镇顺和社区远教文化广场", "lng": 117.146349, "lat": 31.770984, "type": "避难所", "subtype": "公园/广场", "address": "桃花镇桥湾路顺和家园(北区)", "tel": "", "capacity": 5000, "id": 209 }, "geometry": { "type": "Point", "coordinates": [ 117.146349, 31.770984 ] } },
{ "type": "Feature", "properties": { "name": "站北文化广场", "lng": 117.327879, "lat": 31.893675, "type": "避难所", "subtype": "公园/广场", "address": "铜陵北路与颍河路交叉口东北角", "tel": "", "capacity": 5000, "id": 210 }, "geometry": { "type": "Point", "coordinates": [ 117.327879, 31.893675 ] } },
{ "type": "Feature", "properties": { "name": "永安村葡萄文化广场", "lng": 117.354912, "lat": 31.49539, "type": "避难所", "subtype": "公园/广场", "address": "062县道附近", "tel": "", "capacity": 5000, "id": 211 }, "geometry": { "type": "Point", "coordinates": [ 117.354912, 31.49539 ] } },
{ "type": "Feature", "properties": { "name": "金岗村乡贤文化广场", "lng": 117.197137, "lat": 31.655229, "type": "避难所", "subtype": "公园/广场", "address": "合铜路与方金路交叉口东480米", "tel": "", "capacity": 5000, "id": 212 }, "geometry": { "type": "Point", "coordinates": [ 117.197137, 31.655229 ] } },
{ "type": "Feature", "properties": { "name": "中垾文化广场", "lng": 117.768945, "lat": 31.664287, "type": "避难所", "subtype": "公园/广场", "address": "横街与中环路交叉口西北180米", "tel": "", "capacity": 5000, "id": 213 }, "geometry": { "type": "Point", "coordinates": [ 117.768945, 31.664287 ] } },
{ "type": "Feature", "properties": { "name": "肥西县四十埠文体广场", "lng": 117.158291, "lat": 31.709378, "type": "避难所", "subtype": "公园/广场", "address": "站前路上派镇四十埠社区志愿服务广场", "tel": "", "capacity": 5000, "id": 214 }, "geometry": { "type": "Point", "coordinates": [ 117.158291, 31.709378 ] } },
{ "type": "Feature", "properties": { "name": "锦绣社区人口文化广场", "lng": 117.233613, "lat": 31.743471, "type": "避难所", "subtype": "公园/广场", "address": "莲花路锦绣紫云花园锦绣农贸菜市场", "tel": "", "capacity": 5000, "id": 215 }, "geometry": { "type": "Point", "coordinates": [ 117.233613, 31.743471 ] } },
{ "type": "Feature", "properties": { "name": "大兴镇文化广场", "lng": 117.384383, "lat": 31.830621, "type": "避难所", "subtype": "公园/广场", "address": "钟油坊路东岗小区", "tel": "", "capacity": 5000, "id": 216 }, "geometry": { "type": "Point", "coordinates": [ 117.384383, 31.830621 ] } },
{ "type": "Feature", "properties": { "name": "花岗镇张店社区人口健康文化广场", "lng": 117.025961, "lat": 31.633037, "type": "避难所", "subtype": "公园/广场", "address": "S19淮桐高速与服务区交叉口西北480米", "tel": "", "capacity": 5000, "id": 217 }, "geometry": { "type": "Point", "coordinates": [ 117.025961, 31.633037 ] } },
{ "type": "Feature", "properties": { "name": "肥西县文化体育公园健身广场", "lng": 117.172274, "lat": 31.711673, "type": "避难所", "subtype": "公园/广场", "address": "中派路与青年路交叉口东360米", "tel": "", "capacity": 5000, "id": 218 }, "geometry": { "type": "Point", "coordinates": [ 117.172274, 31.711673 ] } },
{ "type": "Feature", "properties": { "name": "山南镇文化活动休闲广场", "lng": 116.875749, "lat": 31.623504, "type": "避难所", "subtype": "公园/广场", "address": "440省道与五丰路交叉口西南100米", "tel": "", "capacity": 5000, "id": 219 }, "geometry": { "type": "Point", "coordinates": [ 116.875749, 31.623504 ] } },
{ "type": "Feature", "properties": { "name": "涂山娇文化广场", "lng": 117.903879, "lat": 31.874151, "type": "避难所", "subtype": "公园/广场", "address": "苏湾镇坊集社区方涂巷村", "tel": "", "capacity": 5000, "id": 220 }, "geometry": { "type": "Point", "coordinates": [ 117.903879, 31.874151 ] } },
{ "type": "Feature", "properties": { "name": "凤凰山街道党建文化广场", "lng": 117.876547, "lat": 31.608625, "type": "避难所", "subtype": "公园/广场", "address": "三中路与向阳路交叉口西北60米", "tel": "", "capacity": 5000, "id": 221 }, "geometry": { "type": "Point", "coordinates": [ 117.876547, 31.608625 ] } },
{ "type": "Feature", "properties": { "name": "宝地文化广场", "lng": 117.843331, "lat": 31.618767, "type": "避难所", "subtype": "公园/广场", "address": "巢泥路与湖光路交叉口西400米", "tel": "", "capacity": 5000, "id": 222 }, "geometry": { "type": "Point", "coordinates": [ 117.843331, 31.618767 ] } },
{ "type": "Feature", "properties": { "name": "上海路桥下健身广场", "lng": 117.338758, "lat": 31.839899, "type": "避难所", "subtype": "公园/广场", "address": "滨河公园内上海路跨南淝河大桥桥下", "tel": "", "capacity": 5000, "id": 223 }, "geometry": { "type": "Point", "coordinates": [ 117.338758, 31.839899 ] } },
{ "type": "Feature", "properties": { "name": "远教文化广场", "lng": 117.816451, "lat": 32.143205, "type": "避难所", "subtype": "公园/广场", "address": "滁阳街与古城大街交叉口西南400米", "tel": "", "capacity": 5000, "id": 224 }, "geometry": { "type": "Point", "coordinates": [ 117.816451, 32.143205 ] } },
{ "type": "Feature", "properties": { "name": "乡贤文化广场", "lng": 117.107729, "lat": 31.736833, "type": "避难所", "subtype": "公园/广场", "address": "068乡道与汤口路辅路交叉口东60米", "tel": "", "capacity": 5000, "id": 225 }, "geometry": { "type": "Point", "coordinates": [ 117.107729, 31.736833 ] } },
{ "type": "Feature", "properties": { "name": "文化广场", "lng": 117.37458, "lat": 31.842736, "type": "避难所", "subtype": "公园/广场", "address": "大兴镇和平路合钢三个自然村合居苑附近", "tel": "", "capacity": 5000, "id": 226 }, "geometry": { "type": "Point", "coordinates": [ 117.37458, 31.842736 ] } },
{ "type": "Feature", "properties": { "name": "淮合花园-文化广场", "lng": 117.305575, "lat": 31.920189, "type": "避难所", "subtype": "公园/广场", "address": "涂山路与淮南路交叉口东北240米", "tel": "", "capacity": 5000, "id": 227 }, "geometry": { "type": "Point", "coordinates": [ 117.305575, 31.920189 ] } },
{ "type": "Feature", "properties": { "name": "武术文化广场", "lng": 117.258551, "lat": 32.341742, "type": "避难所", "subtype": "公园/广场", "address": "322省道与227省道交叉口西南420米", "tel": "", "capacity": 5000, "id": 228 }, "geometry": { "type": "Point", "coordinates": [ 117.258551, 32.341742 ] } },
{ "type": "Feature", "properties": { "name": "湿地广场", "lng": 117.333182, "lat": 31.936792, "type": "避难所", "subtype": "公园/广场", "address": "新蚌埠路陶冲湖公园(东北角)", "tel": "", "capacity": 5000, "id": 229 }, "geometry": { "type": "Point", "coordinates": [ 117.333182, 31.936792 ] } },
{ "type": "Feature", "properties": { "name": "陈大户村文化广场", "lng": 117.713539, "lat": 32.032411, "type": "避难所", "subtype": "公园/广场", "address": "", "tel": "", "capacity": 5000, "id": 230 }, "geometry": { "type": "Point", "coordinates": [ 117.713539, 32.032411 ] } },
{ "type": "Feature", "properties": { "name": "文化广场", "lng": 117.667459, "lat": 32.032554, "type": "避难所", "subtype": "公园/广场", "address": "新大街与张朱路交叉口东240米", "tel": "", "capacity": 5000, "id": 231 }, "geometry": { "type": "Point", "coordinates": [ 117.667459, 32.032554 ] } },
{ "type": "Feature", "properties": { "name": "文化广场", "lng": 117.483524, "lat": 31.980091, "type": "避难所", "subtype": "公园/广场", "address": "227省道与李永路交叉口南320米", "tel": "", "capacity": 5000, "id": 232 }, "geometry": { "type": "Point", "coordinates": [ 117.483524, 31.980091 ] } },
{ "type": "Feature", "properties": { "name": "法治文化广场", "lng": 117.276382, "lat": 31.842197, "type": "避难所", "subtype": "公园/广场", "address": "曙光路安徽艺术剧场", "tel": "", "capacity": 5000, "id": 233 }, "geometry": { "type": "Point", "coordinates": [ 117.276382, 31.842197 ] } },
{ "type": "Feature", "properties": { "name": "淝南家园文化广场", "lng": 117.279814, "lat": 31.806562, "type": "避难所", "subtype": "公园/广场", "address": "祁门路辅路与潜口路交叉口西南120米", "tel": "", "capacity": 5000, "id": 234 }, "geometry": { "type": "Point", "coordinates": [ 117.279814, 31.806562 ] } },
{ "type": "Feature", "properties": { "name": "骆岗公园南广场", "lng": 117.317386, "lat": 31.768083, "type": "避难所", "subtype": "公园/广场", "address": "骆岗街道包河大道骆岗公园内(东侧)", "tel": "", "capacity": 5000, "id": 235 }, "geometry": { "type": "Point", "coordinates": [ 117.317386, 31.768083 ] } },
{ "type": "Feature", "properties": { "name": "农民文化广场", "lng": 117.758286, "lat": 32.201143, "type": "避难所", "subtype": "公园/广场", "address": "老街与环湖路交叉口东40米", "tel": "", "capacity": 5000, "id": 236 }, "geometry": { "type": "Point", "coordinates": [ 117.758286, 32.201143 ] } },
{ "type": "Feature", "properties": { "name": "义井镇法治文化广场", "lng": 117.108324, "lat": 32.294135, "type": "避难所", "subtype": "公园/广场", "address": "福荫路", "tel": "", "capacity": 5000, "id": 237 }, "geometry": { "type": "Point", "coordinates": [ 117.108324, 32.294135 ] } },
{ "type": "Feature", "properties": { "name": "合肥正大桐山国际广场", "lng": 117.22949, "lat": 31.781585, "type": "避难所", "subtype": "公园/广场", "address": "芙蓉路291号合肥正大广场", "tel": "", "capacity": 5000, "id": 238 }, "geometry": { "type": "Point", "coordinates": [ 117.22949, 31.781585 ] } },
{ "type": "Feature", "properties": { "name": "沁心湖社区文化广场", "lng": 117.294413, "lat": 31.806781, "type": "避难所", "subtype": "公园/广场", "address": "望湖中路与望湖西路交叉口西40米", "tel": "", "capacity": 5000, "id": 239 }, "geometry": { "type": "Point", "coordinates": [ 117.294413, 31.806781 ] } },
{ "type": "Feature", "properties": { "name": "店埠镇全民健身广场", "lng": 117.4632, "lat": 31.885692, "type": "避难所", "subtype": "公园/广场", "address": "公园路与临河西路交叉口西60米", "tel": "", "capacity": 5000, "id": 240 }, "geometry": { "type": "Point", "coordinates": [ 117.4632, 31.885692 ] } },
{ "type": "Feature", "properties": { "name": "梅元村新时代文明实践站文化广场", "lng": 117.025709, "lat": 32.402411, "type": "避难所", "subtype": "公园/广场", "address": "", "tel": "", "capacity": 5000, "id": 241 }, "geometry": { "type": "Point", "coordinates": [ 117.025709, 32.402411 ] } },
{ "type": "Feature", "properties": { "name": "杨庙镇陶店村远教文化广场", "lng": 117.082751, "lat": 32.189547, "type": "避难所", "subtype": "公园/广场", "address": "206国道与云峰大道交叉口西南380米", "tel": "", "capacity": 5000, "id": 242 }, "geometry": { "type": "Point", "coordinates": [ 117.082751, 32.189547 ] } },
{ "type": "Feature", "properties": { "name": "西苑广场", "lng": 117.861406, "lat": 31.59807, "type": "避难所", "subtype": "公园/广场", "address": "东风路436号", "tel": "0551-82628551", "capacity": 5000, "id": 243 }, "geometry": { "type": "Point", "coordinates": [ 117.861406, 31.59807 ] } },
{ "type": "Feature", "properties": { "name": "龙湖星悦广场", "lng": 117.364961, "lat": 31.924654, "type": "避难所", "subtype": "公园/广场", "address": "张衡路与学林路交叉口北约20米", "tel": "", "capacity": 5000, "id": 244 }, "geometry": { "type": "Point", "coordinates": [ 117.364961, 31.924654 ] } },
{ "type": "Feature", "properties": { "name": "肥西县远教文化广场", "lng": 117.17511, "lat": 31.714603, "type": "避难所", "subtype": "公园/广场", "address": "清龙潭路", "tel": "", "capacity": 5000, "id": 245 }, "geometry": { "type": "Point", "coordinates": [ 117.17511, 31.714603 ] } },
{ "type": "Feature", "properties": { "name": "法治文化广场", "lng": 117.867142, "lat": 31.589917, "type": "避难所", "subtype": "公园/广场", "address": "巢湖南路与官圩路交叉口南20米", "tel": "", "capacity": 5000, "id": 246 }, "geometry": { "type": "Point", "coordinates": [ 117.867142, 31.589917 ] } },
{ "type": "Feature", "properties": { "name": "金罍广场", "lng": 117.294765, "lat": 31.818847, "type": "避难所", "subtype": "公园/广场", "address": "酒船路与水阳江路交叉口东北80米", "tel": "", "capacity": 5000, "id": 247 }, "geometry": { "type": "Point", "coordinates": [ 117.294765, 31.818847 ] } },
{ "type": "Feature", "properties": { "name": "丰乐镇全民健身广场", "lng": 117.175342, "lat": 31.554893, "type": "避难所", "subtype": "公园/广场", "address": "241省道与038县道交叉口东北140米", "tel": "", "capacity": 5000, "id": 248 }, "geometry": { "type": "Point", "coordinates": [ 117.175342, 31.554893 ] } },
{ "type": "Feature", "properties": { "name": "鸽子笼村文化广场", "lng": 116.813351, "lat": 31.738224, "type": "避难所", "subtype": "公园/广场", "address": "111乡道西50米", "tel": "", "capacity": 5000, "id": 249 }, "geometry": { "type": "Point", "coordinates": [ 116.813351, 31.738224 ] } },
{ "type": "Feature", "properties": { "name": "合肥体育中心北广场", "lng": 117.228024, "lat": 31.797498, "type": "避难所", "subtype": "公园/广场", "address": "习友路附近", "tel": "", "capacity": 5000, "id": 250 }, "geometry": { "type": "Point", "coordinates": [ 117.228024, 31.797498 ] } },
{ "type": "Feature", "properties": { "name": "肥东县市民文化广场", "lng": 117.481567, "lat": 31.886929, "type": "避难所", "subtype": "公园/广场", "address": "店埠人民路风景御园(共和花园附近)", "tel": "", "capacity": 5000, "id": 251 }, "geometry": { "type": "Point", "coordinates": [ 117.481567, 31.886929 ] } },
{ "type": "Feature", "properties": { "name": "世纪新都中心广场", "lng": 117.885785, "lat": 31.605039, "type": "避难所", "subtype": "公园/广场", "address": "凤凰山街道世纪大道世纪新都", "tel": "", "capacity": 5000, "id": 252 }, "geometry": { "type": "Point", "coordinates": [ 117.885785, 31.605039 ] } },
{ "type": "Feature", "properties": { "name": "始糖文化广场", "lng": 117.084516, "lat": 32.200896, "type": "避难所", "subtype": "公园/广场", "address": "杨庙镇中心学校", "tel": "", "capacity": 5000, "id": 253 }, "geometry": { "type": "Point", "coordinates": [ 117.084516, 32.200896 ] } },
{ "type": "Feature", "properties": { "name": "海恒社区习友志愿服务广场", "lng": 117.256918, "lat": 31.779339, "type": "避难所", "subtype": "公园/广场", "address": "习友路与繁华大道交叉口北150米盛习友纪念馆附近", "tel": "", "capacity": 5000, "id": 254 }, "geometry": { "type": "Point", "coordinates": [ 117.256918, 31.779339 ] } },
{ "type": "Feature", "properties": { "name": "周瑜广场", "lng": 117.264064, "lat": 31.267147, "type": "避难所", "subtype": "公园/广场", "address": "庐城镇周瑜大道与兆河路交叉口向南100米东北方向170米", "tel": "", "capacity": 5000, "id": 255 }, "geometry": { "type": "Point", "coordinates": [ 117.264064, 31.267147 ] } },
{ "type": "Feature", "properties": { "name": "巨石阵广场", "lng": 117.25116, "lat": 31.993862, "type": "避难所", "subtype": "公园/广场", "address": "蒙城北路26-118号梅冲湖公园内(北侧)", "tel": "", "capacity": 5000, "id": 256 }, "geometry": { "type": "Point", "coordinates": [ 117.25116, 31.993862 ] } },
{ "type": "Feature", "properties": { "name": "摩友广场", "lng": 117.838687, "lat": 31.599736, "type": "避难所", "subtype": "公园/广场", "address": "湖光路130号", "tel": "", "capacity": 5000, "id": 257 }, "geometry": { "type": "Point", "coordinates": [ 117.838687, 31.599736 ] } },
{ "type": "Feature", "properties": { "name": "塔山广场", "lng": 117.289253, "lat": 31.263134, "type": "避难所", "subtype": "公园/广场", "address": "三环路1号", "tel": "13865239200", "capacity": 5000, "id": 258 }, "geometry": { "type": "Point", "coordinates": [ 117.289253, 31.263134 ] } },
{ "type": "Feature", "properties": { "name": "天龙广场", "lng": 117.233842, "lat": 31.81127, "type": "避难所", "subtype": "公园/广场", "address": "潜山路888号百利中心", "tel": "", "capacity": 5000, "id": 259 }, "geometry": { "type": "Point", "coordinates": [ 117.233842, 31.81127 ] } },
{ "type": "Feature", "properties": { "name": "健身广场", "lng": 117.330435, "lat": 31.867021, "type": "避难所", "subtype": "公园/广场", "address": "长江东路589号花冲公园(北侧)", "tel": "0551-64485748", "capacity": 5000, "id": 260 }, "geometry": { "type": "Point", "coordinates": [ 117.330435, 31.867021 ] } },
{ "type": "Feature", "properties": { "name": "山门广场", "lng": 117.01643, "lat": 31.729145, "type": "避难所", "subtype": "公园/广场", "address": "森林大道2号紫蓬山国家森林公园内(东北角)", "tel": "0551-68581222", "capacity": 5000, "id": 261 }, "geometry": { "type": "Point", "coordinates": [ 117.01643, 31.729145 ] } },
{ "type": "Feature", "properties": { "name": "合肥市包公园-九狮广场", "lng": 117.299519, "lat": 31.861667, "type": "避难所", "subtype": "公园/广场", "address": "芜湖路72号(大东门地铁站B口步行220米)", "tel": "0551-62884490;0551-62885950", "capacity": 5000, "id": 262 }, "geometry": { "type": "Point", "coordinates": [ 117.299519, 31.861667 ] } },
{ "type": "Feature", "properties": { "name": "南园文化广场", "lng": 117.273727, "lat": 31.836496, "type": "避难所", "subtype": "公园/广场", "address": "青弋江路与宿松路交叉口东40米", "tel": "", "capacity": 5000, "id": 263 }, "geometry": { "type": "Point", "coordinates": [ 117.273727, 31.836496 ] } },
{ "type": "Feature", "properties": { "name": "长临河镇文化广场", "lng": 117.462131, "lat": 31.688375, "type": "避难所", "subtype": "公园/广场", "address": "长临河古镇景区", "tel": "", "capacity": 5000, "id": 264 }, "geometry": { "type": "Point", "coordinates": [ 117.462131, 31.688375 ] } },
{ "type": "Feature", "properties": { "name": "文化体育广场", "lng": 117.554564, "lat": 31.997294, "type": "避难所", "subtype": "公园/广场", "address": "张亮友路与太平路交叉口西120米", "tel": "", "capacity": 5000, "id": 265 }, "geometry": { "type": "Point", "coordinates": [ 117.554564, 31.997294 ] } },
{ "type": "Feature", "properties": { "name": "合肥一中教学区广场", "lng": 117.282239, "lat": 31.736267, "type": "避难所", "subtype": "公园/广场", "address": "西藏路2356号", "tel": "", "capacity": 5000, "id": 266 }, "geometry": { "type": "Point", "coordinates": [ 117.282239, 31.736267 ] } },
{ "type": "Feature", "properties": { "name": "合肥佳园广场", "lng": 117.305453, "lat": 31.73181, "type": "避难所", "subtype": "公园/广场", "address": "中山路与庐州大道交叉口东160米", "tel": "", "capacity": 5000, "id": 267 }, "geometry": { "type": "Point", "coordinates": [ 117.305453, 31.73181 ] } },
{ "type": "Feature", "properties": { "name": "安徽财贸职业学院-名人文化广场", "lng": 117.180398, "lat": 31.753541, "type": "避难所", "subtype": "公园/广场", "address": "行知路与雪岩路交叉口南40米", "tel": "", "capacity": 5000, "id": 268 }, "geometry": { "type": "Point", "coordinates": [ 117.180398, 31.753541 ] } },
{ "type": "Feature", "properties": { "name": "蜀南庭苑中心广场", "lng": 117.166698, "lat": 31.828869, "type": "避难所", "subtype": "公园/广场", "address": "望江西路与环山路交叉口南340米", "tel": "", "capacity": 5000, "id": 269 }, "geometry": { "type": "Point", "coordinates": [ 117.166698, 31.828869 ] } },
{ "type": "Feature", "properties": { "name": "庐州公园一期-休闲广场", "lng": 117.229387, "lat": 31.885357, "type": "避难所", "subtype": "公园/广场", "address": "林湖路庐州公园一期", "tel": "0551-63670819", "capacity": 5000, "id": 270 }, "geometry": { "type": "Point", "coordinates": [ 117.229387, 31.885357 ] } },
{ "type": "Feature", "properties": { "name": "中国科学技术大学东校区郭沫若广场", "lng": 117.269174, "lat": 31.838218, "type": "避难所", "subtype": "公园/广场", "address": "金寨路96号中国科学技术大学(本部东校区)", "tel": "", "capacity": 5000, "id": 271 }, "geometry": { "type": "Point", "coordinates": [ 117.269174, 31.838218 ] } },
{ "type": "Feature", "properties": { "name": "安徽医科大学-文化广场", "lng": 117.26339, "lat": 31.849119, "type": "避难所", "subtype": "公园/广场", "address": "梅山路81号", "tel": "", "capacity": 5000, "id": 272 }, "geometry": { "type": "Point", "coordinates": [ 117.26339, 31.849119 ] } },
{ "type": "Feature", "properties": { "name": "人民广场", "lng": 117.469125, "lat": 31.887902, "type": "避难所", "subtype": "公园/广场", "address": "塘杨路公园路交口", "tel": "", "capacity": 5000, "id": 273 }, "geometry": { "type": "Point", "coordinates": [ 117.469125, 31.887902 ] } },
{ "type": "Feature", "properties": { "name": "和睦广场", "lng": 117.486542, "lat": 31.849256, "type": "避难所", "subtype": "公园/广场", "address": "日出路与深秀北路交叉口东180米", "tel": "", "capacity": 5000, "id": 274 }, "geometry": { "type": "Point", "coordinates": [ 117.486542, 31.849256 ] } },
{ "type": "Feature", "properties": { "name": "喷泉广场", "lng": 117.295809, "lat": 31.808772, "type": "避难所", "subtype": "公园/广场", "address": "望湖中路与望湖东路交口合肥望湖公园", "tel": "", "capacity": 5000, "id": 275 }, "geometry": { "type": "Point", "coordinates": [ 117.295809, 31.808772 ] } },
{ "type": "Feature", "properties": { "name": "合肥市滨湖中翔广场", "lng": 117.287382, "lat": 31.737525, "type": "避难所", "subtype": "公园/广场", "address": "长沙路合肥一中新区东", "tel": "", "capacity": 5000, "id": 276 }, "geometry": { "type": "Point", "coordinates": [ 117.287382, 31.737525 ] } },
{ "type": "Feature", "properties": { "name": "渡江战役纪念馆-北广场", "lng": 117.330052, "lat": 31.712634, "type": "避难所", "subtype": "公园/广场", "address": "云谷路299号渡江战役纪念馆内(北侧)", "tel": "0551-62635757", "capacity": 5000, "id": 277 }, "geometry": { "type": "Point", "coordinates": [ 117.330052, 31.712634 ] } },
{ "type": "Feature", "properties": { "name": "绿地广场", "lng": 117.302761, "lat": 31.83063, "type": "避难所", "subtype": "公园/广场", "address": "常青街道马鞍山路与望江路交口绿地瀛海广场D座2401室", "tel": "", "capacity": 5000, "id": 278 }, "geometry": { "type": "Point", "coordinates": [ 117.302761, 31.83063 ] } },
{ "type": "Feature", "properties": { "name": "天河街道盛湾社区远教文化广场", "lng": 117.826224, "lat": 31.571011, "type": "避难所", "subtype": "公园/广场", "address": "南苑路与亚父路交叉口南320米", "tel": "", "capacity": 5000, "id": 279 }, "geometry": { "type": "Point", "coordinates": [ 117.826224, 31.571011 ] } },
{ "type": "Feature", "properties": { "name": "罍宝广场", "lng": 117.292246, "lat": 31.81811, "type": "避难所", "subtype": "公园/广场", "address": "宁国路与水阳江路交叉口西南60米", "tel": "", "capacity": 5000, "id": 280 }, "geometry": { "type": "Point", "coordinates": [ 117.292246, 31.81811 ] } },
{ "type": "Feature", "properties": { "name": "滨湖金融小镇链街广场", "lng": 117.356969, "lat": 31.766496, "type": "避难所", "subtype": "公园/广场", "address": "黄河路与南淝河路交口", "tel": "", "capacity": 5000, "id": 281 }, "geometry": { "type": "Point", "coordinates": [ 117.356969, 31.766496 ] } },
{ "type": "Feature", "properties": { "name": "蜀山烈士陵园-入口广场", "lng": 117.18804, "lat": 31.839964, "type": "避难所", "subtype": "公园/广场", "address": "玉兰大道87号蜀山烈士陵园内", "tel": "", "capacity": 5000, "id": 282 }, "geometry": { "type": "Point", "coordinates": [ 117.18804, 31.839964 ] } },
{ "type": "Feature", "properties": { "name": "黑池坝景区广场", "lng": 117.269088, "lat": 31.864546, "type": "避难所", "subtype": "公园/广场", "address": "黑池坝路", "tel": "", "capacity": 5000, "id": 283 }, "geometry": { "type": "Point", "coordinates": [ 117.269088, 31.864546 ] } },
{ "type": "Feature", "properties": { "name": "非遗文化广场", "lng": 117.117749, "lat": 32.002555, "type": "避难所", "subtype": "公园/广场", "address": "合淮路与041县道交叉口西北360米", "tel": "0551-62679016", "capacity": 5000, "id": 284 }, "geometry": { "type": "Point", "coordinates": [ 117.117749, 32.002555 ] } },
{ "type": "Feature", "properties": { "name": "合肥工业大学翡翠湖校区东风广场", "lng": 117.20306, "lat": 31.77174, "type": "避难所", "subtype": "公园/广场", "address": "翡翠路420号", "tel": "", "capacity": 5000, "id": 285 }, "geometry": { "type": "Point", "coordinates": [ 117.20306, 31.77174 ] } },
{ "type": "Feature", "properties": { "name": "三十岗乡残疾人文化体育广场", "lng": 117.137982, "lat": 31.930817, "type": "避难所", "subtype": "公园/广场", "address": "三十岗乡合三国城路198号庐阳区三十岗生态农业旅游区", "tel": "0551-65715960", "capacity": 5000, "id": 286 }, "geometry": { "type": "Point", "coordinates": [ 117.137982, 31.930817 ] } },
{ "type": "Feature", "properties": { "name": "陈大郢生育文化广场", "lng": 117.428537, "lat": 31.879716, "type": "避难所", "subtype": "公园/广场", "address": "临泉东路与祥和路交叉口南400米", "tel": "", "capacity": 5000, "id": 287 }, "geometry": { "type": "Point", "coordinates": [ 117.428537, 31.879716 ] } },
{ "type": "Feature", "properties": { "name": "紫云山包河文化创意产业园红旗广场", "lng": 117.372998, "lat": 31.771605, "type": "避难所", "subtype": "公园/广场", "address": "花园大道365号", "tel": "", "capacity": 5000, "id": 288 }, "geometry": { "type": "Point", "coordinates": [ 117.372998, 31.771605 ] } },
{ "type": "Feature", "properties": { "name": "定光社区群众文化广场", "lng": 117.487213, "lat": 31.878125, "type": "避难所", "subtype": "公园/广场", "address": "龙泉路与团结大道交叉口东300米", "tel": "", "capacity": 5000, "id": 289 }, "geometry": { "type": "Point", "coordinates": [ 117.487213, 31.878125 ] } },
{ "type": "Feature", "properties": { "name": "青年广场", "lng": 117.205127, "lat": 31.775985, "type": "避难所", "subtype": "公园/广场", "address": "丹霞路与百鸟路交叉口", "tel": "", "capacity": 5000, "id": 290 }, "geometry": { "type": "Point", "coordinates": [ 117.205127, 31.775985 ] } },
{ "type": "Feature", "properties": { "name": "法治文化广场", "lng": 117.348877, "lat": 31.868982, "type": "避难所", "subtype": "公园/广场", "address": "采石路与长江东路交叉口东北140米", "tel": "", "capacity": 5000, "id": 291 }, "geometry": { "type": "Point", "coordinates": [ 117.348877, 31.868982 ] } },
{ "type": "Feature", "properties": { "name": "胜利广场", "lng": 117.329994, "lat": 31.706515, "type": "避难所", "subtype": "公园/广场", "address": "云谷路299号渡江战役纪念馆(南侧)", "tel": "0551-62635757", "capacity": 5000, "id": 292 }, "geometry": { "type": "Point", "coordinates": [ 117.329994, 31.706515 ] } },
{ "type": "Feature", "properties": { "name": "党群文化广场", "lng": 117.308929, "lat": 31.90612, "type": "避难所", "subtype": "公园/广场", "address": "萧城路与新海大道辅路交叉口东北140米", "tel": "", "capacity": 5000, "id": 293 }, "geometry": { "type": "Point", "coordinates": [ 117.308929, 31.90612 ] } },
{ "type": "Feature", "properties": { "name": "四季花海城市公园A区", "lng": 117.162526, "lat": 31.854067, "type": "避难所", "subtype": "公园/广场", "address": "四季花海公园城市花园", "tel": "", "capacity": 5000, "id": 294 }, "geometry": { "type": "Point", "coordinates": [ 117.162526, 31.854067 ] } },
{ "type": "Feature", "properties": { "name": "风荷园广场", "lng": 117.877712, "lat": 31.601098, "type": "避难所", "subtype": "公园/广场", "address": "健康中路与向阳路交叉口西北80米", "tel": "", "capacity": 5000, "id": 295 }, "geometry": { "type": "Point", "coordinates": [ 117.877712, 31.601098 ] } },
{ "type": "Feature", "properties": { "name": "莲花广场", "lng": 117.230629, "lat": 31.759526, "type": "避难所", "subtype": "公园/广场", "address": "莲花社区管理委员会莲花路怡莲新城", "tel": "", "capacity": 5000, "id": 296 }, "geometry": { "type": "Point", "coordinates": [ 117.230629, 31.759526 ] } },
{ "type": "Feature", "properties": { "name": "撮城广场", "lng": 117.45736, "lat": 31.822538, "type": "避难所", "subtype": "公园/广场", "address": "裕溪路与团结路交叉口北140米", "tel": "", "capacity": 5000, "id": 297 }, "geometry": { "type": "Point", "coordinates": [ 117.45736, 31.822538 ] } },
{ "type": "Feature", "properties": { "name": "梅冲湖社区志愿者服务广场", "lng": 117.246141, "lat": 31.997101, "type": "避难所", "subtype": "公园/广场", "address": "世纪东路与金源大道交叉口南60米", "tel": "", "capacity": 5000, "id": 298 }, "geometry": { "type": "Point", "coordinates": [ 117.246141, 31.997101 ] } },
{ "type": "Feature", "properties": { "name": "太阳神广场", "lng": 117.099652, "lat": 31.313056, "type": "避难所", "subtype": "公园/广场", "address": "汤池镇外经大道安徽金孔雀温泉旅游度假村", "tel": "0551-87071667", "capacity": 5000, "id": 299 }, "geometry": { "type": "Point", "coordinates": [ 117.099652, 31.313056 ] } },
{ "type": "Feature", "properties": { "name": "世纪广场", "lng": 117.218633, "lat": 31.783602, "type": "避难所", "subtype": "公园/广场", "address": "繁华大道276号(欢乐岛对面)徽园内", "tel": "0551-63822004", "capacity": 5000, "id": 300 }, "geometry": { "type": "Point", "coordinates": [ 117.218633, 31.783602 ] } },
{ "type": "Feature", "properties": { "name": "智慧广场", "lng": 117.254214, "lat": 31.863618, "type": "避难所", "subtype": "公园/广场", "address": "桃李路与中兴路交叉口东南160米", "tel": "", "capacity": 5000, "id": 301 }, "geometry": { "type": "Point", "coordinates": [ 117.254214, 31.863618 ] } },
{ "type": "Feature", "properties": { "name": "智力广场", "lng": 117.234322, "lat": 31.809888, "type": "避难所", "subtype": "公园/广场", "address": "祁门路辅路与齐云山路交叉口西北100米", "tel": "", "capacity": 5000, "id": 302 }, "geometry": { "type": "Point", "coordinates": [ 117.234322, 31.809888 ] } },
{ "type": "Feature", "properties": { "name": "陈大郢社区志愿服务广场", "lng": 117.429396, "lat": 31.879341, "type": "避难所", "subtype": "公园/广场", "address": "肥东新城开发区祥和路26号", "tel": "", "capacity": 5000, "id": 303 }, "geometry": { "type": "Point", "coordinates": [ 117.429396, 31.879341 ] } },
{ "type": "Feature", "properties": { "name": "下沉广场", "lng": 117.232773, "lat": 31.821934, "type": "避难所", "subtype": "公园/广场", "address": "荷叶地街道政务区潜山路与高河东路交叉口绿地蓝海大厦c座", "tel": "", "capacity": 5000, "id": 304 }, "geometry": { "type": "Point", "coordinates": [ 117.232773, 31.821934 ] } },
{ "type": "Feature", "properties": { "name": "冶父山-铸剑广场", "lng": 117.342476, "lat": 31.297308, "type": "避难所", "subtype": "公园/广场", "address": "庐巢路冶父山景区内", "tel": "", "capacity": 5000, "id": 305 }, "geometry": { "type": "Point", "coordinates": [ 117.342476, 31.297308 ] } },
{ "type": "Feature", "properties": { "name": "古埂公园广场", "lng": 117.174753, "lat": 31.71541, "type": "避难所", "subtype": "公园/广场", "address": "龙飞明珠花园110号古埂公园", "tel": "", "capacity": 5000, "id": 306 }, "geometry": { "type": "Point", "coordinates": [ 117.174753, 31.71541 ] } },
{ "type": "Feature", "properties": { "name": "石刻文化广场", "lng": 117.132348, "lat": 31.914738, "type": "避难所", "subtype": "公园/广场", "address": "公园路1号合肥三国遗址公园", "tel": "0551-63823052", "capacity": 5000, "id": 307 }, "geometry": { "type": "Point", "coordinates": [ 117.132348, 31.914738 ] } },
{ "type": "Feature", "properties": { "name": "北闸广场", "lng": 117.361452, "lat": 31.536546, "type": "避难所", "subtype": "公园/广场", "address": "同大镇(北闸11队)", "tel": "", "capacity": 5000, "id": 308 }, "geometry": { "type": "Point", "coordinates": [ 117.361452, 31.536546 ] } },
{ "type": "Feature", "properties": { "name": "清水湾石碑广场", "lng": 117.379215, "lat": 31.476218, "type": "避难所", "subtype": "公园/广场", "address": "老三建材北侧", "tel": "", "capacity": 5000, "id": 309 }, "geometry": { "type": "Point", "coordinates": [ 117.379215, 31.476218 ] } },
{ "type": "Feature", "properties": { "name": "安徽水利水电职业技术学院-师禹广场", "lng": 117.428481, "lat": 31.827196, "type": "避难所", "subtype": "公园/广场", "address": "裕溪路与共青路交叉口西南280米", "tel": "", "capacity": 5000, "id": 310 }, "geometry": { "type": "Point", "coordinates": [ 117.428481, 31.827196 ] } },
{ "type": "Feature", "properties": { "name": "下塘镇安全文化广场", "lng": 117.322191, "lat": 32.167631, "type": "避难所", "subtype": "公园/广场", "address": "街西路与056乡道交叉口东北300米", "tel": "", "capacity": 5000, "id": 311 }, "geometry": { "type": "Point", "coordinates": [ 117.322191, 32.167631 ] } },
{ "type": "Feature", "properties": { "name": "新年广场", "lng": 117.205118, "lat": 31.779484, "type": "避难所", "subtype": "公园/广场", "address": "石门路与引针路交叉口东60米", "tel": "", "capacity": 5000, "id": 312 }, "geometry": { "type": "Point", "coordinates": [ 117.205118, 31.779484 ] } },
{ "type": "Feature", "properties": { "name": "西山社区文化广场", "lng": 117.895251, "lat": 31.641102, "type": "避难所", "subtype": "公园/广场", "address": "濡须路与金巢大道交叉口东北100米", "tel": "", "capacity": 5000, "id": 313 }, "geometry": { "type": "Point", "coordinates": [ 117.895251, 31.641102 ] } },
{ "type": "Feature", "properties": { "name": "银杏广场", "lng": 117.297271, "lat": 31.807692, "type": "避难所", "subtype": "公园/广场", "address": "望湖中路与望湖东路交口合肥望湖公园", "tel": "", "capacity": 5000, "id": 314 }, "geometry": { "type": "Point", "coordinates": [ 117.297271, 31.807692 ] } },
{ "type": "Feature", "properties": { "name": "星和广场", "lng": 117.196584, "lat": 31.854634, "type": "避难所", "subtype": "公园/广场", "address": "长江西路898号(天柱路地铁站D口步行150米)", "tel": "", "capacity": 5000, "id": 315 }, "geometry": { "type": "Point", "coordinates": [ 117.196584, 31.854634 ] } },
{ "type": "Feature", "properties": { "name": "家家景园社区远教文化广场", "lng": 117.23362, "lat": 31.862551, "type": "避难所", "subtype": "公园/广场", "address": "史河路与金牛路交叉口西220米", "tel": "", "capacity": 5000, "id": 316 }, "geometry": { "type": "Point", "coordinates": [ 117.23362, 31.862551 ] } },
{ "type": "Feature", "properties": { "name": "肥西法治广场", "lng": 117.1663, "lat": 31.717853, "type": "避难所", "subtype": "公园/广场", "address": "金鸣街步行街与S二路交叉口西20米", "tel": "", "capacity": 5000, "id": 317 }, "geometry": { "type": "Point", "coordinates": [ 117.1663, 31.717853 ] } },
{ "type": "Feature", "properties": { "name": "市府广场", "lng": 117.286432, "lat": 31.864443, "type": "避难所", "subtype": "公园/广场", "address": "淮河路266号", "tel": "", "capacity": 5000, "id": 318 }, "geometry": { "type": "Point", "coordinates": [ 117.286432, 31.864443 ] } },
{ "type": "Feature", "properties": { "name": "复兴社区体育健身广场", "lng": 117.523519, "lat": 31.736287, "type": "避难所", "subtype": "公园/广场", "address": "036县道东50米", "tel": "", "capacity": 5000, "id": 319 }, "geometry": { "type": "Point", "coordinates": [ 117.523519, 31.736287 ] } },
{ "type": "Feature", "properties": { "name": "科技广场", "lng": 117.32968, "lat": 31.935052, "type": "避难所", "subtype": "公园/广场", "address": "新蚌埠路陶冲湖公园(北侧)", "tel": "", "capacity": 5000, "id": 320 }, "geometry": { "type": "Point", "coordinates": [ 117.32968, 31.935052 ] } },
{ "type": "Feature", "properties": { "name": "安徽大学磬苑校区鸣磬广场", "lng": 117.181259, "lat": 31.766785, "type": "避难所", "subtype": "公园/广场", "address": "九龙路111号安徽大学新校区", "tel": "", "capacity": 5000, "id": 321 }, "geometry": { "type": "Point", "coordinates": [ 117.181259, 31.766785 ] } },
{ "type": "Feature", "properties": { "name": "雅苑广场", "lng": 117.164273, "lat": 31.805169, "type": "避难所", "subtype": "公园/广场", "address": "明珠路辅路与翠竹路交叉口东北240米", "tel": "", "capacity": 5000, "id": 322 }, "geometry": { "type": "Point", "coordinates": [ 117.164273, 31.805169 ] } },
{ "type": "Feature", "properties": { "name": "下沉广场", "lng": 117.287259, "lat": 31.855259, "type": "避难所", "subtype": "公园/广场", "address": "芜湖路72号包公园内(西侧)", "tel": "", "capacity": 5000, "id": 323 }, "geometry": { "type": "Point", "coordinates": [ 117.287259, 31.855259 ] } },
{ "type": "Feature", "properties": { "name": "散兵镇政法综合广场", "lng": 117.752847, "lat": 31.526529, "type": "避难所", "subtype": "公园/广场", "address": "老街与水泥厂路交叉口西300米", "tel": "", "capacity": 5000, "id": 324 }, "geometry": { "type": "Point", "coordinates": [ 117.752847, 31.526529 ] } },
{ "type": "Feature", "properties": { "name": "伟人雕像广场", "lng": 117.330003, "lat": 31.709364, "type": "避难所", "subtype": "公园/广场", "address": "云谷路299号渡江战役纪念馆", "tel": "0551-62635757", "capacity": 5000, "id": 325 }, "geometry": { "type": "Point", "coordinates": [ 117.330003, 31.709364 ] } },
{ "type": "Feature", "properties": { "name": "休闲广场", "lng": 117.478272, "lat": 31.86529, "type": "避难所", "subtype": "公园/广场", "address": "撮镇路与龙城路交汇处东南角肥东体育公园(西南角)", "tel": "", "capacity": 5000, "id": 326 }, "geometry": { "type": "Point", "coordinates": [ 117.478272, 31.86529 ] } },
{ "type": "Feature", "properties": { "name": "同心广场", "lng": 117.273875, "lat": 31.869815, "type": "避难所", "subtype": "公园/广场", "address": "阜南路与寿春路交叉口南160米", "tel": "0551-62843790", "capacity": 5000, "id": 327 }, "geometry": { "type": "Point", "coordinates": [ 117.273875, 31.869815 ] } },
{ "type": "Feature", "properties": { "name": "星球广场", "lng": 117.133357, "lat": 31.679316, "type": "避难所", "subtype": "公园/广场", "address": "祥源花世界内(南侧)", "tel": "", "capacity": 5000, "id": 328 }, "geometry": { "type": "Point", "coordinates": [ 117.133357, 31.679316 ] } },
{ "type": "Feature", "properties": { "name": "青年广场", "lng": 117.379031, "lat": 31.846518, "type": "避难所", "subtype": "公园/广场", "address": "滨河西路青年创意田园一期", "tel": "", "capacity": 5000, "id": 329 }, "geometry": { "type": "Point", "coordinates": [ 117.379031, 31.846518 ] } },
{ "type": "Feature", "properties": { "name": "肥东县西小郢东方之音广场", "lng": 117.59543, "lat": 31.95652, "type": "避难所", "subtype": "公园/广场", "address": "梁园镇新河社区西小郢1号", "tel": "13905517501", "capacity": 5000, "id": 330 }, "geometry": { "type": "Point", "coordinates": [ 117.59543, 31.95652 ] } },
{ "type": "Feature", "properties": { "name": "安居苑中心广场", "lng": 117.239813, "lat": 31.847736, "type": "避难所", "subtype": "公园/广场", "address": "青阳路靠近安居苑东村小区", "tel": "13721104158", "capacity": 5000, "id": 331 }, "geometry": { "type": "Point", "coordinates": [ 117.239813, 31.847736 ] } },
{ "type": "Feature", "properties": { "name": "兴华苑-休闲广场", "lng": 117.324321, "lat": 31.903635, "type": "避难所", "subtype": "公园/广场", "address": "兴华苑内", "tel": "", "capacity": 5000, "id": 332 }, "geometry": { "type": "Point", "coordinates": [ 117.324321, 31.903635 ] } },
{ "type": "Feature", "properties": { "name": "关镇幸福广场", "lng": 117.363241, "lat": 31.813677, "type": "避难所", "subtype": "公园/广场", "address": "兰渡路与金港湾路交叉口西北120米", "tel": "", "capacity": 5000, "id": 333 }, "geometry": { "type": "Point", "coordinates": [ 117.363241, 31.813677 ] } },
{ "type": "Feature", "properties": { "name": "安徽大学磬苑校区磬苑广场", "lng": 117.185597, "lat": 31.766798, "type": "避难所", "subtype": "公园/广场", "address": "九龙路111号安徽大学新校区", "tel": "", "capacity": 5000, "id": 334 }, "geometry": { "type": "Point", "coordinates": [ 117.185597, 31.766798 ] } },
{ "type": "Feature", "properties": { "name": "严济慈广场", "lng": 117.256119, "lat": 31.838343, "type": "避难所", "subtype": "公园/广场", "address": "黄山路443号", "tel": "", "capacity": 5000, "id": 335 }, "geometry": { "type": "Point", "coordinates": [ 117.256119, 31.838343 ] } },
{ "type": "Feature", "properties": { "name": "凤凰山街道远教文化广场", "lng": 117.876215, "lat": 31.608623, "type": "避难所", "subtype": "公园/广场", "address": "三中路凤凰山街道党建文化广场(西侧)", "tel": "", "capacity": 5000, "id": 336 }, "geometry": { "type": "Point", "coordinates": [ 117.876215, 31.608623 ] } },
{ "type": "Feature", "properties": { "name": "东明巴滩村民广场", "lng": 117.435989, "lat": 31.017066, "type": "避难所", "subtype": "公园/广场", "address": "矾山镇东明村巴滩村", "tel": "", "capacity": 5000, "id": 337 }, "geometry": { "type": "Point", "coordinates": [ 117.435989, 31.017066 ] } },
{ "type": "Feature", "properties": { "name": "桃花镇翡翠社区志愿者服务广场", "lng": 117.177392, "lat": 31.743148, "type": "避难所", "subtype": "公园/广场", "address": "佛光路与紫石路交叉口北40米", "tel": "", "capacity": 5000, "id": 338 }, "geometry": { "type": "Point", "coordinates": [ 117.177392, 31.743148 ] } },
{ "type": "Feature", "properties": { "name": "方圆荟西广场", "lng": 117.289097, "lat": 31.742775, "type": "避难所", "subtype": "公园/广场", "address": "滨湖世纪社区方圆荟", "tel": "", "capacity": 5000, "id": 339 }, "geometry": { "type": "Point", "coordinates": [ 117.289097, 31.742775 ] } },
{ "type": "Feature", "properties": { "name": "人大主题广场", "lng": 117.348092, "lat": 31.868723, "type": "避难所", "subtype": "公园/广场", "address": "采石路与长江东路交叉口东北80米", "tel": "", "capacity": 5000, "id": 340 }, "geometry": { "type": "Point", "coordinates": [ 117.348092, 31.868723 ] } },
{ "type": "Feature", "properties": { "name": "兴园北区广场", "lng": 117.207284, "lat": 31.821049, "type": "避难所", "subtype": "公园/广场", "address": "高新技术产业开发区银杏路20号兴园北区", "tel": "", "capacity": 5000, "id": 341 }, "geometry": { "type": "Point", "coordinates": [ 117.207284, 31.821049 ] } },
{ "type": "Feature", "properties": { "name": "镇南社区志愿服务广场", "lng": 117.472529, "lat": 31.87576, "type": "避难所", "subtype": "公园/广场", "address": "长江东路与撮镇路交口", "tel": "", "capacity": 5000, "id": 342 }, "geometry": { "type": "Point", "coordinates": [ 117.472529, 31.87576 ] } },
{ "type": "Feature", "properties": { "name": "御金广场", "lng": 117.227573, "lat": 31.857932, "type": "避难所", "subtype": "公园/广场", "address": "樊洼路与淠河路交叉口南60米", "tel": "", "capacity": 5000, "id": 343 }, "geometry": { "type": "Point", "coordinates": [ 117.227573, 31.857932 ] } },
{ "type": "Feature", "properties": { "name": "林下广场", "lng": 117.315246, "lat": 31.771416, "type": "避难所", "subtype": "公园/广场", "address": "包河大道高架入口与包河大道交叉口西260米", "tel": "", "capacity": 5000, "id": 344 }, "geometry": { "type": "Point", "coordinates": [ 117.315246, 31.771416 ] } },
{ "type": "Feature", "properties": { "name": "美虹社区志愿者服务广场", "lng": 117.247751, "lat": 31.84869, "type": "避难所", "subtype": "公园/广场", "address": "合作化南路与龙河路交叉口西340米", "tel": "", "capacity": 5000, "id": 345 }, "geometry": { "type": "Point", "coordinates": [ 117.247751, 31.84869 ] } },
{ "type": "Feature", "properties": { "name": "城关中学翰林院广场", "lng": 117.45814, "lat": 31.878745, "type": "避难所", "subtype": "公园/广场", "address": "古城路与城关支路交叉口东20米", "tel": "", "capacity": 5000, "id": 346 }, "geometry": { "type": "Point", "coordinates": [ 117.45814, 31.878745 ] } },
{ "type": "Feature", "properties": { "name": "合肥杨昊纪念广场", "lng": 117.294247, "lat": 31.866307, "type": "避难所", "subtype": "公园/广场", "address": "寿春路16号古逍遥津内(南侧)", "tel": "0551-62614651", "capacity": 5000, "id": 347 }, "geometry": { "type": "Point", "coordinates": [ 117.294247, 31.866307 ] } },
{ "type": "Feature", "properties": { "name": "安徽职业技术大学风华广场", "lng": 117.379557, "lat": 31.928088, "type": "避难所", "subtype": "公园/广场", "address": "文忠路", "tel": "", "capacity": 5000, "id": 348 }, "geometry": { "type": "Point", "coordinates": [ 117.379557, 31.928088 ] } },
{ "type": "Feature", "properties": { "name": "廉政文化广场", "lng": 117.318525, "lat": 31.804542, "type": "避难所", "subtype": "公园/广场", "address": "北京路与太平湖路交叉口南100米", "tel": "", "capacity": 5000, "id": 349 }, "geometry": { "type": "Point", "coordinates": [ 117.318525, 31.804542 ] } },
{ "type": "Feature", "properties": { "name": "冶父山孝慈广场", "lng": 117.342379, "lat": 31.296946, "type": "避难所", "subtype": "公园/广场", "address": "庐巢路冶父山国家森林公园", "tel": "0551-87412009", "capacity": 5000, "id": 350 }, "geometry": { "type": "Point", "coordinates": [ 117.342379, 31.296946 ] } },
{ "type": "Feature", "properties": { "name": "庐阳法治广场", "lng": 117.289072, "lat": 31.897446, "type": "避难所", "subtype": "公园/广场", "address": "杏林北区内固镇路北", "tel": "", "capacity": 5000, "id": 351 }, "geometry": { "type": "Point", "coordinates": [ 117.289072, 31.897446 ] } },
{ "type": "Feature", "properties": { "name": "凤洲村活动广场", "lng": 117.369446, "lat": 31.541413, "type": "避难所", "subtype": "公园/广场", "address": "环巢湖大道", "tel": "", "capacity": 5000, "id": 352 }, "geometry": { "type": "Point", "coordinates": [ 117.369446, 31.541413 ] } },
{ "type": "Feature", "properties": { "name": "烈士纪念广场", "lng": 117.165283, "lat": 31.842851, "type": "避难所", "subtype": "公园/广场", "address": "合肥大蜀山文化陵园", "tel": "", "capacity": 5000, "id": 353 }, "geometry": { "type": "Point", "coordinates": [ 117.165283, 31.842851 ] } },
{ "type": "Feature", "properties": { "name": "都市清华人口文化广场", "lng": 117.273422, "lat": 31.888811, "type": "避难所", "subtype": "公园/广场", "address": "藕塘路都市清华", "tel": "", "capacity": 5000, "id": 354 }, "geometry": { "type": "Point", "coordinates": [ 117.273422, 31.888811 ] } },
{ "type": "Feature", "properties": { "name": "健康园广场", "lng": 117.850804, "lat": 31.604477, "type": "避难所", "subtype": "公园/广场", "address": "爱心路", "tel": "", "capacity": 5000, "id": 355 }, "geometry": { "type": "Point", "coordinates": [ 117.850804, 31.604477 ] } },
{ "type": "Feature", "properties": { "name": "入口广场", "lng": 117.387412, "lat": 31.728789, "type": "避难所", "subtype": "公园/广场", "address": "滨湖国家森林公园内", "tel": "0551-62776600", "capacity": 5000, "id": 356 }, "geometry": { "type": "Point", "coordinates": [ 117.387412, 31.728789 ] } },
{ "type": "Feature", "properties": { "name": "合肥市包河区志愿服务广场", "lng": 117.295248, "lat": 31.806754, "type": "避难所", "subtype": "公园/广场", "address": "望湖上街(望湖城地铁站D口步行290米)", "tel": "", "capacity": 5000, "id": 357 }, "geometry": { "type": "Point", "coordinates": [ 117.295248, 31.806754 ] } },
{ "type": "Feature", "properties": { "name": "光明社居委新时代文明实践站党建文化广场", "lng": 117.383803, "lat": 31.935695, "type": "避难所", "subtype": "公园/广场", "address": "龙子湖路与光明路交叉口东180米", "tel": "", "capacity": 5000, "id": 358 }, "geometry": { "type": "Point", "coordinates": [ 117.383803, 31.935695 ] } },
{ "type": "Feature", "properties": { "name": "黄桃党建广场", "lng": 117.357633, "lat": 31.330142, "type": "避难所", "subtype": "公园/广场", "address": "明圣村铺高路", "tel": "", "capacity": 5000, "id": 359 }, "geometry": { "type": "Point", "coordinates": [ 117.357633, 31.330142 ] } },
{ "type": "Feature", "properties": { "name": "肥东法治广场", "lng": 117.487427, "lat": 31.849331, "type": "避难所", "subtype": "公园/广场", "address": "日出路与山林路交叉口西100米", "tel": "", "capacity": 5000, "id": 360 }, "geometry": { "type": "Point", "coordinates": [ 117.487427, 31.849331 ] } },
{ "type": "Feature", "properties": { "name": "白马广场", "lng": 116.782248, "lat": 31.641238, "type": "避难所", "subtype": "公园/广场", "address": "金三和生态农庄东北侧240米", "tel": "", "capacity": 5000, "id": 361 }, "geometry": { "type": "Point", "coordinates": [ 116.782248, 31.641238 ] } },
{ "type": "Feature", "properties": { "name": "紫蓬山国家森林公园-休闲集散广场", "lng": 117.008538, "lat": 31.719213, "type": "避难所", "subtype": "公园/广场", "address": "森林大道2号紫蓬山国家森林公园内(北侧)", "tel": "0551-68581222", "capacity": 5000, "id": 362 }, "geometry": { "type": "Point", "coordinates": [ 117.008538, 31.719213 ] } },
{ "type": "Feature", "properties": { "name": "肥西县长镇回族社区文化广场(民族大舞台)", "lng": 116.893769, "lat": 31.854297, "type": "避难所", "subtype": "公园/广场", "address": "回民北路与中街交叉口东北120米", "tel": "", "capacity": 5000, "id": 363 }, "geometry": { "type": "Point", "coordinates": [ 116.893769, 31.854297 ] } },
{ "type": "Feature", "properties": { "name": "有巢广场", "lng": 117.395222, "lat": 31.723487, "type": "避难所", "subtype": "公园/广场", "address": "环湖北路合肥滨湖国家森林公园甲子河游船码头", "tel": "0551-62776600", "capacity": 5000, "id": 364 }, "geometry": { "type": "Point", "coordinates": [ 117.395222, 31.723487 ] } },
{ "type": "Feature", "properties": { "name": "骆驼广场", "lng": 117.246301, "lat": 32.004387, "type": "避难所", "subtype": "公园/广场", "address": "世纪金源购物中心A座", "tel": "", "capacity": 5000, "id": 365 }, "geometry": { "type": "Point", "coordinates": [ 117.246301, 32.004387 ] } },
{ "type": "Feature", "properties": { "name": "腾辉广场", "lng": 117.412639, "lat": 31.83367, "type": "避难所", "subtype": "公园/广场", "address": "三道弯路与钢材大道交叉口东南100米", "tel": "0551-64370888", "capacity": 5000, "id": 366 }, "geometry": { "type": "Point", "coordinates": [ 117.412639, 31.83367 ] } },
{ "type": "Feature", "properties": { "name": "融创文旅城脸谱广场", "lng": 117.303222, "lat": 31.69992, "type": "避难所", "subtype": "公园/广场", "address": "融创文旅城(万年埠地铁站A口步行220米)", "tel": "4009920088", "capacity": 5000, "id": 367 }, "geometry": { "type": "Point", "coordinates": [ 117.303222, 31.69992 ] } },
{ "type": "Feature", "properties": { "name": "中缘广场", "lng": 117.319177, "lat": 31.878136, "type": "避难所", "subtype": "公园/广场", "address": "全椒路与站前路交口信地·城市广场", "tel": "", "capacity": 5000, "id": 368 }, "geometry": { "type": "Point", "coordinates": [ 117.319177, 31.878136 ] } },
{ "type": "Feature", "properties": { "name": "融金广场", "lng": 117.169748, "lat": 31.859744, "type": "避难所", "subtype": "公园/广场", "address": "稻香路合肥时尚皮革城-项目", "tel": "", "capacity": 5000, "id": 369 }, "geometry": { "type": "Point", "coordinates": [ 117.169748, 31.859744 ] } },
{ "type": "Feature", "properties": { "name": "东门广场", "lng": 117.277765, "lat": 31.88661, "type": "避难所", "subtype": "公园/广场", "address": "双岗街道蒙城路与临泉路交口和煦园18栋701室可送达东门广场", "tel": "", "capacity": 5000, "id": 370 }, "geometry": { "type": "Point", "coordinates": [ 117.277765, 31.88661 ] } },
{ "type": "Feature", "properties": { "name": "安徽工商职业学院-大广场", "lng": 117.263111, "lat": 31.959487, "type": "避难所", "subtype": "公园/广场", "address": "金宁路与凤巢路交叉口北140米", "tel": "", "capacity": 5000, "id": 371 }, "geometry": { "type": "Point", "coordinates": [ 117.263111, 31.959487 ] } },
{ "type": "Feature", "properties": { "name": "金牛镇山尾中心村文化广场", "lng": 117.228541, "lat": 31.399922, "type": "避难所", "subtype": "公园/广场", "address": "金石路西北30米", "tel": "", "capacity": 5000, "id": 372 }, "geometry": { "type": "Point", "coordinates": [ 117.228541, 31.399922 ] } },
{ "type": "Feature", "properties": { "name": "女神环廊广场", "lng": 117.138929, "lat": 31.692912, "type": "避难所", "subtype": "公园/广场", "address": "祥源花世界内(东侧)", "tel": "", "capacity": 5000, "id": 373 }, "geometry": { "type": "Point", "coordinates": [ 117.138929, 31.692912 ] } },
{ "type": "Feature", "properties": { "name": "新月志愿服务广场", "lng": 117.206246, "lat": 31.793904, "type": "避难所", "subtype": "公园/广场", "address": "壶天路与笔峰路交叉口西100米", "tel": "", "capacity": 5000, "id": 374 }, "geometry": { "type": "Point", "coordinates": [ 117.206246, 31.793904 ] } },
{ "type": "Feature", "properties": { "name": "义井镇迎水村健身广场", "lng": 117.168007, "lat": 32.273057, "type": "避难所", "subtype": "公园/广场", "address": "皖小能汽车充电站(义井镇迎水村葫芦湾小区)西侧80米", "tel": "", "capacity": 5000, "id": 375 }, "geometry": { "type": "Point", "coordinates": [ 117.168007, 32.273057 ] } },
{ "type": "Feature", "properties": { "name": "党建文化广场", "lng": 117.920717, "lat": 31.665955, "type": "避难所", "subtype": "公园/广场", "address": "X014三瓜公社南瓜电商村", "tel": "", "capacity": 5000, "id": 376 }, "geometry": { "type": "Point", "coordinates": [ 117.920717, 31.665955 ] } },
{ "type": "Feature", "properties": { "name": "李桥村慈善文化广场", "lng": 116.870275, "lat": 31.612746, "type": "避难所", "subtype": "公园/广场", "address": "", "tel": "", "capacity": 5000, "id": 377 }, "geometry": { "type": "Point", "coordinates": [ 116.870275, 31.612746 ] } },
{ "type": "Feature", "properties": { "name": "安徽大学磬苑校区东广场", "lng": 117.187293, "lat": 31.766709, "type": "避难所", "subtype": "公园/广场", "address": "九龙路111号安徽大学(磬苑校区)", "tel": "", "capacity": 5000, "id": 378 }, "geometry": { "type": "Point", "coordinates": [ 117.187293, 31.766709 ] } },
{ "type": "Feature", "properties": { "name": "文化传媒广场", "lng": 117.217032, "lat": 31.808656, "type": "避难所", "subtype": "公园/广场", "address": "翡翠路1118号(图书馆地铁站8号口步行140米)", "tel": "", "capacity": 5000, "id": 379 }, "geometry": { "type": "Point", "coordinates": [ 117.217032, 31.808656 ] } },
{ "type": "Feature", "properties": { "name": "藕广场", "lng": 117.383325, "lat": 31.836925, "type": "避难所", "subtype": "公园/广场", "address": "裕溪路与钢红路交叉口东北200米", "tel": "", "capacity": 5000, "id": 380 }, "geometry": { "type": "Point", "coordinates": [ 117.383325, 31.836925 ] } },
{ "type": "Feature", "properties": { "name": "法治广场", "lng": 117.12034, "lat": 31.870956, "type": "避难所", "subtype": "公园/广场", "address": "爱民路与响洪甸路交叉口北340米", "tel": "", "capacity": 5000, "id": 381 }, "geometry": { "type": "Point", "coordinates": [ 117.12034, 31.870956 ] } },
{ "type": "Feature", "properties": { "name": "爱情广场", "lng": 117.279708, "lat": 31.864806, "type": "避难所", "subtype": "公园/广场", "address": "霍邱路87号大世界乡村振兴产品展销中心", "tel": "", "capacity": 5000, "id": 382 }, "geometry": { "type": "Point", "coordinates": [ 117.279708, 31.864806 ] } },
{ "type": "Feature", "properties": { "name": "逐浪广场", "lng": 117.311593, "lat": 31.836016, "type": "避难所", "subtype": "公园/广场", "address": "铜陵路与万罗山路交叉口", "tel": "", "capacity": 5000, "id": 383 }, "geometry": { "type": "Point", "coordinates": [ 117.311593, 31.836016 ] } },
{ "type": "Feature", "properties": { "name": "薛桥文化休闲广场", "lng": 117.105957, "lat": 32.352281, "type": "避难所", "subtype": "公园/广场", "address": "", "tel": "", "capacity": 5000, "id": 384 }, "geometry": { "type": "Point", "coordinates": [ 117.105957, 32.352281 ] } },
{ "type": "Feature", "properties": { "name": "南门广场", "lng": 117.299818, "lat": 31.741059, "type": "避难所", "subtype": "公园/广场", "address": "紫云路与庐州大道交叉口西200米", "tel": "", "capacity": 5000, "id": 385 }, "geometry": { "type": "Point", "coordinates": [ 117.299818, 31.741059 ] } },
{ "type": "Feature", "properties": { "name": "安徽大学磬苑校区杏坛广场", "lng": 117.18632, "lat": 31.765183, "type": "避难所", "subtype": "公园/广场", "address": "蜀山区经开区九龙路111号安徽大学新校区", "tel": "", "capacity": 5000, "id": 386 }, "geometry": { "type": "Point", "coordinates": [ 117.18632, 31.765183 ] } },
{ "type": "Feature", "properties": { "name": "杨宋村小广场", "lng": 117.675963, "lat": 31.911833, "type": "避难所", "subtype": "公园/广场", "address": "曹周路037县", "tel": "", "capacity": 5000, "id": 387 }, "geometry": { "type": "Point", "coordinates": [ 117.675963, 31.911833 ] } },
{ "type": "Feature", "properties": { "name": "杨店乡黄栗民族村远教文化广场", "lng": 117.542435, "lat": 32.076329, "type": "避难所", "subtype": "公园/广场", "address": "花梁路与黄栗大街交叉口北100米", "tel": "", "capacity": 5000, "id": 388 }, "geometry": { "type": "Point", "coordinates": [ 117.542435, 32.076329 ] } },
{ "type": "Feature", "properties": { "name": "月亮湾湿地公园林荫广场", "lng": 117.642475, "lat": 31.651725, "type": "避难所", "subtype": "公园/广场", "address": "滨湖大道与环巢湖北岸绿道交叉口南400米", "tel": "", "capacity": 5000, "id": 389 }, "geometry": { "type": "Point", "coordinates": [ 117.642475, 31.651725 ] } },
{ "type": "Feature", "properties": { "name": "志愿庐阳公益主题广场", "lng": 117.287033, "lat": 31.864155, "type": "避难所", "subtype": "公园/广场", "address": "徽州大道市府广场(四牌楼地铁站D口步行460米)", "tel": "", "capacity": 5000, "id": 390 }, "geometry": { "type": "Point", "coordinates": [ 117.287033, 31.864155 ] } },
{ "type": "Feature", "properties": { "name": "陶老活动广场", "lng": 117.372796, "lat": 31.228247, "type": "避难所", "subtype": "公园/广场", "address": "451省道陶老活动广场", "tel": "", "capacity": 5000, "id": 391 }, "geometry": { "type": "Point", "coordinates": [ 117.372796, 31.228247 ] } },
{ "type": "Feature", "properties": { "name": "文化活动广场", "lng": 117.579353, "lat": 32.059984, "type": "避难所", "subtype": "公园/广场", "address": "乡村华联(护城店)东北200米附近", "tel": "", "capacity": 5000, "id": 392 }, "geometry": { "type": "Point", "coordinates": [ 117.579353, 32.059984 ] } },
{ "type": "Feature", "properties": { "name": "音乐喷泉广场", "lng": 117.331374, "lat": 31.867357, "type": "避难所", "subtype": "公园/广场", "address": "长江东路589号花冲公园(北侧)", "tel": "0551-64485748", "capacity": 5000, "id": 393 }, "geometry": { "type": "Point", "coordinates": [ 117.331374, 31.867357 ] } },
{ "type": "Feature", "properties": { "name": "林荫广场", "lng": 117.317139, "lat": 31.890627, "type": "避难所", "subtype": "公园/广场", "address": "北二环路瑶海公园(东南角)", "tel": "", "capacity": 5000, "id": 394 }, "geometry": { "type": "Point", "coordinates": [ 117.317139, 31.890627 ] } },
{ "type": "Feature", "properties": { "name": "上派镇珍珠社区志愿服务广场", "lng": 117.158614, "lat": 31.728414, "type": "避难所", "subtype": "公园/广场", "address": "三河路与上派路交囗", "tel": "", "capacity": 5000, "id": 395 }, "geometry": { "type": "Point", "coordinates": [ 117.158614, 31.728414 ] } },
{ "type": "Feature", "properties": { "name": "栏杆集广场", "lng": 117.817153, "lat": 31.977559, "type": "避难所", "subtype": "公园/广场", "address": "老002县道旁", "tel": "", "capacity": 5000, "id": 396 }, "geometry": { "type": "Point", "coordinates": [ 117.817153, 31.977559 ] } },
{ "type": "Feature", "properties": { "name": "合肥紫蓬湾国际高尔夫俱乐部", "lng": 117.000771, "lat": 31.73006, "type": "避难所", "subtype": "体育/会展", "address": "紫蓬山国家森林公园", "tel": "0551-68588859", "capacity": 10000, "id": 397 }, "geometry": { "type": "Point", "coordinates": [ 117.000771, 31.73006 ] } },
{ "type": "Feature", "properties": { "name": "中环高尔夫俱乐部", "lng": 117.213368, "lat": 31.824547, "type": "避难所", "subtype": "体育/会展", "address": "蚁创智谷商务中心后院中环高尔夫俱乐部", "tel": "18404218848", "capacity": 10000, "id": 398 }, "geometry": { "type": "Point", "coordinates": [ 117.213368, 31.824547 ] } },
{ "type": "Feature", "properties": { "name": "合肥双凤湖高尔夫俱乐部", "lng": 117.268933, "lat": 32.029205, "type": "避难所", "subtype": "体育/会展", "address": "合肥市长丰县双墩镇双凤湖畔", "tel": "0551-66378888;0551-66398888", "capacity": 10000, "id": 399 }, "geometry": { "type": "Point", "coordinates": [ 117.268933, 32.029205 ] } },
{ "type": "Feature", "properties": { "name": "空蝉高尔夫俱乐部", "lng": 117.385974, "lat": 31.903173, "type": "避难所", "subtype": "体育/会展", "address": "岱山路与梦溪路交叉口向南100米", "tel": "19356508392", "capacity": 10000, "id": 400 }, "geometry": { "type": "Point", "coordinates": [ 117.385974, 31.903173 ] } },
{ "type": "Feature", "properties": { "name": "超星汇室内高尔夫俱乐部", "lng": 117.233506, "lat": 31.815554, "type": "避难所", "subtype": "体育/会展", "address": "新城国际D座-1楼IFC生活荟", "tel": "19392838055", "capacity": 10000, "id": 401 }, "geometry": { "type": "Point", "coordinates": [ 117.233506, 31.815554 ] } },
{ "type": "Feature", "properties": { "name": "合肥七铁高尔夫俱乐部", "lng": 117.235026, "lat": 31.85238, "type": "避难所", "subtype": "体育/会展", "address": "长江西路486号金牛路交叉路口国帧广场三号楼三楼", "tel": "19109693306", "capacity": 10000, "id": 402 }, "geometry": { "type": "Point", "coordinates": [ 117.235026, 31.85238 ] } },
{ "type": "Feature", "properties": { "name": "乐高室内高尔夫", "lng": 117.232775, "lat": 31.817725, "type": "避难所", "subtype": "体育/会展", "address": "潜山路190号银泰百货(合肥政务店)", "tel": "", "capacity": 10000, "id": 403 }, "geometry": { "type": "Point", "coordinates": [ 117.232775, 31.817725 ] } },
{ "type": "Feature", "properties": { "name": "NICE SHOT室内高尔夫球场", "lng": 117.321075, "lat": 31.902375, "type": "避难所", "subtype": "体育/会展", "address": "乐活购物中心", "tel": "", "capacity": 10000, "id": 404 }, "geometry": { "type": "Point", "coordinates": [ 117.321075, 31.902375 ] } },
{ "type": "Feature", "properties": { "name": "OASIS高尔夫俱乐部(淮矿和平盛世商业街店)", "lng": 117.310025, "lat": 31.856275, "type": "避难所", "subtype": "体育/会展", "address": "明光路与和平路交叉口南160米", "tel": "", "capacity": 10000, "id": 405 }, "geometry": { "type": "Point", "coordinates": [ 117.310025, 31.856275 ] } }
]
}
