{
"type": "FeatureCollection",
"name": "facilities_hazards",
"crs": { "type": "name", "properties": { "name": "urn:ogc:def:crs:EPSG::4490" } },
"features": [
{ "type": "Feature", "properties": { "name": "合肥市强大化工有限公司", "lng": 117.053791, "lat": 31.846934, "type": "危险源", "subtype": "化工厂", "address": "蜀山小庙工业区", "tel": "13705601336", "risk_level": 3, "hazard_material": "危险化学品", "buffer_radius": 800, "id": 0 }, "geometry": { "type": "Point", "coordinates": [ 117.053791, 31.846934 ] } },
{ "type": "Feature", "properties": { "name": "安徽江南化工股份有限公司", "lng": 117.135179, "lat": 31.838937, "type": "危险源", "subtype": "化工厂", "address": "高新产业园2期H2", "tel": "0551-65862550", "risk_level": 3, "hazard_material": "危险化学品", "buffer_radius": 800, "id": 1 }, "geometry": { "type": "Point", "coordinates": [ 117.135179, 31.838937 ] } },
{ "type": "Feature", "properties": { "name": "合肥振达化工有限公司", "lng": 117.149659, "lat": 31.785376, "type": "危险源", "subtype": "化工厂", "address": "桃花镇长安工业聚集繁华西路", "tel": "", "risk_level": 3, "hazard_material": "危险化学品", "buffer_radius": 800, "id": 2 }, "geometry": { "type": "Point", "coordinates": [ 117.149659, 31.785376 ] } },
{ "type": "Feature", "properties": { "name": "安徽瑞辰丰源化工有限公司", "lng": 117.286457, "lat": 31.919759, "type": "危险源", "subtype": "化工厂", "address": "安徽省合肥市庐阳区庐阳工业区凌湖路2号富邦产业园U6栋", "tel": "15255152817", "risk_level": 3, "hazard_material": "危险化学品", "buffer_radius": 800, "id": 3 }, "geometry": { "type": "Point", "coordinates": [ 117.286457, 31.919759 ] } },
{ "type": "Feature", "properties": { "name": "安徽华尔泰化工股份有限公司", "lng": 117.249525, "lat": 31.787475, "type": "危险源", "subtype": "化工厂", "address": "习友路与合作化南路交叉口西北220米", "tel": "", "risk_level": 3, "hazard_material": "危险化学品", "buffer_radius": 800, "id": 4 }, "geometry": { "type": "Point", "coordinates": [ 117.249525, 31.787475 ] } },
{ "type": "Feature", "properties": { "name": "国超化工", "lng": 117.305491, "lat": 31.828171, "type": "危险源", "subtype": "化工厂", "address": "同安街道望江东路299号金中环广场A座1楼1106室", "tel": "13965070933", "risk_level": 3, "hazard_material": "危险化学品", "buffer_radius": 800, "id": 5 }, "geometry": { "type": "Point", "coordinates": [ 117.305491, 31.828171 ] } },
{ "type": "Feature", "properties": { "name": "合肥三贡化工有限公司", "lng": 117.361053, "lat": 31.975443, "type": "危险源", "subtype": "化工厂", "address": "谷河路与淮武路交叉口东北180米", "tel": "0551-63857191", "risk_level": 3, "hazard_material": "危险化学品", "buffer_radius": 800, "id": 6 }, "geometry": { "type": "Point", "coordinates": [ 117.361053, 31.975443 ] } },
{ "type": "Feature", "properties": { "name": "合肥超宇化工有限公司", "lng": 117.323325, "lat": 31.850125, "type": "危险源", "subtype": "化工厂", "address": "裕溪路宝业城市绿苑25栋", "tel": "0551-64424317;13956005193", "risk_level": 3, "hazard_material": "危险化学品", "buffer_radius": 800, "id": 7 }, "geometry": { "type": "Point", "coordinates": [ 117.323325, 31.850125 ] } },
{ "type": "Feature", "properties": { "name": "合肥飞建化工有限责任公司", "lng": 117.338799, "lat": 31.886682, "type": "危险源", "subtype": "化工厂", "address": "北二环路与苍山路交口东北方向", "tel": "", "risk_level": 3, "hazard_material": "危险化学品", "buffer_radius": 800, "id": 8 }, "geometry": { "type": "Point", "coordinates": [ 117.338799, 31.886682 ] } },
{ "type": "Feature", "properties": { "name": "合肥振源化工有限公司", "lng": 117.350914, "lat": 31.893364, "type": "危险源", "subtype": "化工厂", "address": "瑶海区工业园新海大道与灵石路交口", "tel": "0551-64374778", "risk_level": 3, "hazard_material": "危险化学品", "buffer_radius": 800, "id": 9 }, "geometry": { "type": "Point", "coordinates": [ 117.350914, 31.893364 ] } },
{ "type": "Feature", "properties": { "name": "安徽辰可化工有限公司", "lng": 117.306091, "lat": 31.740183, "type": "危险源", "subtype": "化工厂", "address": "庐州大道2868号蓝山CBD F2层", "tel": "", "risk_level": 3, "hazard_material": "危险化学品", "buffer_radius": 800, "id": 10 }, "geometry": { "type": "Point", "coordinates": [ 117.306091, 31.740183 ] } },
{ "type": "Feature", "properties": { "name": "化工厂(公交站)", "lng": 117.350634, "lat": 31.844041, "type": "危险源", "subtype": "化工厂", "address": "9路", "tel": "", "risk_level": 3, "hazard_material": "危险化学品", "buffer_radius": 800, "id": 11 }, "geometry": { "type": "Point", "coordinates": [ 117.350634, 31.844041 ] } },
{ "type": "Feature", "properties": { "name": "化工厂(快速公交站)", "lng": 117.350693, "lat": 31.843774, "type": "危险源", "subtype": "化工厂", "address": "139路;28路;6路", "tel": "", "risk_level": 3, "hazard_material": "危险化学品", "buffer_radius": 800, "id": 12 }, "geometry": { "type": "Point", "coordinates": [ 117.350693, 31.843774 ] } },
{ "type": "Feature", "properties": { "name": "金皖化工厂", "lng": 117.382078, "lat": 31.867638, "type": "危险源", "subtype": "化工厂", "address": "综合经济开发区合肥龙岗综合经济开发区九狮水岸隔壁老小区", "tel": "", "risk_level": 3, "hazard_material": "危险化学品", "buffer_radius": 800, "id": 13 }, "geometry": { "type": "Point", "coordinates": [ 117.382078, 31.867638 ] } },
{ "type": "Feature", "properties": { "name": "安徽金顺化工有限公司", "lng": 117.378944, "lat": 31.818381, "type": "危险源", "subtype": "化工厂", "address": "聚源燃料油销售有限公司东门旁", "tel": "", "risk_level": 3, "hazard_material": "危险化学品", "buffer_radius": 800, "id": 14 }, "geometry": { "type": "Point", "coordinates": [ 117.378944, 31.818381 ] } },
{ "type": "Feature", "properties": { "name": "八通水玻璃厂", "lng": 117.413692, "lat": 31.839035, "type": "危险源", "subtype": "化工厂", "address": "撮镇镇合马路华东国际建材中心D区107幢101-103号", "tel": "15855111862", "risk_level": 3, "hazard_material": "危险化学品", "buffer_radius": 800, "id": 15 }, "geometry": { "type": "Point", "coordinates": [ 117.413692, 31.839035 ] } },
{ "type": "Feature", "properties": { "name": "合肥聚炎热能设备有限公司", "lng": 117.438545, "lat": 31.831178, "type": "危险源", "subtype": "化工厂", "address": "利恒塑胶厂房4楼", "tel": "15256583610;18756003975", "risk_level": 3, "hazard_material": "危险化学品", "buffer_radius": 800, "id": 16 }, "geometry": { "type": "Point", "coordinates": [ 117.438545, 31.831178 ] } },
{ "type": "Feature", "properties": { "name": "合肥康达化工有限公司", "lng": 117.511577, "lat": 31.930763, "type": "危险源", "subtype": "化工厂", "address": "329国道", "tel": "", "risk_level": 3, "hazard_material": "危险化学品", "buffer_radius": 800, "id": 17 }, "geometry": { "type": "Point", "coordinates": [ 117.511577, 31.930763 ] } },
{ "type": "Feature", "properties": { "name": "合肥益丰化工有限公司", "lng": 117.486467, "lat": 31.764781, "type": "危险源", "subtype": "化工厂", "address": "清泉路", "tel": "0551-67887805", "risk_level": 3, "hazard_material": "危险化学品", "buffer_radius": 800, "id": 18 }, "geometry": { "type": "Point", "coordinates": [ 117.486467, 31.764781 ] } },
{ "type": "Feature", "properties": { "name": "合肥先微气体有限公司(肥东工厂)", "lng": 117.490634, "lat": 31.771249, "type": "危险源", "subtype": "化工厂", "address": "丰草路8号", "tel": "13761462667", "risk_level": 3, "hazard_material": "危险化学品", "buffer_radius": 800, "id": 19 }, "geometry": { "type": "Point", "coordinates": [ 117.490634, 31.771249 ] } },
{ "type": "Feature", "properties": { "name": "合肥市森瑞化工有限责任公司", "lng": 117.500803, "lat": 31.764616, "type": "危险源", "subtype": "化工厂", "address": "循环经济示范园清泉路10号", "tel": "", "risk_level": 3, "hazard_material": "危险化学品", "buffer_radius": 800, "id": 20 }, "geometry": { "type": "Point", "coordinates": [ 117.500803, 31.764616 ] } },
{ "type": "Feature", "properties": { "name": "中盐安徽天辰化工有限公司", "lng": 117.503922, "lat": 31.768449, "type": "危险源", "subtype": "化工厂", "address": "宏图大道与天工大道交叉口西北角", "tel": "0551-64521588", "risk_level": 3, "hazard_material": "危险化学品", "buffer_radius": 800, "id": 21 }, "geometry": { "type": "Point", "coordinates": [ 117.503922, 31.768449 ] } },
{ "type": "Feature", "properties": { "name": "安徽省肥东县太子山化工有限责任公司", "lng": 117.609335, "lat": 31.924933, "type": "危险源", "subtype": "化工厂", "address": "S326省道附近", "tel": "0551-67451179", "risk_level": 3, "hazard_material": "危险化学品", "buffer_radius": 800, "id": 22 }, "geometry": { "type": "Point", "coordinates": [ 117.609335, 31.924933 ] } },
{ "type": "Feature", "properties": { "name": "化工厂(公交站)", "lng": 117.806081, "lat": 31.643841, "type": "危险源", "subtype": "化工厂", "address": "(停运)巢湖8路;H101路", "tel": "", "risk_level": 3, "hazard_material": "危险化学品", "buffer_radius": 800, "id": 23 }, "geometry": { "type": "Point", "coordinates": [ 117.806081, 31.643841 ] } },
{ "type": "Feature", "properties": { "name": "广钢气体合肥电子特气项目部", "lng": 117.01737, "lat": 31.961558, "type": "危险源", "subtype": "化工厂", "address": "高刘镇白云路萧山路口西北角", "tel": "", "risk_level": 3, "hazard_material": "危险化学品", "buffer_radius": 800, "id": 24 }, "geometry": { "type": "Point", "coordinates": [ 117.01737, 31.961558 ] } },
{ "type": "Feature", "properties": { "name": "福凯沙石场", "lng": 117.023625, "lat": 31.758225, "type": "危险源", "subtype": "化工厂", "address": "农兴路与044县道交叉口东20米", "tel": "0551-68582688", "risk_level": 3, "hazard_material": "危险化学品", "buffer_radius": 800, "id": 25 }, "geometry": { "type": "Point", "coordinates": [ 117.023625, 31.758225 ] } },
{ "type": "Feature", "properties": { "name": "合肥天威石化有限公司", "lng": 117.050561, "lat": 31.842339, "type": "危险源", "subtype": "化工厂", "address": "兆勋路14号", "tel": "", "risk_level": 3, "hazard_material": "危险化学品", "buffer_radius": 800, "id": 26 }, "geometry": { "type": "Point", "coordinates": [ 117.050561, 31.842339 ] } },
{ "type": "Feature", "properties": { "name": "合肥珺豪园林绿化工程有限公司", "lng": 117.083144, "lat": 31.826869, "type": "危险源", "subtype": "化工厂", "address": "望江西路988号", "tel": "", "risk_level": 3, "hazard_material": "危险化学品", "buffer_radius": 800, "id": 27 }, "geometry": { "type": "Point", "coordinates": [ 117.083144, 31.826869 ] } },
{ "type": "Feature", "properties": { "name": "合肥雅翔金属制品有限公司", "lng": 117.139525, "lat": 31.979925, "type": "危险源", "subtype": "化工厂", "address": "岗集镇井沿村合淮路19号", "tel": "15158693208", "risk_level": 3, "hazard_material": "危险化学品", "buffer_radius": 800, "id": 28 }, "geometry": { "type": "Point", "coordinates": [ 117.139525, 31.979925 ] } },
{ "type": "Feature", "properties": { "name": "合肥大手笔金属制品有限公司", "lng": 117.09761, "lat": 31.776297, "type": "危险源", "subtype": "化工厂", "address": "森林大道58号", "tel": "", "risk_level": 3, "hazard_material": "危险化学品", "buffer_radius": 800, "id": 29 }, "geometry": { "type": "Point", "coordinates": [ 117.09761, 31.776297 ] } },
{ "type": "Feature", "properties": { "name": "安徽福禧化工有限公司", "lng": 117.13325, "lat": 31.849337, "type": "危险源", "subtype": "化工厂", "address": "创新大道2809号置地·创新中心", "tel": "", "risk_level": 3, "hazard_material": "危险化学品", "buffer_radius": 800, "id": 30 }, "geometry": { "type": "Point", "coordinates": [ 117.13325, 31.849337 ] } },
{ "type": "Feature", "properties": { "name": "合肥普纳斯化工科技有限公司", "lng": 117.135069, "lat": 31.838979, "type": "危险源", "subtype": "化工厂", "address": "创新大道与彩虹东路交叉口东南180米", "tel": "", "risk_level": 3, "hazard_material": "危险化学品", "buffer_radius": 800, "id": 31 }, "geometry": { "type": "Point", "coordinates": [ 117.135069, 31.838979 ] } },
{ "type": "Feature", "properties": { "name": "安徽博讯园林绿化工程有限公司", "lng": 117.150264, "lat": 31.865034, "type": "危险源", "subtype": "化工厂", "address": "振兴路与湖光路交叉口东北100米", "tel": "", "risk_level": 3, "hazard_material": "危险化学品", "buffer_radius": 800, "id": 32 }, "geometry": { "type": "Point", "coordinates": [ 117.150264, 31.865034 ] } },
{ "type": "Feature", "properties": { "name": "安徽堎东绿化工程有限公司", "lng": 117.151352, "lat": 31.866465, "type": "危险源", "subtype": "化工厂", "address": "电商园三期会务中心3号楼", "tel": "", "risk_level": 3, "hazard_material": "危险化学品", "buffer_radius": 800, "id": 33 }, "geometry": { "type": "Point", "coordinates": [ 117.151352, 31.866465 ] } },
{ "type": "Feature", "properties": { "name": "安徽捷成电气自动化工程有限公司", "lng": 117.142975, "lat": 31.793675, "type": "危险源", "subtype": "化工厂", "address": "马瑞利支路与一号路交叉口东南80米", "tel": "", "risk_level": 3, "hazard_material": "危险化学品", "buffer_radius": 800, "id": 34 }, "geometry": { "type": "Point", "coordinates": [ 117.142975, 31.793675 ] } },
{ "type": "Feature", "properties": { "name": "合肥宏伟园林绿化工程有限公司", "lng": 117.11908, "lat": 31.711565, "type": "危险源", "subtype": "化工厂", "address": "三岗路与070乡道交叉口东160米", "tel": "", "risk_level": 3, "hazard_material": "危险化学品", "buffer_radius": 800, "id": 35 }, "geometry": { "type": "Point", "coordinates": [ 117.11908, 31.711565 ] } },
{ "type": "Feature", "properties": { "name": "中石化第四建设有限公司", "lng": 117.130882, "lat": 31.713099, "type": "危险源", "subtype": "化工厂", "address": "三岗路6号", "tel": "17515298900", "risk_level": 3, "hazard_material": "危险化学品", "buffer_radius": 800, "id": 36 }, "geometry": { "type": "Point", "coordinates": [ 117.130882, 31.713099 ] } },
{ "type": "Feature", "properties": { "name": "合肥市松磊园林绿化工程有限公司", "lng": 117.134675, "lat": 31.721975, "type": "危险源", "subtype": "化工厂", "address": "站下路与创新大道交叉口东300米", "tel": "", "risk_level": 3, "hazard_material": "危险化学品", "buffer_radius": 800, "id": 37 }, "geometry": { "type": "Point", "coordinates": [ 117.134675, 31.721975 ] } },
{ "type": "Feature", "properties": { "name": "安徽创景园林绿化工程有限公司", "lng": 117.191175, "lat": 31.833775, "type": "危险源", "subtype": "化工厂", "address": "望江西路与金桂路交叉口东北340米", "tel": "", "risk_level": 3, "hazard_material": "危险化学品", "buffer_radius": 800, "id": 38 }, "geometry": { "type": "Point", "coordinates": [ 117.191175, 31.833775 ] } },
{ "type": "Feature", "properties": { "name": "安徽美程化工有限公司", "lng": 117.207875, "lat": 31.852375, "type": "危险源", "subtype": "化工厂", "address": "浙商大厦A座(科学大道地铁站B口步行400米)", "tel": "", "risk_level": 3, "hazard_material": "危险化学品", "buffer_radius": 800, "id": 39 }, "geometry": { "type": "Point", "coordinates": [ 117.207875, 31.852375 ] } },
{ "type": "Feature", "properties": { "name": "安徽天澜园林绿化工程有限公司", "lng": 117.185675, "lat": 31.778725, "type": "危险源", "subtype": "化工厂", "address": "容成路与九龙路交叉口西120米", "tel": "", "risk_level": 3, "hazard_material": "危险化学品", "buffer_radius": 800, "id": 40 }, "geometry": { "type": "Point", "coordinates": [ 117.185675, 31.778725 ] } },
{ "type": "Feature", "properties": { "name": "安徽施泰化工有限公司", "lng": 117.22735, "lat": 31.854319, "type": "危险源", "subtype": "化工厂", "address": "蓝光禹州城22层2201-2203", "tel": "", "risk_level": 3, "hazard_material": "危险化学品", "buffer_radius": 800, "id": 41 }, "geometry": { "type": "Point", "coordinates": [ 117.22735, 31.854319 ] } },
{ "type": "Feature", "properties": { "name": "安徽乾忱化工科技有限公司", "lng": 117.231175, "lat": 31.862075, "type": "危险源", "subtype": "化工厂", "address": "国瑞大厦(南新庄地铁站A口步行50米)", "tel": "", "risk_level": 3, "hazard_material": "危险化学品", "buffer_radius": 800, "id": 42 }, "geometry": { "type": "Point", "coordinates": [ 117.231175, 31.862075 ] } },
{ "type": "Feature", "properties": { "name": "安徽万晟达智能化工程有限公司", "lng": 117.273073, "lat": 31.990534, "type": "危险源", "subtype": "化工厂", "address": "高宏大厦", "tel": "", "risk_level": 3, "hazard_material": "危险化学品", "buffer_radius": 800, "id": 43 }, "geometry": { "type": "Point", "coordinates": [ 117.273073, 31.990534 ] } },
{ "type": "Feature", "properties": { "name": "合肥德研化工科技有限公司", "lng": 117.246373, "lat": 31.879047, "type": "危险源", "subtype": "化工厂", "address": "万科中心(杏花村地铁站B口步行140米)", "tel": "", "risk_level": 3, "hazard_material": "危险化学品", "buffer_radius": 800, "id": 44 }, "geometry": { "type": "Point", "coordinates": [ 117.246373, 31.879047 ] } },
{ "type": "Feature", "properties": { "name": "合肥沐燚金属科技有限公司", "lng": 117.230325, "lat": 31.824375, "type": "危险源", "subtype": "化工厂", "address": "中侨中心A座(市政务中心地铁站A口步行370米)", "tel": "", "risk_level": 3, "hazard_material": "危险化学品", "buffer_radius": 800, "id": 45 }, "geometry": { "type": "Point", "coordinates": [ 117.230325, 31.824375 ] } },
{ "type": "Feature", "properties": { "name": "悦汐影视文化工作室", "lng": 117.233475, "lat": 31.829975, "type": "危险源", "subtype": "化工厂", "address": "潜山路与庙岗路交叉口东180米", "tel": "", "risk_level": 3, "hazard_material": "危险化学品", "buffer_radius": 800, "id": 46 }, "geometry": { "type": "Point", "coordinates": [ 117.233475, 31.829975 ] } },
{ "type": "Feature", "properties": { "name": "安徽拓孚化工有限公司", "lng": 117.232675, "lat": 31.821225, "type": "危险源", "subtype": "化工厂", "address": "蓝海国际大厦A座(市政务中心地铁站B口步行120米)", "tel": "", "risk_level": 3, "hazard_material": "危险化学品", "buffer_radius": 800, "id": 47 }, "geometry": { "type": "Point", "coordinates": [ 117.232675, 31.821225 ] } },
{ "type": "Feature", "properties": { "name": "合肥中宏化工有限公司", "lng": 117.22045, "lat": 31.78069, "type": "危险源", "subtype": "化工厂", "address": "凤凰国际A座", "tel": "", "risk_level": 3, "hazard_material": "危险化学品", "buffer_radius": 800, "id": 48 }, "geometry": { "type": "Point", "coordinates": [ 117.22045, 31.78069 ] } },
{ "type": "Feature", "properties": { "name": "安徽德利来化工科技有限公司", "lng": 117.232925, "lat": 31.814325, "type": "危险源", "subtype": "化工厂", "address": "蔚蓝商务港", "tel": "", "risk_level": 3, "hazard_material": "危险化学品", "buffer_radius": 800, "id": 49 }, "geometry": { "type": "Point", "coordinates": [ 117.232925, 31.814325 ] } },
{ "type": "Feature", "properties": { "name": "安徽德创净化工程公司", "lng": 117.234792, "lat": 31.813351, "type": "危险源", "subtype": "化工厂", "address": "蔚蓝商务港B座", "tel": "", "risk_level": 3, "hazard_material": "危险化学品", "buffer_radius": 800, "id": 50 }, "geometry": { "type": "Point", "coordinates": [ 117.234792, 31.813351 ] } },
{ "type": "Feature", "properties": { "name": "安徽双佳净化工程有限公司", "lng": 117.195279, "lat": 31.681311, "type": "危险源", "subtype": "化工厂", "address": "深圳路交蓬莱路联东U谷28栋", "tel": "0551-69020232;13155100237", "risk_level": 3, "hazard_material": "危险化学品", "buffer_radius": 800, "id": 51 }, "geometry": { "type": "Point", "coordinates": [ 117.195279, 31.681311 ] } },
{ "type": "Feature", "properties": { "name": "科林尔净化工程有限公司", "lng": 117.280848, "lat": 31.918346, "type": "危险源", "subtype": "化工厂", "address": "阜阳北路与凌湖路交口西北角501华林创谷", "tel": "", "risk_level": 3, "hazard_material": "危险化学品", "buffer_radius": 800, "id": 52 }, "geometry": { "type": "Point", "coordinates": [ 117.280848, 31.918346 ] } },
{ "type": "Feature", "properties": { "name": "合肥胜峰化工仪器有限公司", "lng": 117.28701, "lat": 31.918952, "type": "危险源", "subtype": "化工厂", "address": "凌湖路与凤祥路交叉口东北220米", "tel": "", "risk_level": 3, "hazard_material": "危险化学品", "buffer_radius": 800, "id": 53 }, "geometry": { "type": "Point", "coordinates": [ 117.28701, 31.918952 ] } },
{ "type": "Feature", "properties": { "name": "安徽化工院检测评价科技有限公司", "lng": 117.284775, "lat": 31.899625, "type": "危险源", "subtype": "化工厂", "address": "阜阳北路与北二环路辅路交叉口北100米", "tel": "", "risk_level": 3, "hazard_material": "危险化学品", "buffer_radius": 800, "id": 54 }, "geometry": { "type": "Point", "coordinates": [ 117.284775, 31.899625 ] } },
{ "type": "Feature", "properties": { "name": "合肥信立化工有限公司", "lng": 117.26753, "lat": 31.84058, "type": "危险源", "subtype": "化工厂", "address": "黄金广场", "tel": "", "risk_level": 3, "hazard_material": "危险化学品", "buffer_radius": 800, "id": 55 }, "geometry": { "type": "Point", "coordinates": [ 117.26753, 31.84058 ] } },
{ "type": "Feature", "properties": { "name": "安徽唯真化工进出口有限公司", "lng": 117.272812, "lat": 31.845163, "type": "危险源", "subtype": "化工厂", "address": "绩溪路维果大厦(中国科大东区地铁站A口步行360米)", "tel": "", "risk_level": 3, "hazard_material": "危险化学品", "buffer_radius": 800, "id": 56 }, "geometry": { "type": "Point", "coordinates": [ 117.272812, 31.845163 ] } },
{ "type": "Feature", "properties": { "name": "中化化肥有限公司安徽分公司", "lng": 117.267154, "lat": 31.81244, "type": "危险源", "subtype": "化工厂", "address": "绿地中心B座", "tel": "", "risk_level": 3, "hazard_material": "危险化学品", "buffer_radius": 800, "id": 57 }, "geometry": { "type": "Point", "coordinates": [ 117.267154, 31.81244 ] } },
{ "type": "Feature", "properties": { "name": "安徽亨通金属制品有限公司", "lng": 117.284162, "lat": 31.838933, "type": "危险源", "subtype": "化工厂", "address": "徽州大道与九华山路交叉口东南60米", "tel": "", "risk_level": 3, "hazard_material": "危险化学品", "buffer_radius": 800, "id": 58 }, "geometry": { "type": "Point", "coordinates": [ 117.284162, 31.838933 ] } },
{ "type": "Feature", "properties": { "name": "合肥合胜金属科技有限公司", "lng": 117.327186, "lat": 31.968827, "type": "危险源", "subtype": "化工厂", "address": "怀远路三元产业园-合胜金属", "tel": "15555455543", "risk_level": 3, "hazard_material": "危险化学品", "buffer_radius": 800, "id": 59 }, "geometry": { "type": "Point", "coordinates": [ 117.327186, 31.968827 ] } },
{ "type": "Feature", "properties": { "name": "合肥恒大园林绿化工程有限公司", "lng": 117.297912, "lat": 31.876711, "type": "危险源", "subtype": "化工厂", "address": "淮南路与炉桥路交叉口南160米", "tel": "", "risk_level": 3, "hazard_material": "危险化学品", "buffer_radius": 800, "id": 60 }, "geometry": { "type": "Point", "coordinates": [ 117.297912, 31.876711 ] } },
{ "type": "Feature", "properties": { "name": "中化学东华安徽新材料有限公司碳基高性能材料产业示范项目", "lng": 117.323053, "lat": 31.953876, "type": "危险源", "subtype": "化工厂", "address": "怀远路88号", "tel": "", "risk_level": 3, "hazard_material": "危险化学品", "buffer_radius": 800, "id": 61 }, "geometry": { "type": "Point", "coordinates": [ 117.323053, 31.953876 ] } },
{ "type": "Feature", "properties": { "name": "合肥跃强金属制品有限公司", "lng": 117.290812, "lat": 31.8473, "type": "危险源", "subtype": "化工厂", "address": "南一环路辅路与宁国南路辅路交叉口西南约60米", "tel": "", "risk_level": 3, "hazard_material": "危险化学品", "buffer_radius": 800, "id": 62 }, "geometry": { "type": "Point", "coordinates": [ 117.290812, 31.8473 ] } },
{ "type": "Feature", "properties": { "name": "安徽巨耀净化工程有限公司", "lng": 117.311575, "lat": 31.885025, "type": "危险源", "subtype": "化工厂", "address": "站前路与淮光路交叉口东南100米", "tel": "", "risk_level": 3, "hazard_material": "危险化学品", "buffer_radius": 800, "id": 63 }, "geometry": { "type": "Point", "coordinates": [ 117.311575, 31.885025 ] } },
{ "type": "Feature", "properties": { "name": "合肥跃强金属制品有限公司", "lng": 117.299425, "lat": 31.829075, "type": "危险源", "subtype": "化工厂", "address": "汇鑫大厦B座", "tel": "", "risk_level": 3, "hazard_material": "危险化学品", "buffer_radius": 800, "id": 64 }, "geometry": { "type": "Point", "coordinates": [ 117.299425, 31.829075 ] } },
{ "type": "Feature", "properties": { "name": "安徽云燕化工科技有限公司", "lng": 117.31025, "lat": 31.859741, "type": "危险源", "subtype": "化工厂", "address": "大通路51号力天国际", "tel": "", "risk_level": 3, "hazard_material": "危险化学品", "buffer_radius": 800, "id": 65 }, "geometry": { "type": "Point", "coordinates": [ 117.31025, 31.859741 ] } },
{ "type": "Feature", "properties": { "name": "华友化工国际贸易(上海)有限公司", "lng": 117.334767, "lat": 31.926626, "type": "危险源", "subtype": "化工厂", "address": "泗水路与大禹路交叉口北140米", "tel": "", "risk_level": 3, "hazard_material": "危险化学品", "buffer_radius": 800, "id": 66 }, "geometry": { "type": "Point", "coordinates": [ 117.334767, 31.926626 ] } },
{ "type": "Feature", "properties": { "name": "中国化学土木工程华东公司安徽区域经营中心", "lng": 117.30067, "lat": 31.815339, "type": "危险源", "subtype": "化工厂", "address": "加侨国际广场写字楼-B座1507室", "tel": "13865515756", "risk_level": 3, "hazard_material": "危险化学品", "buffer_radius": 800, "id": 67 }, "geometry": { "type": "Point", "coordinates": [ 117.30067, 31.815339 ] } },
{ "type": "Feature", "properties": { "name": "安徽圣帆化工有限公司", "lng": 117.336975, "lat": 31.912025, "type": "危险源", "subtype": "化工厂", "address": "铜陵北路与天水路辅路交叉口东200米", "tel": "", "risk_level": 3, "hazard_material": "危险化学品", "buffer_radius": 800, "id": 68 }, "geometry": { "type": "Point", "coordinates": [ 117.336975, 31.912025 ] } },
{ "type": "Feature", "properties": { "name": "安徽翠海园林绿化工程有限公司", "lng": 117.291129, "lat": 31.751892, "type": "危险源", "subtype": "化工厂", "address": "徽州大道4872号合肥金融港-B3栋", "tel": "", "risk_level": 3, "hazard_material": "危险化学品", "buffer_radius": 800, "id": 69 }, "geometry": { "type": "Point", "coordinates": [ 117.291129, 31.751892 ] } },
{ "type": "Feature", "properties": { "name": "合肥精英化工产品有限公司", "lng": 117.342725, "lat": 31.845425, "type": "危险源", "subtype": "化工厂", "address": "圣大国际商业广场A1区", "tel": "", "risk_level": 3, "hazard_material": "危险化学品", "buffer_radius": 800, "id": 70 }, "geometry": { "type": "Point", "coordinates": [ 117.342725, 31.845425 ] } },
{ "type": "Feature", "properties": { "name": "合肥倍力得金属制品有限公司", "lng": 117.348625, "lat": 31.799675, "type": "危险源", "subtype": "化工厂", "address": "天津路与月潭路交叉口西北60米", "tel": "", "risk_level": 3, "hazard_material": "危险化学品", "buffer_radius": 800, "id": 71 }, "geometry": { "type": "Point", "coordinates": [ 117.348625, 31.799675 ] } },
{ "type": "Feature", "properties": { "name": "合肥勇银石油化工有限公司", "lng": 117.361505, "lat": 31.789564, "type": "危险源", "subtype": "化工厂", "address": "辽宁路与沈阳路交叉口西180米", "tel": "", "risk_level": 3, "hazard_material": "危险化学品", "buffer_radius": 800, "id": 72 }, "geometry": { "type": "Point", "coordinates": [ 117.361505, 31.789564 ] } },
{ "type": "Feature", "properties": { "name": "安徽友昌化工有限公司", "lng": 117.400867, "lat": 31.906521, "type": "危险源", "subtype": "化工厂", "address": "合肥佳鑫铸造有限公司附近", "tel": "", "risk_level": 3, "hazard_material": "危险化学品", "buffer_radius": 800, "id": 73 }, "geometry": { "type": "Point", "coordinates": [ 117.400867, 31.906521 ] } },
{ "type": "Feature", "properties": { "name": "恒吉食品化工商贸", "lng": 117.38491, "lat": 31.838307, "type": "危险源", "subtype": "化工厂", "address": "钟油坊路与和平路交叉口西南140米", "tel": "", "risk_level": 3, "hazard_material": "危险化学品", "buffer_radius": 800, "id": 74 }, "geometry": { "type": "Point", "coordinates": [ 117.38491, 31.838307 ] } },
{ "type": "Feature", "properties": { "name": "安徽祥能石油化工有限公司", "lng": 117.384525, "lat": 31.834975, "type": "危险源", "subtype": "化工厂", "address": "弘皓大厦(大兴集地铁站D口步行160米)", "tel": "", "risk_level": 3, "hazard_material": "危险化学品", "buffer_radius": 800, "id": 75 }, "geometry": { "type": "Point", "coordinates": [ 117.384525, 31.834975 ] } },
{ "type": "Feature", "properties": { "name": "合肥必胜必和化工建材有限公司", "lng": 117.381673, "lat": 31.81273, "type": "危险源", "subtype": "化工厂", "address": "兴港路35号", "tel": "13655601922", "risk_level": 3, "hazard_material": "危险化学品", "buffer_radius": 800, "id": 76 }, "geometry": { "type": "Point", "coordinates": [ 117.381673, 31.81273 ] } },
{ "type": "Feature", "properties": { "name": "三拐沙石场", "lng": 117.273417, "lat": 31.396387, "type": "危险源", "subtype": "化工厂", "address": "石头镇三拐村退役军人服务站西北侧130米", "tel": "", "risk_level": 3, "hazard_material": "危险化学品", "buffer_radius": 800, "id": 77 }, "geometry": { "type": "Point", "coordinates": [ 117.273417, 31.396387 ] } },
{ "type": "Feature", "properties": { "name": "合肥奥森金属制品有限公司", "lng": 117.415525, "lat": 31.838359, "type": "危险源", "subtype": "化工厂", "address": "撮镇镇合马路北侧华东国际建材中心A区126幢102室", "tel": "13615515118", "risk_level": 3, "hazard_material": "危险化学品", "buffer_radius": 800, "id": 78 }, "geometry": { "type": "Point", "coordinates": [ 117.415525, 31.838359 ] } },
{ "type": "Feature", "properties": { "name": "合肥昊艺金属制品有限公司(泗水路)", "lng": 117.460612, "lat": 31.970694, "type": "危险源", "subtype": "化工厂", "address": "牌殷路022县", "tel": "13965083571", "risk_level": 3, "hazard_material": "危险化学品", "buffer_radius": 800, "id": 79 }, "geometry": { "type": "Point", "coordinates": [ 117.460612, 31.970694 ] } },
{ "type": "Feature", "properties": { "name": "合肥欣泓金属科技有限公司", "lng": 117.233918, "lat": 31.245824, "type": "危险源", "subtype": "化工厂", "address": "洋河路170号", "tel": "", "risk_level": 3, "hazard_material": "危险化学品", "buffer_radius": 800, "id": 80 }, "geometry": { "type": "Point", "coordinates": [ 117.233918, 31.245824 ] } },
{ "type": "Feature", "properties": { "name": "合肥洁新净化工程有限公司", "lng": 117.427572, "lat": 31.831516, "type": "危险源", "subtype": "化工厂", "address": "合马路浙商城食品城", "tel": "", "risk_level": 3, "hazard_material": "危险化学品", "buffer_radius": 800, "id": 81 }, "geometry": { "type": "Point", "coordinates": [ 117.427572, 31.831516 ] } },
{ "type": "Feature", "properties": { "name": "安徽美信净化工程有限公司", "lng": 117.429328, "lat": 31.831485, "type": "危险源", "subtype": "化工厂", "address": "裕溪路888号合肥浙商城", "tel": "", "risk_level": 3, "hazard_material": "危险化学品", "buffer_radius": 800, "id": 82 }, "geometry": { "type": "Point", "coordinates": [ 117.429328, 31.831485 ] } },
{ "type": "Feature", "properties": { "name": "合肥金园地景观绿化工程有限公司", "lng": 117.521231, "lat": 31.743732, "type": "危险源", "subtype": "化工厂", "address": "循环经济示范园刘集社区小李组", "tel": "", "risk_level": 3, "hazard_material": "危险化学品", "buffer_radius": 800, "id": 83 }, "geometry": { "type": "Point", "coordinates": [ 117.521231, 31.743732 ] } },
{ "type": "Feature", "properties": { "name": "鑫棋化工设备", "lng": 117.443572, "lat": 31.148956, "type": "危险源", "subtype": "化工厂", "address": "龙桥大道与龙矾路交叉口东400米", "tel": "", "risk_level": 3, "hazard_material": "危险化学品", "buffer_radius": 800, "id": 84 }, "geometry": { "type": "Point", "coordinates": [ 117.443572, 31.148956 ] } },
{ "type": "Feature", "properties": { "name": "中国化学工程第十三建设有限公司", "lng": 117.890812, "lat": 31.566059, "type": "危险源", "subtype": "化工厂", "address": "稳利达变压器科技有限公司西北门东北60米", "tel": "", "risk_level": 3, "hazard_material": "危险化学品", "buffer_radius": 800, "id": 85 }, "geometry": { "type": "Point", "coordinates": [ 117.890812, 31.566059 ] } },
{ "type": "Feature", "properties": { "name": "安徽布尔自动化工程有限公司", "lng": 117.276807, "lat": 31.757535, "type": "危险源", "subtype": "化工厂", "address": "锦绣大道辅路与明德路交叉口北180米", "tel": "", "risk_level": 3, "hazard_material": "危险化学品", "buffer_radius": 800, "id": 86 }, "geometry": { "type": "Point", "coordinates": [ 117.276807, 31.757535 ] } },
{ "type": "Feature", "properties": { "name": "安徽诚正达化工有限公司", "lng": 117.306892, "lat": 31.878702, "type": "危险源", "subtype": "化工厂", "address": "北一环路与鼓乡路交口西北侧中星城", "tel": "", "risk_level": 3, "hazard_material": "危险化学品", "buffer_radius": 800, "id": 87 }, "geometry": { "type": "Point", "coordinates": [ 117.306892, 31.878702 ] } },
{ "type": "Feature", "properties": { "name": "中铁四局集团有限公司新站高新区综合水质净化工程项目部", "lng": 117.351923, "lat": 31.970374, "type": "危险源", "subtype": "化工厂", "address": "新蚌埠路3768号中铁四局集团有限公司新站高新区综合水质净化工程项目部", "tel": "", "risk_level": 3, "hazard_material": "危险化学品", "buffer_radius": 800, "id": 88 }, "geometry": { "type": "Point", "coordinates": [ 117.351923, 31.970374 ] } },
{ "type": "Feature", "properties": { "name": "安徽茁禾净化工程有限公司", "lng": 117.399384, "lat": 31.887593, "type": "危险源", "subtype": "化工厂", "address": "龙岗开发区大众路尚荣大健康产业园10栋908室", "tel": "15375244458", "risk_level": 3, "hazard_material": "危险化学品", "buffer_radius": 800, "id": 89 }, "geometry": { "type": "Point", "coordinates": [ 117.399384, 31.887593 ] } },
{ "type": "Feature", "properties": { "name": "合肥忠豪石油化工有限公司", "lng": 117.32946, "lat": 31.89347, "type": "危险源", "subtype": "化工厂", "address": "颍河路950号新站总部经济大厦", "tel": "", "risk_level": 3, "hazard_material": "危险化学品", "buffer_radius": 800, "id": 90 }, "geometry": { "type": "Point", "coordinates": [ 117.32946, 31.89347 ] } },
{ "type": "Feature", "properties": { "name": "合肥汇智化工技术有限公司", "lng": 117.196645, "lat": 31.825057, "type": "危险源", "subtype": "化工厂", "address": "合欢路16号天怡新世纪商务中心", "tel": "", "risk_level": 3, "hazard_material": "危险化学品", "buffer_radius": 800, "id": 91 }, "geometry": { "type": "Point", "coordinates": [ 117.196645, 31.825057 ] } },
{ "type": "Feature", "properties": { "name": "安徽嘉力德冶金设备制造有限公司", "lng": 117.497875, "lat": 31.763325, "type": "危险源", "subtype": "化工厂", "address": "撮镇镇合肥循环经济示范园清泉路3号", "tel": "", "risk_level": 3, "hazard_material": "危险化学品", "buffer_radius": 800, "id": 92 }, "geometry": { "type": "Point", "coordinates": [ 117.497875, 31.763325 ] } },
{ "type": "Feature", "properties": { "name": "合肥晓坤机电工程有限公司", "lng": 117.094611, "lat": 31.768419, "type": "危险源", "subtype": "化工厂", "address": "华南城一期精品交易区3区A-1D4-16室", "tel": "0551-63445023", "risk_level": 3, "hazard_material": "危险化学品", "buffer_radius": 800, "id": 93 }, "geometry": { "type": "Point", "coordinates": [ 117.094611, 31.768419 ] } },
{ "type": "Feature", "properties": { "name": "合肥泰华金属制造有限责任公司C区", "lng": 117.346425, "lat": 31.983475, "type": "危险源", "subtype": "化工厂", "address": "佳海六路与北二路交叉口东北100米", "tel": "", "risk_level": 3, "hazard_material": "危险化学品", "buffer_radius": 800, "id": 94 }, "geometry": { "type": "Point", "coordinates": [ 117.346425, 31.983475 ] } },
{ "type": "Feature", "properties": { "name": "安徽驰尖金属制品有限公司", "lng": 117.402925, "lat": 31.868375, "type": "危险源", "subtype": "化工厂", "address": "长江东路辅路与皇甫山路交叉口西220米", "tel": "13564197866", "risk_level": 3, "hazard_material": "危险化学品", "buffer_radius": 800, "id": 95 }, "geometry": { "type": "Point", "coordinates": [ 117.402925, 31.868375 ] } },
{ "type": "Feature", "properties": { "name": "六国化工", "lng": 117.167125, "lat": 32.492125, "type": "危险源", "subtype": "化工厂", "address": "金秋花园西北门西130米", "tel": "", "risk_level": 3, "hazard_material": "危险化学品", "buffer_radius": 800, "id": 96 }, "geometry": { "type": "Point", "coordinates": [ 117.167125, 32.492125 ] } },
{ "type": "Feature", "properties": { "name": "安徽赛可思金属科技有限公司", "lng": 117.202619, "lat": 31.307194, "type": "危险源", "subtype": "化工厂", "address": "仁安路东侧", "tel": "", "risk_level": 3, "hazard_material": "危险化学品", "buffer_radius": 800, "id": 97 }, "geometry": { "type": "Point", "coordinates": [ 117.202619, 31.307194 ] } },
{ "type": "Feature", "properties": { "name": "安徽百盈金属制品有限公司", "lng": 117.245475, "lat": 31.879175, "type": "危险源", "subtype": "化工厂", "address": "万科中心(杏花村地铁站出入口步行220米)", "tel": "", "risk_level": 3, "hazard_material": "危险化学品", "buffer_radius": 800, "id": 98 }, "geometry": { "type": "Point", "coordinates": [ 117.245475, 31.879175 ] } },
{ "type": "Feature", "properties": { "name": "安徽中正化工有限公司", "lng": 117.279629, "lat": 31.8786, "type": "危险源", "subtype": "化工厂", "address": "蒙城北路58号方圆荟世纪中心", "tel": "", "risk_level": 3, "hazard_material": "危险化学品", "buffer_radius": 800, "id": 99 }, "geometry": { "type": "Point", "coordinates": [ 117.279629, 31.8786 ] } },
{ "type": "Feature", "properties": { "name": "国石化工设计院(安徽省)有限公司", "lng": 117.309725, "lat": 31.823925, "type": "危险源", "subtype": "化工厂", "address": "至德路与秋浦河路交叉口东北220米", "tel": "", "risk_level": 3, "hazard_material": "危险化学品", "buffer_radius": 800, "id": 100 }, "geometry": { "type": "Point", "coordinates": [ 117.309725, 31.823925 ] } },
{ "type": "Feature", "properties": { "name": "合肥腾硕化工科技有限公司", "lng": 117.281475, "lat": 31.279325, "type": "危险源", "subtype": "化工厂", "address": "五里路与新渡路交叉口北200米", "tel": "", "risk_level": 3, "hazard_material": "危险化学品", "buffer_radius": 800, "id": 101 }, "geometry": { "type": "Point", "coordinates": [ 117.281475, 31.279325 ] } },
{ "type": "Feature", "properties": { "name": "联特金属制品有限公司", "lng": 117.298122, "lat": 31.967915, "type": "危险源", "subtype": "化工厂", "address": "淮南北路辅路与西淝河路交叉口东北120米", "tel": "", "risk_level": 3, "hazard_material": "危险化学品", "buffer_radius": 800, "id": 102 }, "geometry": { "type": "Point", "coordinates": [ 117.298122, 31.967915 ] } },
{ "type": "Feature", "properties": { "name": "中国中冶", "lng": 117.332825, "lat": 31.750425, "type": "危险源", "subtype": "化工厂", "address": "南京路与浙江路交叉口东160米", "tel": "", "risk_level": 3, "hazard_material": "危险化学品", "buffer_radius": 800, "id": 103 }, "geometry": { "type": "Point", "coordinates": [ 117.332825, 31.750425 ] } },
{ "type": "Feature", "properties": { "name": "安徽御徽金属制品有限公司", "lng": 117.347693, "lat": 31.997761, "type": "危险源", "subtype": "化工厂", "address": "新蚌埠路辅路与怀远路交叉口西北80米", "tel": "", "risk_level": 3, "hazard_material": "危险化学品", "buffer_radius": 800, "id": 104 }, "geometry": { "type": "Point", "coordinates": [ 117.347693, 31.997761 ] } },
{ "type": "Feature", "properties": { "name": "合肥中星金属制品有限公司", "lng": 117.290812, "lat": 31.8473, "type": "危险源", "subtype": "化工厂", "address": "包公街道金保中心", "tel": "", "risk_level": 3, "hazard_material": "危险化学品", "buffer_radius": 800, "id": 105 }, "geometry": { "type": "Point", "coordinates": [ 117.290812, 31.8473 ] } },
{ "type": "Feature", "properties": { "name": "合肥联涂化工产品有限公司仓库", "lng": 117.411837, "lat": 31.990523, "type": "危险源", "subtype": "化工厂", "address": "众兴镇众兴中学北边100米左右上宾酒楼隔壁", "tel": "", "risk_level": 3, "hazard_material": "危险化学品", "buffer_radius": 800, "id": 106 }, "geometry": { "type": "Point", "coordinates": [ 117.411837, 31.990523 ] } },
{ "type": "Feature", "properties": { "name": "中铁十二局集团电气化工程有限公司新桥机场S1线供电项目", "lng": 117.186407, "lat": 31.958199, "type": "危险源", "subtype": "化工厂", "address": "金岗大道20号", "tel": "", "risk_level": 3, "hazard_material": "危险化学品", "buffer_radius": 800, "id": 107 }, "geometry": { "type": "Point", "coordinates": [ 117.186407, 31.958199 ] } },
{ "type": "Feature", "properties": { "name": "合肥英松臻品金属制品有限公司(暂停营业)", "lng": 117.505986, "lat": 31.908693, "type": "危险源", "subtype": "化工厂", "address": "宝丰彩砖有限公司", "tel": "", "risk_level": 3, "hazard_material": "危险化学品", "buffer_radius": 800, "id": 108 }, "geometry": { "type": "Point", "coordinates": [ 117.505986, 31.908693 ] } },
{ "type": "Feature", "properties": { "name": "安徽和世金属有限公司", "lng": 117.339675, "lat": 31.925225, "type": "危险源", "subtype": "化工厂", "address": "通淮南路与泗水路交叉口东北240米", "tel": "", "risk_level": 3, "hazard_material": "危险化学品", "buffer_radius": 800, "id": 109 }, "geometry": { "type": "Point", "coordinates": [ 117.339675, 31.925225 ] } },
{ "type": "Feature", "properties": { "name": "安徽省中龙金属制品有限公司", "lng": 117.094714, "lat": 32.038444, "type": "危险源", "subtype": "化工厂", "address": "合淮路江淮加油站东100米", "tel": "", "risk_level": 3, "hazard_material": "危险化学品", "buffer_radius": 800, "id": 110 }, "geometry": { "type": "Point", "coordinates": [ 117.094714, 32.038444 ] } },
{ "type": "Feature", "properties": { "name": "勤石化工原料有限公司", "lng": 117.302387, "lat": 31.815362, "type": "危险源", "subtype": "化工厂", "address": "加侨国际广场写字楼(葛大店地铁站D口旁)", "tel": "", "risk_level": 3, "hazard_material": "危险化学品", "buffer_radius": 800, "id": 111 }, "geometry": { "type": "Point", "coordinates": [ 117.302387, 31.815362 ] } },
{ "type": "Feature", "properties": { "name": "中化学建设投资集团安徽工程有限公司五里庙复建点项目部", "lng": 117.333094, "lat": 31.837561, "type": "危险源", "subtype": "化工厂", "address": "巢湖南路37号", "tel": "", "risk_level": 3, "hazard_material": "危险化学品", "buffer_radius": 800, "id": 112 }, "geometry": { "type": "Point", "coordinates": [ 117.333094, 31.837561 ] } },
{ "type": "Feature", "properties": { "name": "安徽天佰石化有限公司", "lng": 117.317152, "lat": 31.919881, "type": "危险源", "subtype": "化工厂", "address": "天水路与萧城路交口华欧公司内", "tel": "", "risk_level": 3, "hazard_material": "危险化学品", "buffer_radius": 800, "id": 113 }, "geometry": { "type": "Point", "coordinates": [ 117.317152, 31.919881 ] } },
{ "type": "Feature", "properties": { "name": "合肥风雨辉煌园林绿化工程有限公司", "lng": 117.103138, "lat": 31.703717, "type": "危险源", "subtype": "化工厂", "address": "三岗路070乡", "tel": "13955115937", "risk_level": 3, "hazard_material": "危险化学品", "buffer_radius": 800, "id": 114 }, "geometry": { "type": "Point", "coordinates": [ 117.103138, 31.703717 ] } },
{ "type": "Feature", "properties": { "name": "合肥奇顺金属科技有限公", "lng": 117.431427, "lat": 31.868788, "type": "危险源", "subtype": "化工厂", "address": "晨光路与莱河路交叉口北140米", "tel": "", "risk_level": 3, "hazard_material": "危险化学品", "buffer_radius": 800, "id": 115 }, "geometry": { "type": "Point", "coordinates": [ 117.431427, 31.868788 ] } },
{ "type": "Feature", "properties": { "name": "安徽众鑫金属制品有限公司", "lng": 117.269204, "lat": 31.967688, "type": "危险源", "subtype": "化工厂", "address": "双凤开发区金江路30号", "tel": "", "risk_level": 3, "hazard_material": "危险化学品", "buffer_radius": 800, "id": 116 }, "geometry": { "type": "Point", "coordinates": [ 117.269204, 31.967688 ] } },
{ "type": "Feature", "properties": { "name": "中化学交通建设集团市政工程有限公司", "lng": 117.198025, "lat": 31.699175, "type": "危险源", "subtype": "化工厂", "address": "上派镇站前路与浮莲路交口向北50米", "tel": "", "risk_level": 3, "hazard_material": "危险化学品", "buffer_radius": 800, "id": 117 }, "geometry": { "type": "Point", "coordinates": [ 117.198025, 31.699175 ] } },
{ "type": "Feature", "properties": { "name": "安徽通源巢湖市城乡供水一体化工程1标段项目经理部", "lng": 117.64061, "lat": 31.68559, "type": "危险源", "subtype": "化工厂", "address": "兴烔路与半岛大道交叉口东100米", "tel": "", "risk_level": 3, "hazard_material": "危险化学品", "buffer_radius": 800, "id": 118 }, "geometry": { "type": "Point", "coordinates": [ 117.64061, 31.68559 ] } },
{ "type": "Feature", "properties": { "name": "合肥市璟权纸箱包装材料有限公司", "lng": 117.212782, "lat": 31.75265, "type": "危险源", "subtype": "化工厂", "address": "紫蓬路与合掌路交叉口西北180米", "tel": "", "risk_level": 3, "hazard_material": "危险化学品", "buffer_radius": 800, "id": 119 }, "geometry": { "type": "Point", "coordinates": [ 117.212782, 31.75265 ] } },
{ "type": "Feature", "properties": { "name": "安徽三淼园林绿化工程有限公司", "lng": 117.234459, "lat": 31.962854, "type": "危险源", "subtype": "化工厂", "address": "岗集镇龙岗社居委三十庙路", "tel": "", "risk_level": 3, "hazard_material": "危险化学品", "buffer_radius": 800, "id": 120 }, "geometry": { "type": "Point", "coordinates": [ 117.234459, 31.962854 ] } },
{ "type": "Feature", "properties": { "name": "中科科正自动化工程有限公司", "lng": 117.281834, "lat": 32.011148, "type": "危险源", "subtype": "化工厂", "address": "双墩路14号", "tel": "15395011561", "risk_level": 3, "hazard_material": "危险化学品", "buffer_radius": 800, "id": 121 }, "geometry": { "type": "Point", "coordinates": [ 117.281834, 32.011148 ] } },
{ "type": "Feature", "properties": { "name": "合肥市佳圣金属制品有限公司", "lng": 117.497918, "lat": 31.76327, "type": "危险源", "subtype": "化工厂", "address": "合肥循环经济示范园清泉路3号", "tel": "", "risk_level": 3, "hazard_material": "危险化学品", "buffer_radius": 800, "id": 122 }, "geometry": { "type": "Point", "coordinates": [ 117.497918, 31.76327 ] } },
{ "type": "Feature", "properties": { "name": "中国化学工程第三建设有限公司合肥经开区生物医药产业园基础设施建设项目经理部", "lng": 117.273125, "lat": 31.772175, "type": "危险源", "subtype": "化工厂", "address": "芙蓉路与观海路交叉口向南", "tel": "", "risk_level": 3, "hazard_material": "危险化学品", "buffer_radius": 800, "id": 123 }, "geometry": { "type": "Point", "coordinates": [ 117.273125, 31.772175 ] } },
{ "type": "Feature", "properties": { "name": "安徽浩建净化工程有限公司", "lng": 117.251637, "lat": 31.726285, "type": "危险源", "subtype": "化工厂", "address": "经济技术开发区方兴大道与始信路交口安徽鸣华大厦", "tel": "", "risk_level": 3, "hazard_material": "危险化学品", "buffer_radius": 800, "id": 124 }, "geometry": { "type": "Point", "coordinates": [ 117.251637, 31.726285 ] } },
{ "type": "Feature", "properties": { "name": "合肥军凤园林绿化有限公司", "lng": 117.370265, "lat": 31.860007, "type": "危险源", "subtype": "化工厂", "address": "静安新城北区12栋门面105园林景观绿化工程绿化养护设计", "tel": "13966272345", "risk_level": 3, "hazard_material": "危险化学品", "buffer_radius": 800, "id": 125 }, "geometry": { "type": "Point", "coordinates": [ 117.370265, 31.860007 ] } },
{ "type": "Feature", "properties": { "name": "合肥森磊园林绿化工程有限公司", "lng": 117.099907, "lat": 31.713263, "type": "危险源", "subtype": "化工厂", "address": "上派镇三岗村张郢村民", "tel": "", "risk_level": 3, "hazard_material": "危险化学品", "buffer_radius": 800, "id": 126 }, "geometry": { "type": "Point", "coordinates": [ 117.099907, 31.713263 ] } },
{ "type": "Feature", "properties": { "name": "合肥曙兴化工有限公司", "lng": 117.223747, "lat": 31.786837, "type": "危险源", "subtype": "化工厂", "address": "经济技术开发区芙蓉路642号天润大厦1517室", "tel": "18956001365", "risk_level": 3, "hazard_material": "危险化学品", "buffer_radius": 800, "id": 127 }, "geometry": { "type": "Point", "coordinates": [ 117.223747, 31.786837 ] } },
{ "type": "Feature", "properties": { "name": "中铁市政环境建设有限公司庐江龙桥化工园污水处理厂一期提标改造EPC项目经理部", "lng": 117.48428, "lat": 31.15027, "type": "危险源", "subtype": "化工厂", "address": "滨河路", "tel": "", "risk_level": 3, "hazard_material": "危险化学品", "buffer_radius": 800, "id": 128 }, "geometry": { "type": "Point", "coordinates": [ 117.48428, 31.15027 ] } },
{ "type": "Feature", "properties": { "name": "合肥南亭金属制品有限公司", "lng": 117.533407, "lat": 31.856992, "type": "危险源", "subtype": "化工厂", "address": "半店村魏西组一号", "tel": "15855103110", "risk_level": 3, "hazard_material": "危险化学品", "buffer_radius": 800, "id": 129 }, "geometry": { "type": "Point", "coordinates": [ 117.533407, 31.856992 ] } },
{ "type": "Feature", "properties": { "name": "安徽徽丽化工科技有限公司", "lng": 117.334997, "lat": 31.778691, "type": "危险源", "subtype": "化工厂", "address": "兰州路与河北路交口东100米路北", "tel": "13956038910", "risk_level": 3, "hazard_material": "危险化学品", "buffer_radius": 800, "id": 130 }, "geometry": { "type": "Point", "coordinates": [ 117.334997, 31.778691 ] } },
{ "type": "Feature", "properties": { "name": "合肥玖龙化工有限公司", "lng": 117.438316, "lat": 31.885499, "type": "危险源", "subtype": "化工厂", "address": "金阳路5号", "tel": "", "risk_level": 3, "hazard_material": "危险化学品", "buffer_radius": 800, "id": 131 }, "geometry": { "type": "Point", "coordinates": [ 117.438316, 31.885499 ] } },
{ "type": "Feature", "properties": { "name": "中国石化销售股份有限公司安徽合肥石油分公司", "lng": 117.371412, "lat": 31.868749, "type": "危险源", "subtype": "化工厂", "address": "长江东路辅路与通达路交叉口东200米", "tel": "", "risk_level": 3, "hazard_material": "危险化学品", "buffer_radius": 800, "id": 132 }, "geometry": { "type": "Point", "coordinates": [ 117.371412, 31.868749 ] } },
{ "type": "Feature", "properties": { "name": "安徽省爱索进出口有限公司", "lng": 117.227322, "lat": 31.854351, "type": "危险源", "subtype": "化工厂", "address": "蓝光禹州城22楼2228", "tel": "13856080251", "risk_level": 3, "hazard_material": "危险化学品", "buffer_radius": 800, "id": 133 }, "geometry": { "type": "Point", "coordinates": [ 117.227322, 31.854351 ] } },
{ "type": "Feature", "properties": { "name": "安徽合悦智能信息工程有限公司", "lng": 117.095775, "lat": 31.764725, "type": "危险源", "subtype": "化工厂", "address": "铜锣寨路辅路与大潜山大道交叉口东240米", "tel": "", "risk_level": 3, "hazard_material": "危险化学品", "buffer_radius": 800, "id": 134 }, "geometry": { "type": "Point", "coordinates": [ 117.095775, 31.764725 ] } },
{ "type": "Feature", "properties": { "name": "氯碱化工污染治理一期东一A地块污染土壤修复项目高能环境项目部", "lng": 117.359212, "lat": 31.848075, "type": "危险源", "subtype": "化工厂", "address": "和平路与雨山路交叉口向东30米路北", "tel": "18749639905", "risk_level": 3, "hazard_material": "危险化学品", "buffer_radius": 800, "id": 135 }, "geometry": { "type": "Point", "coordinates": [ 117.359212, 31.848075 ] } },
{ "type": "Feature", "properties": { "name": "安徽科芯微流化工科技有限公司", "lng": 117.143571, "lat": 31.793062, "type": "危险源", "subtype": "化工厂", "address": "绿城科技园E栋6楼", "tel": "19314072625", "risk_level": 3, "hazard_material": "危险化学品", "buffer_radius": 800, "id": 136 }, "geometry": { "type": "Point", "coordinates": [ 117.143571, 31.793062 ] } },
{ "type": "Feature", "properties": { "name": "安徽宇辰绿化工程有限公司", "lng": 117.714347, "lat": 31.975014, "type": "危险源", "subtype": "化工厂", "address": "包公镇赤杨村北面", "tel": "", "risk_level": 3, "hazard_material": "危险化学品", "buffer_radius": 800, "id": 137 }, "geometry": { "type": "Point", "coordinates": [ 117.714347, 31.975014 ] } },
{ "type": "Feature", "properties": { "name": "安徽源瑶铝业有限公司", "lng": 117.39251, "lat": 31.826362, "type": "危险源", "subtype": "化工厂", "address": "唐安路与兴港路交叉口东南360米", "tel": "", "risk_level": 3, "hazard_material": "危险化学品", "buffer_radius": 800, "id": 138 }, "geometry": { "type": "Point", "coordinates": [ 117.39251, 31.826362 ] } },
{ "type": "Feature", "properties": { "name": "安徽万航净化工程有限公司", "lng": 117.399645, "lat": 31.887662, "type": "危险源", "subtype": "化工厂", "address": "龙岗综合经济开发区包公大道1号尚荣城10栋B座908室", "tel": "18855126171", "risk_level": 3, "hazard_material": "危险化学品", "buffer_radius": 800, "id": 139 }, "geometry": { "type": "Point", "coordinates": [ 117.399645, 31.887662 ] } },
{ "type": "Feature", "properties": { "name": "肥西县宗一园林绿化工程有限公司", "lng": 116.833184, "lat": 31.776194, "type": "危险源", "subtype": "化工厂", "address": "", "tel": "15058510400", "risk_level": 3, "hazard_material": "危险化学品", "buffer_radius": 800, "id": 140 }, "geometry": { "type": "Point", "coordinates": [ 116.833184, 31.776194 ] } },
{ "type": "Feature", "properties": { "name": "安徽聚合辐化化工有限公司(佛子岭路)", "lng": 117.232917, "lat": 31.819643, "type": "危险源", "subtype": "化工厂", "address": "蓝海国际大厦B座(市政务中心地铁站B口步行190米)", "tel": "", "risk_level": 3, "hazard_material": "危险化学品", "buffer_radius": 800, "id": 141 }, "geometry": { "type": "Point", "coordinates": [ 117.232917, 31.819643 ] } },
{ "type": "Feature", "properties": { "name": "江门市长河化工实业集团有限公司安徽办事处", "lng": 117.28427, "lat": 31.880488, "type": "危险源", "subtype": "化工厂", "address": "北一环路辅路与四处巷交叉口西北140米", "tel": "", "risk_level": 3, "hazard_material": "危险化学品", "buffer_radius": 800, "id": 142 }, "geometry": { "type": "Point", "coordinates": [ 117.28427, 31.880488 ] } },
{ "type": "Feature", "properties": { "name": "安徽建工港通新材料科技有限公司", "lng": 117.484347, "lat": 31.772593, "type": "危险源", "subtype": "化工厂", "address": "合肥循环经济示范园化工", "tel": "", "risk_level": 3, "hazard_material": "危险化学品", "buffer_radius": 800, "id": 143 }, "geometry": { "type": "Point", "coordinates": [ 117.484347, 31.772593 ] } },
{ "type": "Feature", "properties": { "name": "合肥华徽安防智能化工程有限公司", "lng": 117.257054, "lat": 31.829204, "type": "危险源", "subtype": "化工厂", "address": "望江西路31号西湖国际D座1010室", "tel": "", "risk_level": 3, "hazard_material": "危险化学品", "buffer_radius": 800, "id": 144 }, "geometry": { "type": "Point", "coordinates": [ 117.257054, 31.829204 ] } },
{ "type": "Feature", "properties": { "name": "合肥皓晟盘扣脚手架租赁有限公司", "lng": 117.494853, "lat": 31.761649, "type": "危险源", "subtype": "化工厂", "address": "肥东化工园区建伟(智谷)供应链管理有限公司院内", "tel": "15965126688", "risk_level": 3, "hazard_material": "危险化学品", "buffer_radius": 800, "id": 145 }, "geometry": { "type": "Point", "coordinates": [ 117.494853, 31.761649 ] } },
{ "type": "Feature", "properties": { "name": "合肥雄鹰电子电器有限公司3号厂房", "lng": 117.164517, "lat": 31.800177, "type": "危险源", "subtype": "化工厂", "address": "高新区香蒲路10号", "tel": "0551-63846888", "risk_level": 3, "hazard_material": "危险化学品", "buffer_radius": 800, "id": 146 }, "geometry": { "type": "Point", "coordinates": [ 117.164517, 31.800177 ] } },
{ "type": "Feature", "properties": { "name": "氯碱化工污染治理一期-东一地块(B)污染土壤修复项目部(卓锦股份)", "lng": 117.354742, "lat": 31.85046, "type": "危险源", "subtype": "化工厂", "address": "乐水路99号", "tel": "15271839546", "risk_level": 3, "hazard_material": "危险化学品", "buffer_radius": 800, "id": 147 }, "geometry": { "type": "Point", "coordinates": [ 117.354742, 31.85046 ] } },
{ "type": "Feature", "properties": { "name": "中国石化销售股份有限公司安徽合肥石油分公司", "lng": 117.360699, "lat": 31.926405, "type": "危险源", "subtype": "化工厂", "address": "听悦湾西门南50米", "tel": "", "risk_level": 3, "hazard_material": "危险化学品", "buffer_radius": 800, "id": 148 }, "geometry": { "type": "Point", "coordinates": [ 117.360699, 31.926405 ] } },
{ "type": "Feature", "properties": { "name": "合肥汇智化工技术公司", "lng": 117.135525, "lat": 31.779125, "type": "危险源", "subtype": "化工厂", "address": "创新大道与繁华大道交叉口立恒工业广场2期A19栋一楼", "tel": "", "risk_level": 3, "hazard_material": "危险化学品", "buffer_radius": 800, "id": 149 }, "geometry": { "type": "Point", "coordinates": [ 117.135525, 31.779125 ] } },
{ "type": "Feature", "properties": { "name": "肥西县富瑞达园林绿化工程有限公司", "lng": 117.157342, "lat": 31.716167, "type": "危险源", "subtype": "化工厂", "address": "名邦西城国际1期(李湾地铁站B口步行290米)", "tel": "", "risk_level": 3, "hazard_material": "危险化学品", "buffer_radius": 800, "id": 150 }, "geometry": { "type": "Point", "coordinates": [ 117.157342, 31.716167 ] } },
{ "type": "Feature", "properties": { "name": "合肥明丽园林绿化工程有限公司", "lng": 117.588834, "lat": 31.957266, "type": "危险源", "subtype": "化工厂", "address": "梁园镇新河社区王西队8号", "tel": "", "risk_level": 3, "hazard_material": "危险化学品", "buffer_radius": 800, "id": 151 }, "geometry": { "type": "Point", "coordinates": [ 117.588834, 31.957266 ] } },
{ "type": "Feature", "properties": { "name": "安徽省玛蒂瑞尔化学有限公司", "lng": 117.28433, "lat": 31.273768, "type": "危险源", "subtype": "化工厂", "address": "汤池北路128号迪凯工业园3厂房", "tel": "", "risk_level": 3, "hazard_material": "危险化学品", "buffer_radius": 800, "id": 152 }, "geometry": { "type": "Point", "coordinates": [ 117.28433, 31.273768 ] } },
{ "type": "Feature", "properties": { "name": "合肥兴港金属制品有限公司", "lng": 117.391052, "lat": 31.827222, "type": "危险源", "subtype": "化工厂", "address": "合肥蓝宇旅游用品有限公司西南门旁", "tel": "", "risk_level": 3, "hazard_material": "危险化学品", "buffer_radius": 800, "id": 153 }, "geometry": { "type": "Point", "coordinates": [ 117.391052, 31.827222 ] } },
{ "type": "Feature", "properties": { "name": "合肥晨鑫金属制品有限公司", "lng": 117.182098, "lat": 31.968618, "type": "危险源", "subtype": "化工厂", "address": "JAC大道与万安大道交叉口东南360米", "tel": "13955192733", "risk_level": 3, "hazard_material": "危险化学品", "buffer_radius": 800, "id": 154 }, "geometry": { "type": "Point", "coordinates": [ 117.182098, 31.968618 ] } },
{ "type": "Feature", "properties": { "name": "标成园林绿化工程有限公司", "lng": 117.038795, "lat": 31.683278, "type": "危险源", "subtype": "化工厂", "address": "031乡道东侧", "tel": "", "risk_level": 3, "hazard_material": "危险化学品", "buffer_radius": 800, "id": 155 }, "geometry": { "type": "Point", "coordinates": [ 117.038795, 31.683278 ] } },
{ "type": "Feature", "properties": { "name": "安徽森之源园林绿化工程有限公司", "lng": 117.276151, "lat": 31.256061, "type": "危险源", "subtype": "化工厂", "address": "庐城镇军二路鸿悦公馆", "tel": "", "risk_level": 3, "hazard_material": "危险化学品", "buffer_radius": 800, "id": 156 }, "geometry": { "type": "Point", "coordinates": [ 117.276151, 31.256061 ] } },
{ "type": "Feature", "properties": { "name": "安徽东鸿不锈钢铝板金属激光焊接加工中心", "lng": 117.411076, "lat": 31.83903, "type": "危险源", "subtype": "化工厂", "address": "华东建材城G102-29-31-33-35", "tel": "15755773206;18326220930", "risk_level": 3, "hazard_material": "危险化学品", "buffer_radius": 800, "id": 157 }, "geometry": { "type": "Point", "coordinates": [ 117.411076, 31.83903 ] } },
{ "type": "Feature", "properties": { "name": "安徽其富园林绿化工程有限公司", "lng": 117.102723, "lat": 31.703922, "type": "危险源", "subtype": "化工厂", "address": "上派镇三岗村黄塘村民组", "tel": "", "risk_level": 3, "hazard_material": "危险化学品", "buffer_radius": 800, "id": 158 }, "geometry": { "type": "Point", "coordinates": [ 117.102723, 31.703922 ] } },
{ "type": "Feature", "properties": { "name": "合肥美硕光电亮化工程有限公司", "lng": 117.316832, "lat": 31.912563, "type": "危险源", "subtype": "化工厂", "address": "运晨产业园11幢2-3层", "tel": "13695513577", "risk_level": 3, "hazard_material": "危险化学品", "buffer_radius": 800, "id": 159 }, "geometry": { "type": "Point", "coordinates": [ 117.316832, 31.912563 ] } },
{ "type": "Feature", "properties": { "name": "合肥尔高化工有限公司", "lng": 117.209075, "lat": 31.790704, "type": "危险源", "subtype": "化工厂", "address": "芙蓉社区翡翠路188号港澳广场A栋1楼", "tel": "", "risk_level": 3, "hazard_material": "危险化学品", "buffer_radius": 800, "id": 160 }, "geometry": { "type": "Point", "coordinates": [ 117.209075, 31.790704 ] } },
{ "type": "Feature", "properties": { "name": "中国石化销售股份有限公司安徽合肥石油分公司", "lng": 117.277693, "lat": 31.930807, "type": "危险源", "subtype": "化工厂", "address": "北都广场南门西南130米", "tel": "", "risk_level": 3, "hazard_material": "危险化学品", "buffer_radius": 800, "id": 161 }, "geometry": { "type": "Point", "coordinates": [ 117.277693, 31.930807 ] } },
{ "type": "Feature", "properties": { "name": "安徽卓德化学科技有限公司", "lng": 117.460614, "lat": 31.139554, "type": "危险源", "subtype": "化工厂", "address": "", "tel": "13615659177", "risk_level": 3, "hazard_material": "危险化学品", "buffer_radius": 800, "id": 162 }, "geometry": { "type": "Point", "coordinates": [ 117.460614, 31.139554 ] } },
{ "type": "Feature", "properties": { "name": "中国化学工程第三建设有限公司新桥核心部件产业园及基础设施配套项目经理部", "lng": 116.988965, "lat": 32.004757, "type": "危险源", "subtype": "化工厂", "address": "龙嘉路与通辽路交口东北角", "tel": "", "risk_level": 3, "hazard_material": "危险化学品", "buffer_radius": 800, "id": 163 }, "geometry": { "type": "Point", "coordinates": [ 116.988965, 32.004757 ] } },
{ "type": "Feature", "properties": { "name": "中国石化销售股份有限公司安徽合肥石油分公司", "lng": 117.307982, "lat": 31.8043, "type": "危险源", "subtype": "化工厂", "address": "包河大道与牯牛降路交叉口东南80米", "tel": "", "risk_level": 3, "hazard_material": "危险化学品", "buffer_radius": 800, "id": 164 }, "geometry": { "type": "Point", "coordinates": [ 117.307982, 31.8043 ] } },
{ "type": "Feature", "properties": { "name": "宇州金属(安徽)有限公司", "lng": 117.435455, "lat": 31.830445, "type": "危险源", "subtype": "化工厂", "address": "燎原大道新安小学向北50米", "tel": "15395096969", "risk_level": 3, "hazard_material": "危险化学品", "buffer_radius": 800, "id": 165 }, "geometry": { "type": "Point", "coordinates": [ 117.435455, 31.830445 ] } },
{ "type": "Feature", "properties": { "name": "安徽铂爵新材料环保科技有限公司合肥分公司", "lng": 117.42895, "lat": 31.846635, "type": "危险源", "subtype": "化工厂", "address": "瑶岗路与青洛河路交口一号厂房内", "tel": "18855122117", "risk_level": 3, "hazard_material": "危险化学品", "buffer_radius": 800, "id": 166 }, "geometry": { "type": "Point", "coordinates": [ 117.42895, 31.846635 ] } },
{ "type": "Feature", "properties": { "name": "安徽中正化工有限公司", "lng": 117.28661, "lat": 31.919438, "type": "危险源", "subtype": "化工厂", "address": "凤祥路与凌湖路交叉口东北240米", "tel": "", "risk_level": 3, "hazard_material": "危险化学品", "buffer_radius": 800, "id": 167 }, "geometry": { "type": "Point", "coordinates": [ 117.28661, 31.919438 ] } },
{ "type": "Feature", "properties": { "name": "合肥安怡金属制品有限公司", "lng": 117.267687, "lat": 31.939186, "type": "危险源", "subtype": "化工厂", "address": "秀水路与荷塘路交叉口北180米", "tel": "", "risk_level": 3, "hazard_material": "危险化学品", "buffer_radius": 800, "id": 168 }, "geometry": { "type": "Point", "coordinates": [ 117.267687, 31.939186 ] } },
{ "type": "Feature", "properties": { "name": "中石化肥西石油分公司", "lng": 117.175874, "lat": 31.730648, "type": "危险源", "subtype": "化工厂", "address": "派河路辅路与夹西路交叉口西南100米", "tel": "0551-68847533", "risk_level": 3, "hazard_material": "危险化学品", "buffer_radius": 800, "id": 169 }, "geometry": { "type": "Point", "coordinates": [ 117.175874, 31.730648 ] } },
{ "type": "Feature", "properties": { "name": "中国化学工程第三建设有限公司", "lng": 117.445378, "lat": 31.14271, "type": "危险源", "subtype": "化工厂", "address": "龙桥大道与裴桂路交叉口北100米", "tel": "", "risk_level": 3, "hazard_material": "危险化学品", "buffer_radius": 800, "id": 170 }, "geometry": { "type": "Point", "coordinates": [ 117.445378, 31.14271 ] } },
{ "type": "Feature", "properties": { "name": "安徽品悦自动化工程有限公司", "lng": 117.327652, "lat": 31.794324, "type": "危险源", "subtype": "化工厂", "address": "繁华大道与北京路交口贡街智慧中心808室", "tel": "13505619007", "risk_level": 3, "hazard_material": "危险化学品", "buffer_radius": 800, "id": 171 }, "geometry": { "type": "Point", "coordinates": [ 117.327652, 31.794324 ] } },
{ "type": "Feature", "properties": { "name": "中铁四局集团电气化工程有限公司安徽铁路分公司", "lng": 117.425264, "lat": 31.898271, "type": "危险源", "subtype": "化工厂", "address": "龙脊山路30号", "tel": "", "risk_level": 3, "hazard_material": "危险化学品", "buffer_radius": 800, "id": 172 }, "geometry": { "type": "Point", "coordinates": [ 117.425264, 31.898271 ] } },
{ "type": "Feature", "properties": { "name": "合肥万春园林绿化工程有限责任公司", "lng": 117.179913, "lat": 31.938066, "type": "危险源", "subtype": "化工厂", "address": "大杨镇岗西村杨岗路北侧", "tel": "", "risk_level": 3, "hazard_material": "危险化学品", "buffer_radius": 800, "id": 173 }, "geometry": { "type": "Point", "coordinates": [ 117.179913, 31.938066 ] } },
{ "type": "Feature", "properties": { "name": "安徽杨森新材料有限公司", "lng": 117.48475, "lat": 31.77347, "type": "危险源", "subtype": "化工厂", "address": "合肥循环经济示范园化工集中区丰草路北侧", "tel": "", "risk_level": 3, "hazard_material": "危险化学品", "buffer_radius": 800, "id": 174 }, "geometry": { "type": "Point", "coordinates": [ 117.48475, 31.77347 ] } },
{ "type": "Feature", "properties": { "name": "中化学建设投资集团安徽工程有限公司", "lng": 117.341095, "lat": 31.778223, "type": "危险源", "subtype": "化工厂", "address": "上海路188号中建智立方二期B18幢", "tel": "", "risk_level": 3, "hazard_material": "危险化学品", "buffer_radius": 800, "id": 175 }, "geometry": { "type": "Point", "coordinates": [ 117.341095, 31.778223 ] } },
{ "type": "Feature", "properties": { "name": "安徽澳永金属制品有限公司", "lng": 117.143867, "lat": 31.380837, "type": "危险源", "subtype": "化工厂", "address": "金牛镇金谈路一号", "tel": "19523666661", "risk_level": 3, "hazard_material": "危险化学品", "buffer_radius": 800, "id": 176 }, "geometry": { "type": "Point", "coordinates": [ 117.143867, 31.380837 ] } },
{ "type": "Feature", "properties": { "name": "安徽珂鸣商贸有限公司", "lng": 117.343395, "lat": 31.930982, "type": "危险源", "subtype": "化工厂", "address": "京商商贸城G区EJ栋102-103", "tel": "13637091060", "risk_level": 3, "hazard_material": "危险化学品", "buffer_radius": 800, "id": 177 }, "geometry": { "type": "Point", "coordinates": [ 117.343395, 31.930982 ] } },
{ "type": "Feature", "properties": { "name": "中国化学工程第三建设有限公司华东区域经营中心", "lng": 117.44531, "lat": 31.142669, "type": "危险源", "subtype": "化工厂", "address": "龙桥大道", "tel": "", "risk_level": 3, "hazard_material": "危险化学品", "buffer_radius": 800, "id": 178 }, "geometry": { "type": "Point", "coordinates": [ 117.44531, 31.142669 ] } },
{ "type": "Feature", "properties": { "name": "合肥广远建筑智能化工程有限责任公司", "lng": 117.36158, "lat": 31.789, "type": "危险源", "subtype": "化工厂", "address": "南翔汽车城5栋128号", "tel": "18133242872", "risk_level": 3, "hazard_material": "危险化学品", "buffer_radius": 800, "id": 179 }, "geometry": { "type": "Point", "coordinates": [ 117.36158, 31.789 ] } },
{ "type": "Feature", "properties": { "name": "合肥毫慷粮食购销有限公司", "lng": 117.423175, "lat": 31.185125, "type": "危险源", "subtype": "化工厂", "address": "辉鼎化工西北侧70米", "tel": "", "risk_level": 3, "hazard_material": "危险化学品", "buffer_radius": 800, "id": 180 }, "geometry": { "type": "Point", "coordinates": [ 117.423175, 31.185125 ] } },
{ "type": "Feature", "properties": { "name": "肥西县创和园林绿化工程有限公司", "lng": 117.097844, "lat": 31.67417, "type": "危险源", "subtype": "化工厂", "address": "花岗镇董岗社区大殷岗组", "tel": "13856009447", "risk_level": 3, "hazard_material": "危险化学品", "buffer_radius": 800, "id": 181 }, "geometry": { "type": "Point", "coordinates": [ 117.097844, 31.67417 ] } },
{ "type": "Feature", "properties": { "name": "合肥荣美园林绿化工程有限公司", "lng": 117.129014, "lat": 31.694525, "type": "危险源", "subtype": "化工厂", "address": "中国.中部花木城A区E5-14", "tel": "", "risk_level": 3, "hazard_material": "危险化学品", "buffer_radius": 800, "id": 182 }, "geometry": { "type": "Point", "coordinates": [ 117.129014, 31.694525 ] } },
{ "type": "Feature", "properties": { "name": "君蓝吨桶出售", "lng": 117.217225, "lat": 31.757625, "type": "危险源", "subtype": "化工厂", "address": "锦绣大道230号", "tel": "0551-68992512;18226655512;4001618512", "risk_level": 3, "hazard_material": "危险化学品", "buffer_radius": 800, "id": 183 }, "geometry": { "type": "Point", "coordinates": [ 117.217225, 31.757625 ] } },
{ "type": "Feature", "properties": { "name": "中国化学第三建设有限公司巨一动力项目部", "lng": 117.34521, "lat": 31.7906, "type": "危险源", "subtype": "化工厂", "address": "沈阳路121号", "tel": "", "risk_level": 3, "hazard_material": "危险化学品", "buffer_radius": 800, "id": 184 }, "geometry": { "type": "Point", "coordinates": [ 117.34521, 31.7906 ] } },
{ "type": "Feature", "properties": { "name": "安徽金品林园林绿化工程有限公司", "lng": 117.113889, "lat": 31.704212, "type": "危险源", "subtype": "化工厂", "address": "上派镇三岗村", "tel": "13856998191", "risk_level": 3, "hazard_material": "危险化学品", "buffer_radius": 800, "id": 185 }, "geometry": { "type": "Point", "coordinates": [ 117.113889, 31.704212 ] } },
{ "type": "Feature", "properties": { "name": "安徽丰正金属制品有限公司", "lng": 117.315157, "lat": 31.976388, "type": "危险源", "subtype": "化工厂", "address": "九顶山路与双凤路交叉口东北240米", "tel": "", "risk_level": 3, "hazard_material": "危险化学品", "buffer_radius": 800, "id": 186 }, "geometry": { "type": "Point", "coordinates": [ 117.315157, 31.976388 ] } },
{ "type": "Feature", "properties": { "name": "中国化学工程第三建设有限公司安徽久易项目", "lng": 117.492975, "lat": 31.776325, "type": "危险源", "subtype": "化工厂", "address": "丰草路8号", "tel": "", "risk_level": 3, "hazard_material": "危险化学品", "buffer_radius": 800, "id": 187 }, "geometry": { "type": "Point", "coordinates": [ 117.492975, 31.776325 ] } },
{ "type": "Feature", "properties": { "name": "合肥茗锐化工有限公司", "lng": 117.193507, "lat": 32.185092, "type": "危险源", "subtype": "化工厂", "address": "下塘镇明华村052乡道东侧", "tel": "13615658855", "risk_level": 3, "hazard_material": "危险化学品", "buffer_radius": 800, "id": 188 }, "geometry": { "type": "Point", "coordinates": [ 117.193507, 32.185092 ] } },
{ "type": "Feature", "properties": { "name": "安徽祥冠化工科技有限公司", "lng": 117.488668, "lat": 31.772023, "type": "危险源", "subtype": "化工厂", "address": "丰草路8号", "tel": "", "risk_level": 3, "hazard_material": "危险化学品", "buffer_radius": 800, "id": 189 }, "geometry": { "type": "Point", "coordinates": [ 117.488668, 31.772023 ] } },
{ "type": "Feature", "properties": { "name": "合肥方胜管道设备有限公司", "lng": 117.325878, "lat": 31.825672, "type": "危险源", "subtype": "化工厂", "address": "淝河镇国际五金商贸城C区12栋111-114号UPVC化工管材管件阀门金属管材水管配件MPP/CPVC电力管", "tel": "18225519226", "risk_level": 3, "hazard_material": "危险化学品", "buffer_radius": 800, "id": 190 }, "geometry": { "type": "Point", "coordinates": [ 117.325878, 31.825672 ] } },
{ "type": "Feature", "properties": { "name": "安徽方鹏园林绿化工程有限公司", "lng": 117.089737, "lat": 31.337258, "type": "危险源", "subtype": "化工厂", "address": "汤池镇政务区府西小区七幢二单元503", "tel": "18656979998;18726388887", "risk_level": 3, "hazard_material": "危险化学品", "buffer_radius": 800, "id": 191 }, "geometry": { "type": "Point", "coordinates": [ 117.089737, 31.337258 ] } },
{ "type": "Feature", "properties": { "name": "安徽锐峰园林绿化工程有限公司", "lng": 117.23137, "lat": 31.57828, "type": "危险源", "subtype": "化工厂", "address": "安徽省合肥市肥西县合铜路048县", "tel": "13956040879", "risk_level": 3, "hazard_material": "危险化学品", "buffer_radius": 800, "id": 192 }, "geometry": { "type": "Point", "coordinates": [ 117.23137, 31.57828 ] } },
{ "type": "Feature", "properties": { "name": "安徽省蚌埠市联合消防器材有限公司合肥分公司", "lng": 117.325716, "lat": 31.82588, "type": "危险源", "subtype": "化工厂", "address": "安徽五金商贸城三期C区10栋147-149号", "tel": "13365513328", "risk_level": 3, "hazard_material": "危险化学品", "buffer_radius": 800, "id": 193 }, "geometry": { "type": "Point", "coordinates": [ 117.325716, 31.82588 ] } },
{ "type": "Feature", "properties": { "name": "合肥森特自动化工程有限公司", "lng": 117.136891, "lat": 31.781676, "type": "危险源", "subtype": "化工厂", "address": "合肥广告创意产业园标准化厂房B2栋西1层", "tel": "", "risk_level": 3, "hazard_material": "危险化学品", "buffer_radius": 800, "id": 194 }, "geometry": { "type": "Point", "coordinates": [ 117.136891, 31.781676 ] } },
{ "type": "Feature", "properties": { "name": "合肥长江自动化工程有限公司", "lng": 117.265925, "lat": 31.938325, "type": "危险源", "subtype": "化工厂", "address": "荷塘路与太和路交叉口东北160米", "tel": "", "risk_level": 3, "hazard_material": "危险化学品", "buffer_radius": 800, "id": 195 }, "geometry": { "type": "Point", "coordinates": [ 117.265925, 31.938325 ] } },
{ "type": "Feature", "properties": { "name": "安徽尚化物联网科技有限公司", "lng": 117.285765, "lat": 31.839771, "type": "危险源", "subtype": "化工厂", "address": "徽州大道636号(省化工协会)4层西侧", "tel": "0551-65579168", "risk_level": 3, "hazard_material": "危险化学品", "buffer_radius": 800, "id": 196 }, "geometry": { "type": "Point", "coordinates": [ 117.285765, 31.839771 ] } },
{ "type": "Feature", "properties": { "name": "中化学交通建设集团建筑工程有限公司", "lng": 117.152946, "lat": 31.865676, "type": "危险源", "subtype": "化工厂", "address": "蜀山新产业园区振兴路蜀山自主创新产业基地B座1楼", "tel": "0551-62897700", "risk_level": 3, "hazard_material": "危险化学品", "buffer_radius": 800, "id": 197 }, "geometry": { "type": "Point", "coordinates": [ 117.152946, 31.865676 ] } },
{ "type": "Feature", "properties": { "name": "合肥江新化工科技有限公司", "lng": 117.274625, "lat": 31.761875, "type": "危险源", "subtype": "化工厂", "address": "经济技术开发区海恒社区厚德路与海恒街交口启迪科技城创客空间A栋603室", "tel": "", "risk_level": 3, "hazard_material": "危险化学品", "buffer_radius": 800, "id": 198 }, "geometry": { "type": "Point", "coordinates": [ 117.274625, 31.761875 ] } },
{ "type": "Feature", "properties": { "name": "中国石化合肥潜山路加油站", "lng": 117.229078, "lat": 31.832835, "type": "危险源", "subtype": "加油站", "address": "望江西路与潜山路交口西北角", "tel": "0551-65560851", "risk_level": 1, "hazard_material": "汽柴油", "buffer_radius": 300, "id": 199 }, "geometry": { "type": "Point", "coordinates": [ 117.229078, 31.832835 ] } },
{ "type": "Feature", "properties": { "name": "中国石化合欢路加油站", "lng": 117.211253, "lat": 31.824933, "type": "危险源", "subtype": "加油站", "address": "合欢路与西二环交口西北角", "tel": "15156094672", "risk_level": 1, "hazard_material": "汽柴油", "buffer_radius": 300, "id": 200 }, "geometry": { "type": "Point", "coordinates": [ 117.211253, 31.824933 ] } },
{ "type": "Feature", "properties": { "name": "中国石化环湖东路加油站", "lng": 117.212506, "lat": 31.823992, "type": "危险源", "subtype": "加油站", "address": "合肥西站货场西南门东北140米", "tel": "0551-65371002", "risk_level": 1, "hazard_material": "汽柴油", "buffer_radius": 300, "id": 201 }, "geometry": { "type": "Point", "coordinates": [ 117.212506, 31.823992 ] } },
{ "type": "Feature", "properties": { "name": "中国石化大众加油站", "lng": 117.251486, "lat": 31.819916, "type": "危险源", "subtype": "加油站", "address": "休宁路与合作化路交口西南角", "tel": "13514977780", "risk_level": 1, "hazard_material": "汽柴油", "buffer_radius": 300, "id": 202 }, "geometry": { "type": "Point", "coordinates": [ 117.251486, 31.819916 ] } },
{ "type": "Feature", "properties": { "name": "合肥公交双谊加油站", "lng": 117.242181, "lat": 31.802409, "type": "危险源", "subtype": "加油站", "address": "金寨路姚公镇十五里河", "tel": "0551-64451006", "risk_level": 1, "hazard_material": "汽柴油", "buffer_radius": 300, "id": 203 }, "geometry": { "type": "Point", "coordinates": [ 117.242181, 31.802409 ] } },
{ "type": "Feature", "properties": { "name": "中国石化望江西路加油站", "lng": 117.247724, "lat": 31.830787, "type": "危险源", "subtype": "加油站", "address": "合作化路与望江西路交口向西300米", "tel": "0551-65136042", "risk_level": 1, "hazard_material": "汽柴油", "buffer_radius": 300, "id": 204 }, "geometry": { "type": "Point", "coordinates": [ 117.247724, 31.830787 ] } },
{ "type": "Feature", "properties": { "name": "中国石油南天加油站", "lng": 117.252436, "lat": 31.823125, "type": "危险源", "subtype": "加油站", "address": "合作化南路8号", "tel": "0551-63524537", "risk_level": 1, "hazard_material": "汽柴油", "buffer_radius": 300, "id": 205 }, "geometry": { "type": "Point", "coordinates": [ 117.252436, 31.823125 ] } },
{ "type": "Feature", "properties": { "name": "中国石油顺通加油站", "lng": 117.251569, "lat": 31.812267, "type": "危险源", "subtype": "加油站", "address": "金寨路660号(姚公庙地铁站4号口步行460米)", "tel": "0551-63517122", "risk_level": 1, "hazard_material": "汽柴油", "buffer_radius": 300, "id": 206 }, "geometry": { "type": "Point", "coordinates": [ 117.251569, 31.812267 ] } },
{ "type": "Feature", "properties": { "name": "中国石油皖庆加油站", "lng": 117.242502, "lat": 31.800899, "type": "危险源", "subtype": "加油站", "address": "金寨路", "tel": "0551-63517978", "risk_level": 1, "hazard_material": "汽柴油", "buffer_radius": 300, "id": 207 }, "geometry": { "type": "Point", "coordinates": [ 117.242502, 31.800899 ] } },
{ "type": "Feature", "properties": { "name": "中国石化金寨南路加油站", "lng": 117.257626, "lat": 31.819496, "type": "危险源", "subtype": "加油站", "address": "南二环与金寨路交口东北角", "tel": "0551-63518602", "risk_level": 1, "hazard_material": "汽柴油", "buffer_radius": 300, "id": 208 }, "geometry": { "type": "Point", "coordinates": [ 117.257626, 31.819496 ] } },
{ "type": "Feature", "properties": { "name": "中国石化高新区加油站", "lng": 117.214107, "lat": 31.847896, "type": "危险源", "subtype": "加油站", "address": "西二环与长江西路交口南900米", "tel": "0551-65315400", "risk_level": 1, "hazard_material": "汽柴油", "buffer_radius": 300, "id": 209 }, "geometry": { "type": "Point", "coordinates": [ 117.214107, 31.847896 ] } },
{ "type": "Feature", "properties": { "name": "中国石油祁门路加油站", "lng": 117.26186, "lat": 31.807751, "type": "危险源", "subtype": "加油站", "address": "祁门路信达天御琅诗郡西北侧约50米", "tel": "", "risk_level": 1, "hazard_material": "汽柴油", "buffer_radius": 300, "id": 210 }, "geometry": { "type": "Point", "coordinates": [ 117.26186, 31.807751 ] } },
{ "type": "Feature", "properties": { "name": "中国石化安达石化加油站", "lng": 117.224674, "lat": 31.854886, "type": "危险源", "subtype": "加油站", "address": "长江西路626号(十里庙地铁站1号口步行80米)", "tel": "0551-63621850", "risk_level": 1, "hazard_material": "汽柴油", "buffer_radius": 300, "id": 211 }, "geometry": { "type": "Point", "coordinates": [ 117.224674, 31.854886 ] } },
{ "type": "Feature", "properties": { "name": "中国石化集贤路加油站", "lng": 117.19433, "lat": 31.798381, "type": "危险源", "subtype": "加油站", "address": "绕城高速集贤路东上道口", "tel": "0551-63808375;13625513235", "risk_level": 1, "hazard_material": "汽柴油", "buffer_radius": 300, "id": 212 }, "geometry": { "type": "Point", "coordinates": [ 117.19433, 31.798381 ] } },
{ "type": "Feature", "properties": { "name": "中国石化五里墩加油站", "lng": 117.24541, "lat": 31.851051, "type": "危险源", "subtype": "加油站", "address": "长江西路与青阳路交口东300米处", "tel": "15056013635", "risk_level": 1, "hazard_material": "汽柴油", "buffer_radius": 300, "id": 213 }, "geometry": { "type": "Point", "coordinates": [ 117.24541, 31.851051 ] } },
{ "type": "Feature", "properties": { "name": "常青加油站", "lng": 117.26897, "lat": 31.811099, "type": "危险源", "subtype": "加油站", "address": "宿松路与黟县路交叉口(薛河地铁站4号口步行470米)", "tel": "0551-65950102", "risk_level": 1, "hazard_material": "汽柴油", "buffer_radius": 300, "id": 214 }, "geometry": { "type": "Point", "coordinates": [ 117.26897, 31.811099 ] } },
{ "type": "Feature", "properties": { "name": "中国石化宿松路加油站", "lng": 117.271845, "lat": 31.829606, "type": "危险源", "subtype": "加油站", "address": "望江东路与宿松路交口北120米处东侧", "tel": "0551-62630295", "risk_level": 1, "hazard_material": "汽柴油", "buffer_radius": 300, "id": 215 }, "geometry": { "type": "Point", "coordinates": [ 117.271845, 31.829606 ] } },
{ "type": "Feature", "properties": { "name": "安中石油加油站", "lng": 117.259252, "lat": 31.852138, "type": "危险源", "subtype": "加油站", "address": "肥西路与南一环交叉口东北角", "tel": "0551-62843540;0551-62847918", "risk_level": 1, "hazard_material": "汽柴油", "buffer_radius": 300, "id": 216 }, "geometry": { "type": "Point", "coordinates": [ 117.259252, 31.852138 ] } },
{ "type": "Feature", "properties": { "name": "中国石化大龙加油站", "lng": 117.193868, "lat": 31.852871, "type": "危险源", "subtype": "加油站", "address": "长江西路与香樟大道交口", "tel": "0551-65321901", "risk_level": 1, "hazard_material": "汽柴油", "buffer_radius": 300, "id": 217 }, "geometry": { "type": "Point", "coordinates": [ 117.193868, 31.852871 ] } },
{ "type": "Feature", "properties": { "name": "中国石油金凌加油站", "lng": 117.277481, "lat": 31.814666, "type": "危险源", "subtype": "加油站", "address": "东流路150号(凌大塘地铁站A口步行130米)", "tel": "", "risk_level": 1, "hazard_material": "汽柴油", "buffer_radius": 300, "id": 218 }, "geometry": { "type": "Point", "coordinates": [ 117.277481, 31.814666 ] } },
{ "type": "Feature", "properties": { "name": "中国石化桐城路加油站", "lng": 117.277823, "lat": 31.816891, "type": "危险源", "subtype": "加油站", "address": "桐城路与休宁路交口东南角", "tel": "0551-63495133", "risk_level": 1, "hazard_material": "汽柴油", "buffer_radius": 300, "id": 219 }, "geometry": { "type": "Point", "coordinates": [ 117.277823, 31.816891 ] } },
{ "type": "Feature", "properties": { "name": "翔孚石化交通能源综合站", "lng": 117.274219, "lat": 31.799999, "type": "危险源", "subtype": "加油站", "address": "桐城南路与龙川路交汇处向西300米", "tel": "0551-62620679;0551-63525617", "risk_level": 1, "hazard_material": "汽柴油", "buffer_radius": 300, "id": 220 }, "geometry": { "type": "Point", "coordinates": [ 117.274219, 31.799999 ] } },
{ "type": "Feature", "properties": { "name": "海湾石油正发加油站", "lng": 117.215646, "lat": 31.767665, "type": "危险源", "subtype": "加油站", "address": "金寨南路1054号", "tel": "0551-62861321", "risk_level": 1, "hazard_material": "汽柴油", "buffer_radius": 300, "id": 221 }, "geometry": { "type": "Point", "coordinates": [ 117.215646, 31.767665 ] } },
{ "type": "Feature", "properties": { "name": "中国石化银环加油站", "lng": 117.2501, "lat": 31.860966, "type": "危险源", "subtype": "加油站", "address": "合作化北路121号", "tel": "", "risk_level": 1, "hazard_material": "汽柴油", "buffer_radius": 300, "id": 222 }, "geometry": { "type": "Point", "coordinates": [ 117.2501, 31.860966 ] } },
{ "type": "Feature", "properties": { "name": "中国石化肥西通达加油站", "lng": 117.21913, "lat": 31.771896, "type": "危险源", "subtype": "加油站", "address": "金寨南路1036号", "tel": "0551-63824378", "risk_level": 1, "hazard_material": "汽柴油", "buffer_radius": 300, "id": 223 }, "geometry": { "type": "Point", "coordinates": [ 117.21913, 31.771896 ] } },
{ "type": "Feature", "properties": { "name": "中国石化合肥长江西路加油站", "lng": 117.183276, "lat": 31.852173, "type": "危险源", "subtype": "加油站", "address": "合肥市委党校对面(大蜀山地铁站A1口步行290米)", "tel": "0551-65380428", "risk_level": 1, "hazard_material": "汽柴油", "buffer_radius": 300, "id": 224 }, "geometry": { "type": "Point", "coordinates": [ 117.183276, 31.852173 ] } },
{ "type": "Feature", "properties": { "name": "中国石化潜山北路加油站", "lng": 117.233992, "lat": 31.868417, "type": "危险源", "subtype": "加油站", "address": "潜山北路与高刘路交叉口西南角", "tel": "0551-65563276", "risk_level": 1, "hazard_material": "汽柴油", "buffer_radius": 300, "id": 225 }, "geometry": { "type": "Point", "coordinates": [ 117.233992, 31.868417 ] } },
{ "type": "Feature", "properties": { "name": "合肥中油桃花加油站", "lng": 117.166338, "lat": 31.799549, "type": "危险源", "subtype": "加油站", "address": "桃花镇樱花路与菖蒲路交口西北角", "tel": "0551-65956006", "risk_level": 1, "hazard_material": "汽柴油", "buffer_radius": 300, "id": 226 }, "geometry": { "type": "Point", "coordinates": [ 117.166338, 31.799549 ] } },
{ "type": "Feature", "properties": { "name": "中国石油东陈岗加油站", "lng": 117.285077, "lat": 31.837672, "type": "危险源", "subtype": "加油站", "address": "徽州大道685号", "tel": "", "risk_level": 1, "hazard_material": "汽柴油", "buffer_radius": 300, "id": 227 }, "geometry": { "type": "Point", "coordinates": [ 117.285077, 31.837672 ] } },
{ "type": "Feature", "properties": { "name": "海湾石油新盛加油站", "lng": 117.209886, "lat": 31.762914, "type": "危险源", "subtype": "加油站", "address": "金寨南路与锦绣大道交口西北角276号", "tel": "17755196878", "risk_level": 1, "hazard_material": "汽柴油", "buffer_radius": 300, "id": 228 }, "geometry": { "type": "Point", "coordinates": [ 117.209886, 31.762914 ] } },
{ "type": "Feature", "properties": { "name": "中国石化繁华大道加油站", "lng": 117.282857, "lat": 31.790533, "type": "危险源", "subtype": "加油站", "address": "徽州大道与繁华大道交口向西1000米", "tel": "0551-62630267", "risk_level": 1, "hazard_material": "汽柴油", "buffer_radius": 300, "id": 229 }, "geometry": { "type": "Point", "coordinates": [ 117.282857, 31.790533 ] } },
{ "type": "Feature", "properties": { "name": "中国石化清溪路加油站", "lng": 117.242381, "lat": 31.87161, "type": "危险源", "subtype": "加油站", "address": "清溪路与青阳路交汇处东南角", "tel": "13866796631", "risk_level": 1, "hazard_material": "汽柴油", "buffer_radius": 300, "id": 230 }, "geometry": { "type": "Point", "coordinates": [ 117.242381, 31.87161 ] } },
{ "type": "Feature", "properties": { "name": "中国石化振东加油站", "lng": 117.286043, "lat": 31.844049, "type": "危险源", "subtype": "加油站", "address": "黄山路与徽州大道交叉口北500米", "tel": "0551-64673107", "risk_level": 1, "hazard_material": "汽柴油", "buffer_radius": 300, "id": 231 }, "geometry": { "type": "Point", "coordinates": [ 117.286043, 31.844049 ] } },
{ "type": "Feature", "properties": { "name": "中国石油中环加油站", "lng": 117.239557, "lat": 31.874875, "type": "危险源", "subtype": "加油站", "address": "潜山北路天一家园西门路对面", "tel": "", "risk_level": 1, "hazard_material": "汽柴油", "buffer_radius": 300, "id": 232 }, "geometry": { "type": "Point", "coordinates": [ 117.239557, 31.874875 ] } },
{ "type": "Feature", "properties": { "name": "市政加油站(清溪路)", "lng": 117.249523, "lat": 31.872201, "type": "危险源", "subtype": "加油站", "address": "清溪路13号5栋107号", "tel": "", "risk_level": 1, "hazard_material": "汽柴油", "buffer_radius": 300, "id": 233 }, "geometry": { "type": "Point", "coordinates": [ 117.249523, 31.872201 ] } },
{ "type": "Feature", "properties": { "name": "中国石化加油站(龙川路)", "lng": 117.280206, "lat": 31.801618, "type": "危险源", "subtype": "加油站", "address": "常青街道龙川路与桐城南路交叉口往东300米", "tel": "0551-63482372", "risk_level": 1, "hazard_material": "汽柴油", "buffer_radius": 300, "id": 234 }, "geometry": { "type": "Point", "coordinates": [ 117.280206, 31.801618 ] } },
{ "type": "Feature", "properties": { "name": "祥能石油加油站(西一环路)", "lng": 117.250224, "lat": 31.864272, "type": "危险源", "subtype": "加油站", "address": "合作化北路124号", "tel": "0551-62633988", "risk_level": 1, "hazard_material": "汽柴油", "buffer_radius": 300, "id": 235 }, "geometry": { "type": "Point", "coordinates": [ 117.250224, 31.864272 ] } },
{ "type": "Feature", "properties": { "name": "中国石化华泰加油站", "lng": 117.300367, "lat": 31.816623, "type": "危险源", "subtype": "加油站", "address": "东流路6号(葛大店地铁站D口步行390米)", "tel": "0551-62875062", "risk_level": 1, "hazard_material": "汽柴油", "buffer_radius": 300, "id": 236 }, "geometry": { "type": "Point", "coordinates": [ 117.300367, 31.816623 ] } },
{ "type": "Feature", "properties": { "name": "翔孚石化加油站(马鞍山南路站)", "lng": 117.302559, "lat": 31.825013, "type": "危险源", "subtype": "加油站", "address": "马鞍山南路与皖江路交汇处", "tel": "0551-63440101", "risk_level": 1, "hazard_material": "汽柴油", "buffer_radius": 300, "id": 237 }, "geometry": { "type": "Point", "coordinates": [ 117.302559, 31.825013 ] } },
{ "type": "Feature", "properties": { "name": "新港石化加油站", "lng": 117.258625, "lat": 31.878393, "type": "危险源", "subtype": "加油站", "address": "濉溪路421号", "tel": "0551-63520188", "risk_level": 1, "hazard_material": "汽柴油", "buffer_radius": 300, "id": 238 }, "geometry": { "type": "Point", "coordinates": [ 117.258625, 31.878393 ] } },
{ "type": "Feature", "properties": { "name": "中国石油杏花加油站", "lng": 117.255043, "lat": 31.8785, "type": "危险源", "subtype": "加油站", "address": "双岗街道北一环与肥西路交叉口电子十六所对面", "tel": "", "risk_level": 1, "hazard_material": "汽柴油", "buffer_radius": 300, "id": 239 }, "geometry": { "type": "Point", "coordinates": [ 117.255043, 31.8785 ] } },
{ "type": "Feature", "properties": { "name": "亳州路桥加油站", "lng": 117.26907, "lat": 31.874768, "type": "危险源", "subtype": "加油站", "address": "亳州路2号", "tel": "0551-65526029", "risk_level": 1, "hazard_material": "汽柴油", "buffer_radius": 300, "id": 240 }, "geometry": { "type": "Point", "coordinates": [ 117.26907, 31.874768 ] } },
{ "type": "Feature", "properties": { "name": "合肥客运高铁南加油站", "lng": 117.298122, "lat": 31.799974, "type": "危险源", "subtype": "加油站", "address": "庐州大道与太平湖路交口东南角", "tel": "", "risk_level": 1, "hazard_material": "汽柴油", "buffer_radius": 300, "id": 241 }, "geometry": { "type": "Point", "coordinates": [ 117.298122, 31.799974 ] } },
{ "type": "Feature", "properties": { "name": "中国石油锦天加油站", "lng": 117.239732, "lat": 31.752789, "type": "危险源", "subtype": "加油站", "address": "天都路与锦绣大道路口美的厂对面", "tel": "", "risk_level": 1, "hazard_material": "汽柴油", "buffer_radius": 300, "id": 242 }, "geometry": { "type": "Point", "coordinates": [ 117.239732, 31.752789 ] } },
{ "type": "Feature", "properties": { "name": "中国石化桃花源加油站", "lng": 117.204238, "lat": 31.754989, "type": "危险源", "subtype": "加油站", "address": "紫云路与金寨路交口东北角", "tel": "0551-63857195;15655198712", "risk_level": 1, "hazard_material": "汽柴油", "buffer_radius": 300, "id": 243 }, "geometry": { "type": "Point", "coordinates": [ 117.204238, 31.754989 ] } },
{ "type": "Feature", "properties": { "name": "中国石油繁华西路加油站", "lng": 117.159806, "lat": 31.782875, "type": "危险源", "subtype": "加油站", "address": "桃花镇繁华大道与玉兰大道交叉口", "tel": "", "risk_level": 1, "hazard_material": "汽柴油", "buffer_radius": 300, "id": 244 }, "geometry": { "type": "Point", "coordinates": [ 117.159806, 31.782875 ] } },
{ "type": "Feature", "properties": { "name": "中国石油美菱大道加油站", "lng": 117.301534, "lat": 31.793798, "type": "危险源", "subtype": "加油站", "address": "庐州大道与繁华大道交口西北角", "tel": "", "risk_level": 1, "hazard_material": "汽柴油", "buffer_radius": 300, "id": 245 }, "geometry": { "type": "Point", "coordinates": [ 117.301534, 31.793798 ] } },
{ "type": "Feature", "properties": { "name": "中国石化四里河路加油站", "lng": 117.236534, "lat": 31.889316, "type": "危险源", "subtype": "加油站", "address": "四里河路与固镇路交叉口向南300米", "tel": "0551-65101972", "risk_level": 1, "hazard_material": "汽柴油", "buffer_radius": 300, "id": 246 }, "geometry": { "type": "Point", "coordinates": [ 117.236534, 31.889316 ] } },
{ "type": "Feature", "properties": { "name": "中国石化芜湖路加油站", "lng": 117.298992, "lat": 31.85684, "type": "危险源", "subtype": "加油站", "address": "芜湖路53号(包公园地铁站4号口步行360米)", "tel": "0551-62889858", "risk_level": 1, "hazard_material": "汽柴油", "buffer_radius": 300, "id": 247 }, "geometry": { "type": "Point", "coordinates": [ 117.298992, 31.85684 ] } },
{ "type": "Feature", "properties": { "name": "中国石化固镇路加油站", "lng": 117.213981, "lat": 31.887855, "type": "危险源", "subtype": "加油站", "address": "西二环路与固镇路交口", "tel": "0551-63846252", "risk_level": 1, "hazard_material": "汽柴油", "buffer_radius": 300, "id": 248 }, "geometry": { "type": "Point", "coordinates": [ 117.213981, 31.887855 ] } },
{ "type": "Feature", "properties": { "name": "中国石化方兴大道加油站", "lng": 117.172075, "lat": 31.768183, "type": "危险源", "subtype": "加油站", "address": "经济技术开发区桃花工业园汤口路与集贤路交口", "tel": "0551-68850360", "risk_level": 1, "hazard_material": "汽柴油", "buffer_radius": 300, "id": 249 }, "geometry": { "type": "Point", "coordinates": [ 117.172075, 31.768183 ] } },
{ "type": "Feature", "properties": { "name": "中国石化大华加油站", "lng": 117.199222, "lat": 31.752716, "type": "危险源", "subtype": "加油站", "address": "紫云路与金寨路交口西南角", "tel": "0551-62875415", "risk_level": 1, "hazard_material": "汽柴油", "buffer_radius": 300, "id": 250 }, "geometry": { "type": "Point", "coordinates": [ 117.199222, 31.752716 ] } },
{ "type": "Feature", "properties": { "name": "中国石化临泉路加油站", "lng": 117.258952, "lat": 31.886176, "type": "危险源", "subtype": "加油站", "address": "临泉路与凤凰山路交口西南角向西50米", "tel": "0551-65632073", "risk_level": 1, "hazard_material": "汽柴油", "buffer_radius": 300, "id": 251 }, "geometry": { "type": "Point", "coordinates": [ 117.258952, 31.886176 ] } },
{ "type": "Feature", "properties": { "name": "中国石油金环加油站", "lng": 117.216971, "lat": 31.891337, "type": "危险源", "subtype": "加油站", "address": "北二环路高架辅路与橙香路交叉口西南80米", "tel": "0551-65330635", "risk_level": 1, "hazard_material": "汽柴油", "buffer_radius": 300, "id": 252 }, "geometry": { "type": "Point", "coordinates": [ 117.216971, 31.891337 ] } },
{ "type": "Feature", "properties": { "name": "中国石化屯溪路加油站", "lng": 117.304429, "lat": 31.848048, "type": "危险源", "subtype": "加油站", "address": "屯溪路47号(合工大南区地铁站A口步行370米)", "tel": "0551-64670965", "risk_level": 1, "hazard_material": "汽柴油", "buffer_radius": 300, "id": 253 }, "geometry": { "type": "Point", "coordinates": [ 117.304429, 31.848048 ] } },
{ "type": "Feature", "properties": { "name": "中国石油北门加油站", "lng": 117.274679, "lat": 31.879961, "type": "危险源", "subtype": "加油站", "address": "濉溪路34号(白水坝地铁站D口步行450米)", "tel": "0551-65526077", "risk_level": 1, "hazard_material": "汽柴油", "buffer_radius": 300, "id": 254 }, "geometry": { "type": "Point", "coordinates": [ 117.274679, 31.879961 ] } },
{ "type": "Feature", "properties": { "name": "川能石化加油站", "lng": 117.315019, "lat": 31.82167, "type": "危险源", "subtype": "加油站", "address": "秋浦河路与北京路交叉口西约140米", "tel": "0551-62883602;0551-64225556", "risk_level": 1, "hazard_material": "汽柴油", "buffer_radius": 300, "id": 255 }, "geometry": { "type": "Point", "coordinates": [ 117.315019, 31.82167 ] } },
{ "type": "Feature", "properties": { "name": "中国石化金山加油站", "lng": 117.14357, "lat": 31.851494, "type": "危险源", "subtype": "加油站", "address": "长江西路绕城高速入口处", "tel": "0551-65383558", "risk_level": 1, "hazard_material": "汽柴油", "buffer_radius": 300, "id": 256 }, "geometry": { "type": "Point", "coordinates": [ 117.14357, 31.851494 ] } },
{ "type": "Feature", "properties": { "name": "中国石油新世纪加油站", "lng": 117.141716, "lat": 31.850347, "type": "危险源", "subtype": "加油站", "address": "长江西路高速出口南侧", "tel": "", "risk_level": 1, "hazard_material": "汽柴油", "buffer_radius": 300, "id": 257 }, "geometry": { "type": "Point", "coordinates": [ 117.141716, 31.850347 ] } },
{ "type": "Feature", "properties": { "name": "中国石油顺达加油站", "lng": 117.194935, "lat": 31.747976, "type": "危险源", "subtype": "加油站", "address": "合安路", "tel": "", "risk_level": 1, "hazard_material": "汽柴油", "buffer_radius": 300, "id": 258 }, "geometry": { "type": "Point", "coordinates": [ 117.194935, 31.747976 ] } },
{ "type": "Feature", "properties": { "name": "中国石油兴球加油站", "lng": 117.19281, "lat": 31.748497, "type": "危险源", "subtype": "加油站", "address": "合安路新安驾校东侧", "tel": "0551-68898396", "risk_level": 1, "hazard_material": "汽柴油", "buffer_radius": 300, "id": 259 }, "geometry": { "type": "Point", "coordinates": [ 117.19281, 31.748497 ] } },
{ "type": "Feature", "properties": { "name": "翔孚石化文南路综合能源加油站", "lng": 117.139231, "lat": 31.801817, "type": "危险源", "subtype": "加油站", "address": "明珠大道与文曲路交口南100米(文曲路17号)", "tel": "0551-65323280", "risk_level": 1, "hazard_material": "汽柴油", "buffer_radius": 300, "id": 260 }, "geometry": { "type": "Point", "coordinates": [ 117.139231, 31.801817 ] } },
{ "type": "Feature", "properties": { "name": "中国石化阜阳北路加油站", "lng": 117.287218, "lat": 31.885526, "type": "危险源", "subtype": "加油站", "address": "阜阳北路465号(一里井地铁站3号口步行160米)", "tel": "0551-65549620", "risk_level": 1, "hazard_material": "汽柴油", "buffer_radius": 300, "id": 261 }, "geometry": { "type": "Point", "coordinates": [ 117.287218, 31.885526 ] } },
{ "type": "Feature", "properties": { "name": "中国石化桃花第一站加油站", "lng": 117.254547, "lat": 31.899675, "type": "危险源", "subtype": "加油站", "address": "北二环砀山路与淮北路交口西北角", "tel": "0551-65650441", "risk_level": 1, "hazard_material": "汽柴油", "buffer_radius": 300, "id": 262 }, "geometry": { "type": "Point", "coordinates": [ 117.254547, 31.899675 ] } },
{ "type": "Feature", "properties": { "name": "合客石化明光路加油站", "lng": 117.3072, "lat": 31.867214, "type": "危险源", "subtype": "加油站", "address": "明光路街道明光路168号", "tel": "", "risk_level": 1, "hazard_material": "汽柴油", "buffer_radius": 300, "id": 263 }, "geometry": { "type": "Point", "coordinates": [ 117.3072, 31.867214 ] } },
{ "type": "Feature", "properties": { "name": "虹弯石化翡翠路加油站", "lng": 117.177391, "lat": 31.747602, "type": "危险源", "subtype": "加油站", "address": "方兴大道与翡翠路交口东南侧A-02", "tel": "0551-68881213", "risk_level": 1, "hazard_material": "汽柴油", "buffer_radius": 300, "id": 264 }, "geometry": { "type": "Point", "coordinates": [ 117.177391, 31.747602 ] } },
{ "type": "Feature", "properties": { "name": "安中石油全椒路加油站", "lng": 117.314298, "lat": 31.862034, "type": "危险源", "subtype": "加油站", "address": "全椒路170号", "tel": "0551-64498918", "risk_level": 1, "hazard_material": "汽柴油", "buffer_radius": 300, "id": 265 }, "geometry": { "type": "Point", "coordinates": [ 117.314298, 31.862034 ] } },
{ "type": "Feature", "properties": { "name": "合客石化三角线加油站", "lng": 117.292674, "lat": 31.887682, "type": "危险源", "subtype": "加油站", "address": "临泉路与嘉山路交叉路口东北", "tel": "", "risk_level": 1, "hazard_material": "汽柴油", "buffer_radius": 300, "id": 266 }, "geometry": { "type": "Point", "coordinates": [ 117.292674, 31.887682 ] } },
{ "type": "Feature", "properties": { "name": "中国石化示范加油站", "lng": 117.324058, "lat": 31.84893, "type": "危险源", "subtype": "加油站", "address": "合裕路1241号", "tel": "0551-64483454", "risk_level": 1, "hazard_material": "汽柴油", "buffer_radius": 300, "id": 267 }, "geometry": { "type": "Point", "coordinates": [ 117.324058, 31.84893 ] } },
{ "type": "Feature", "properties": { "name": "中国石化新淝加油站", "lng": 117.329726, "lat": 31.830627, "type": "危险源", "subtype": "加油站", "address": "巢湖南路与南淝河路交叉路口往北约100米", "tel": "0551-62623025", "risk_level": 1, "hazard_material": "汽柴油", "buffer_radius": 300, "id": 268 }, "geometry": { "type": "Point", "coordinates": [ 117.329726, 31.830627 ] } },
{ "type": "Feature", "properties": { "name": "中国石化北苑加油站", "lng": 117.287056, "lat": 31.892199, "type": "危险源", "subtype": "加油站", "address": "阜阳北路与凤台路交叉口404号", "tel": "0551-65536201", "risk_level": 1, "hazard_material": "汽柴油", "buffer_radius": 300, "id": 269 }, "geometry": { "type": "Point", "coordinates": [ 117.287056, 31.892199 ] } },
{ "type": "Feature", "properties": { "name": "滨湖绿岛加油站", "lng": 117.291811, "lat": 31.714233, "type": "危险源", "subtype": "加油站", "address": "广西路与云谷路交叉口向北75米", "tel": "0551-62883499", "risk_level": 1, "hazard_material": "汽柴油", "buffer_radius": 300, "id": 270 }, "geometry": { "type": "Point", "coordinates": [ 117.291811, 31.714233 ] } },
{ "type": "Feature", "properties": { "name": "中国石化金三角加油二站", "lng": 117.338874, "lat": 31.884396, "type": "危险源", "subtype": "加油站", "address": "北二环与东二环西200米(方庙地铁站D口步行290米)", "tel": "0551-64287338", "risk_level": 1, "hazard_material": "汽柴油", "buffer_radius": 300, "id": 271 }, "geometry": { "type": "Point", "coordinates": [ 117.338874, 31.884396 ] } },
{ "type": "Feature", "properties": { "name": "中国石化上派加油站", "lng": 117.175808, "lat": 31.730555, "type": "危险源", "subtype": "加油站", "address": "包公路与滨河路交口710米处西侧", "tel": "0551-68841434", "risk_level": 1, "hazard_material": "汽柴油", "buffer_radius": 300, "id": 272 }, "geometry": { "type": "Point", "coordinates": [ 117.175808, 31.730555 ] } },
{ "type": "Feature", "properties": { "name": "中化石油合肥裕丰加油站", "lng": 117.336723, "lat": 31.859418, "type": "危险源", "subtype": "加油站", "address": "东二环路", "tel": "0551-63477787", "risk_level": 1, "hazard_material": "汽柴油", "buffer_radius": 300, "id": 273 }, "geometry": { "type": "Point", "coordinates": [ 117.336723, 31.859418 ] } },
{ "type": "Feature", "properties": { "name": "中国石化沁源路加油站", "lng": 117.139981, "lat": 31.874157, "type": "危险源", "subtype": "加油站", "address": "白莲岩以南与玉蕾路以东交口", "tel": "0551-62626030", "risk_level": 1, "hazard_material": "汽柴油", "buffer_radius": 300, "id": 274 }, "geometry": { "type": "Point", "coordinates": [ 117.139981, 31.874157 ] } },
{ "type": "Feature", "properties": { "name": "中国石化花园大道加油站", "lng": 117.345141, "lat": 31.77234, "type": "危险源", "subtype": "加油站", "address": "花园大道与河南路交口向东约200米", "tel": "0551-63846857", "risk_level": 1, "hazard_material": "汽柴油", "buffer_radius": 300, "id": 275 }, "geometry": { "type": "Point", "coordinates": [ 117.345141, 31.77234 ] } },
{ "type": "Feature", "properties": { "name": "中国石化繁华西路加油站", "lng": 117.11937, "lat": 31.781935, "type": "危险源", "subtype": "加油站", "address": "繁华西路与八公山路交口西500米处南侧", "tel": "0551-68933153", "risk_level": 1, "hazard_material": "汽柴油", "buffer_radius": 300, "id": 276 }, "geometry": { "type": "Point", "coordinates": [ 117.11937, 31.781935 ] } },
{ "type": "Feature", "properties": { "name": "中国石化广西路加油站", "lng": 117.291893, "lat": 31.726302, "type": "危险源", "subtype": "加油站", "address": "方兴大道与广西路交口向北50米", "tel": "0551-65117713", "risk_level": 1, "hazard_material": "汽柴油", "buffer_radius": 300, "id": 277 }, "geometry": { "type": "Point", "coordinates": [ 117.291893, 31.726302 ] } },
{ "type": "Feature", "properties": { "name": "中国石油乌鲁木齐路加油站", "lng": 117.328822, "lat": 31.790533, "type": "危险源", "subtype": "加油站", "address": "繁华大道包河工业区鸿强大厦东北", "tel": "0551-63365632", "risk_level": 1, "hazard_material": "汽柴油", "buffer_radius": 300, "id": 278 }, "geometry": { "type": "Point", "coordinates": [ 117.328822, 31.790533 ] } },
{ "type": "Feature", "properties": { "name": "中国石化锦绣大道加油站", "lng": 117.312264, "lat": 31.752677, "type": "危险源", "subtype": "加油站", "address": "扬子江路与华山路交叉口", "tel": "0551-63847352", "risk_level": 1, "hazard_material": "汽柴油", "buffer_radius": 300, "id": 279 }, "geometry": { "type": "Point", "coordinates": [ 117.312264, 31.752677 ] } },
{ "type": "Feature", "properties": { "name": "中国石化杭州路加油站", "lng": 117.268591, "lat": 31.719703, "type": "危险源", "subtype": "加油站", "address": "杭州路与玉龙路交叉口向北150米", "tel": "0551-65557970", "risk_level": 1, "hazard_material": "汽柴油", "buffer_radius": 300, "id": 280 }, "geometry": { "type": "Point", "coordinates": [ 117.268591, 31.719703 ] } },
{ "type": "Feature", "properties": { "name": "中国石化新桥加油站", "lng": 117.154879, "lat": 31.731945, "type": "危险源", "subtype": "加油站", "address": "上派镇三河路与翡翠路交口", "tel": "0551-68841053", "risk_level": 1, "hazard_material": "汽柴油", "buffer_radius": 300, "id": 281 }, "geometry": { "type": "Point", "coordinates": [ 117.154879, 31.731945 ] } },
{ "type": "Feature", "properties": { "name": "中国石化珠江路加油站", "lng": 117.250413, "lat": 31.703341, "type": "危险源", "subtype": "加油站", "address": "玉龙路与嘉陵江路交叉口", "tel": "0551-65121530", "risk_level": 1, "hazard_material": "汽柴油", "buffer_radius": 300, "id": 282 }, "geometry": { "type": "Point", "coordinates": [ 117.250413, 31.703341 ] } },
{ "type": "Feature", "properties": { "name": "中国石油合裕路加油站", "lng": 117.329267, "lat": 31.84923, "type": "危险源", "subtype": "加油站", "address": "裕溪路与茂林路交叉口", "tel": "0551-64463914", "risk_level": 1, "hazard_material": "汽柴油", "buffer_radius": 300, "id": 283 }, "geometry": { "type": "Point", "coordinates": [ 117.329267, 31.84923 ] } },
{ "type": "Feature", "properties": { "name": "中国石油天水路加油站", "lng": 117.306306, "lat": 31.926861, "type": "危险源", "subtype": "加油站", "address": "天水路和凤山路交汇处", "tel": "", "risk_level": 1, "hazard_material": "汽柴油", "buffer_radius": 300, "id": 284 }, "geometry": { "type": "Point", "coordinates": [ 117.306306, 31.926861 ] } },
{ "type": "Feature", "properties": { "name": "顺孚石化京商商贸城加油站", "lng": 117.335938, "lat": 31.925045, "type": "危险源", "subtype": "加油站", "address": "泗水路与大禹路交口", "tel": "0551-63847695", "risk_level": 1, "hazard_material": "汽柴油", "buffer_radius": 300, "id": 285 }, "geometry": { "type": "Point", "coordinates": [ 117.335938, 31.925045 ] } },
{ "type": "Feature", "properties": { "name": "中国石化新安江加油站", "lng": 117.337513, "lat": 31.863908, "type": "危险源", "subtype": "加油站", "address": "当涂路与新安江路交叉口", "tel": "0551-64416361", "risk_level": 1, "hazard_material": "汽柴油", "buffer_radius": 300, "id": 286 }, "geometry": { "type": "Point", "coordinates": [ 117.337513, 31.863908 ] } },
{ "type": "Feature", "properties": { "name": "中国石油杭埠河大道加油站", "lng": 117.107723, "lat": 31.751463, "type": "危险源", "subtype": "加油站", "address": "汤口路与华六路交口", "tel": "", "risk_level": 1, "hazard_material": "汽柴油", "buffer_radius": 300, "id": 287 }, "geometry": { "type": "Point", "coordinates": [ 117.107723, 31.751463 ] } },
{ "type": "Feature", "properties": { "name": "中国石化紫石路加油站", "lng": 117.21816, "lat": 31.718323, "type": "危险源", "subtype": "加油站", "address": "紫石路与青鸾路交口西北侧60米处", "tel": "17333060360", "risk_level": 1, "hazard_material": "汽柴油", "buffer_radius": 300, "id": 288 }, "geometry": { "type": "Point", "coordinates": [ 117.21816, 31.718323 ] } },
{ "type": "Feature", "properties": { "name": "紫云湖加油站", "lng": 117.1333, "lat": 31.735489, "type": "危险源", "subtype": "加油站", "address": "三河路与创新大道交叉口", "tel": "0551-62559866", "risk_level": 1, "hazard_material": "汽柴油", "buffer_radius": 300, "id": 289 }, "geometry": { "type": "Point", "coordinates": [ 117.1333, 31.735489 ] } },
{ "type": "Feature", "properties": { "name": "中国石化邵大郢加油站", "lng": 117.277615, "lat": 31.930515, "type": "危险源", "subtype": "加油站", "address": "阜阳北路与清河路交口西南角", "tel": "0551-65663600", "risk_level": 1, "hazard_material": "汽柴油", "buffer_radius": 300, "id": 290 }, "geometry": { "type": "Point", "coordinates": [ 117.277615, 31.930515 ] } },
{ "type": "Feature", "properties": { "name": "中国石油卫乡加油站", "lng": 117.343113, "lat": 31.822094, "type": "危险源", "subtype": "加油站", "address": "郎溪路与南淝河路交口往东南150米", "tel": "0551-64844246", "risk_level": 1, "hazard_material": "汽柴油", "buffer_radius": 300, "id": 291 }, "geometry": { "type": "Point", "coordinates": [ 117.343113, 31.822094 ] } },
{ "type": "Feature", "properties": { "name": "中国石油江淮大道加油站", "lng": 117.150279, "lat": 31.752166, "type": "危险源", "subtype": "加油站", "address": "派河大道交玉兰大道交叉口", "tel": "18056006025", "risk_level": 1, "hazard_material": "汽柴油", "buffer_radius": 300, "id": 292 }, "geometry": { "type": "Point", "coordinates": [ 117.150279, 31.752166 ] } },
{ "type": "Feature", "properties": { "name": "中国石油双河加油站", "lng": 117.095932, "lat": 31.849823, "type": "危险源", "subtype": "加油站", "address": "长江西路3355号", "tel": "", "risk_level": 1, "hazard_material": "汽柴油", "buffer_radius": 300, "id": 293 }, "geometry": { "type": "Point", "coordinates": [ 117.095932, 31.849823 ] } },
{ "type": "Feature", "properties": { "name": "中国石化始信路加油站", "lng": 117.251351, "lat": 31.710844, "type": "危险源", "subtype": "加油站", "address": "始信路与云谷路交口向南260米路东侧", "tel": "18356031707", "risk_level": 1, "hazard_material": "汽柴油", "buffer_radius": 300, "id": 294 }, "geometry": { "type": "Point", "coordinates": [ 117.251351, 31.710844 ] } },
{ "type": "Feature", "properties": { "name": "中国石化蚌埠路加油站", "lng": 117.330355, "lat": 31.867388, "type": "危险源", "subtype": "加油站", "address": "长江东路与肥东路交口东南角", "tel": "0551-64483107", "risk_level": 1, "hazard_material": "汽柴油", "buffer_radius": 300, "id": 295 }, "geometry": { "type": "Point", "coordinates": [ 117.330355, 31.867388 ] } },
{ "type": "Feature", "properties": { "name": "中国海油新安江路加油站", "lng": 117.368355, "lat": 31.85923, "type": "危险源", "subtype": "加油站", "address": "新安江路与广德路交口东南角", "tel": "0551-63667618;956067", "risk_level": 1, "hazard_material": "汽柴油", "buffer_radius": 300, "id": 296 }, "geometry": { "type": "Point", "coordinates": [ 117.368355, 31.85923 ] } },
{ "type": "Feature", "properties": { "name": "中国石油全椒路加油站", "lng": 117.316355, "lat": 31.874502, "type": "危险源", "subtype": "加油站", "address": "北一环与全椒路交口向北220米东侧(全椒新村小区旁)", "tel": "15385885480", "risk_level": 1, "hazard_material": "汽柴油", "buffer_radius": 300, "id": 297 }, "geometry": { "type": "Point", "coordinates": [ 117.316355, 31.874502 ] } },
{ "type": "Feature", "properties": { "name": "中国石油铜陵路加油站", "lng": 117.322711, "lat": 31.874067, "type": "危险源", "subtype": "加油站", "address": "铜陵北路18号", "tel": "0551-64245707", "risk_level": 1, "hazard_material": "汽柴油", "buffer_radius": 300, "id": 298 }, "geometry": { "type": "Point", "coordinates": [ 117.322711, 31.874067 ] } },
{ "type": "Feature", "properties": { "name": "中国石油漕冲加油站", "lng": 117.350878, "lat": 31.867551, "type": "危险源", "subtype": "加油站", "address": "长江东路304号(漕冲地铁站D1口步行180米)", "tel": "0551-64416920", "risk_level": 1, "hazard_material": "汽柴油", "buffer_radius": 300, "id": 299 }, "geometry": { "type": "Point", "coordinates": [ 117.350878, 31.867551 ] } },
{ "type": "Feature", "properties": { "name": "中国石化耀远路加油站", "lng": 117.263568, "lat": 31.920134, "type": "危险源", "subtype": "加油站", "address": "耀远路与蒙城北路交口西北角", "tel": "0551-65523761", "risk_level": 1, "hazard_material": "汽柴油", "buffer_radius": 300, "id": 300 }, "geometry": { "type": "Point", "coordinates": [ 117.263568, 31.920134 ] } },
{ "type": "Feature", "properties": { "name": "中国石化合肥响洪甸路加油站", "lng": 117.08084, "lat": 31.867482, "type": "危险源", "subtype": "加油站", "address": "将军岭路与响洪甸路交口", "tel": "0551-65566932", "risk_level": 1, "hazard_material": "汽柴油", "buffer_radius": 300, "id": 301 }, "geometry": { "type": "Point", "coordinates": [ 117.08084, 31.867482 ] } },
{ "type": "Feature", "properties": { "name": "中国石化振新加油站", "lng": 117.343856, "lat": 31.845287, "type": "危险源", "subtype": "加油站", "address": "合裕路", "tel": "0551-64537163", "risk_level": 1, "hazard_material": "汽柴油", "buffer_radius": 300, "id": 302 }, "geometry": { "type": "Point", "coordinates": [ 117.343856, 31.845287 ] } },
{ "type": "Feature", "properties": { "name": "中国石化大地加油站", "lng": 117.150223, "lat": 31.712362, "type": "危险源", "subtype": "加油站", "address": "上派镇金寨南路长江中学对面", "tel": "0551-68832214", "risk_level": 1, "hazard_material": "汽柴油", "buffer_radius": 300, "id": 303 }, "geometry": { "type": "Point", "coordinates": [ 117.150223, 31.712362 ] } },
{ "type": "Feature", "properties": { "name": "中国石化环湖加油站", "lng": 117.211146, "lat": 31.916228, "type": "危险源", "subtype": "加油站", "address": "合肥市庐阳区合淮路与大杨南路交口", "tel": "0551-65130574", "risk_level": 1, "hazard_material": "汽柴油", "buffer_radius": 300, "id": 304 }, "geometry": { "type": "Point", "coordinates": [ 117.211146, 31.916228 ] } },
{ "type": "Feature", "properties": { "name": "安中石油合裕路加油站", "lng": 117.329776, "lat": 31.84923, "type": "危险源", "subtype": "加油站", "address": "茂林路与合裕路交口", "tel": "0551-63353735", "risk_level": 1, "hazard_material": "汽柴油", "buffer_radius": 300, "id": 305 }, "geometry": { "type": "Point", "coordinates": [ 117.329776, 31.84923 ] } },
{ "type": "Feature", "properties": { "name": "中国石化太原路加油站", "lng": 117.364895, "lat": 31.77538, "type": "危险源", "subtype": "加油站", "address": "辽宁路与太原路交叉口东南150米", "tel": "0551-63656052", "risk_level": 1, "hazard_material": "汽柴油", "buffer_radius": 300, "id": 306 }, "geometry": { "type": "Point", "coordinates": [ 117.364895, 31.77538 ] } },
{ "type": "Feature", "properties": { "name": "中国石化安徽合肥合店加油站", "lng": 117.371339, "lat": 31.868753, "type": "危险源", "subtype": "加油站", "address": "龙岗开发区(长江东路与通达路交口东200米处北侧)", "tel": "0551-67672163", "risk_level": 1, "hazard_material": "汽柴油", "buffer_radius": 300, "id": 307 }, "geometry": { "type": "Point", "coordinates": [ 117.371339, 31.868753 ] } },
{ "type": "Feature", "properties": { "name": "中国石油富兴加油站", "lng": 117.272003, "lat": 31.946606, "type": "危险源", "subtype": "加油站", "address": "阜阳北路与洪河路交叉口东北50米", "tel": "0551-65655692", "risk_level": 1, "hazard_material": "汽柴油", "buffer_radius": 300, "id": 308 }, "geometry": { "type": "Point", "coordinates": [ 117.272003, 31.946606 ] } },
{ "type": "Feature", "properties": { "name": "中国石化蓬莱路加油站", "lng": 117.193122, "lat": 31.691751, "type": "危险源", "subtype": "加油站", "address": "上派镇蓬莱路与北张路交口东北角", "tel": "0551-68841001", "risk_level": 1, "hazard_material": "汽柴油", "buffer_radius": 300, "id": 309 }, "geometry": { "type": "Point", "coordinates": [ 117.193122, 31.691751 ] } },
{ "type": "Feature", "properties": { "name": "中国石化桥庆加油站", "lng": 117.359962, "lat": 31.860101, "type": "危险源", "subtype": "加油站", "address": "新安江路与郎溪路交口东北侧", "tel": "0551-64414273", "risk_level": 1, "hazard_material": "汽柴油", "buffer_radius": 300, "id": 310 }, "geometry": { "type": "Point", "coordinates": [ 117.359962, 31.860101 ] } },
{ "type": "Feature", "properties": { "name": "中国石化前岭路加油站", "lng": 117.360641, "lat": 31.926395, "type": "危险源", "subtype": "加油站", "address": "新站区前岭路与学林路交口", "tel": "0551-62893085", "risk_level": 1, "hazard_material": "汽柴油", "buffer_radius": 300, "id": 311 }, "geometry": { "type": "Point", "coordinates": [ 117.360641, 31.926395 ] } },
{ "type": "Feature", "properties": { "name": "祥能石化长江东路加油站", "lng": 117.384516, "lat": 31.868083, "type": "危险源", "subtype": "加油站", "address": "长江东路长江批发市场向东1500米路南", "tel": "", "risk_level": 1, "hazard_material": "汽柴油", "buffer_radius": 300, "id": 312 }, "geometry": { "type": "Point", "coordinates": [ 117.384516, 31.868083 ] } },
{ "type": "Feature", "properties": { "name": "中国石化东方大道加油站", "lng": 117.331985, "lat": 31.957317, "type": "危险源", "subtype": "加油站", "address": "治淮路以东东方大道以北", "tel": "0551-66854751", "risk_level": 1, "hazard_material": "汽柴油", "buffer_radius": 300, "id": 313 }, "geometry": { "type": "Point", "coordinates": [ 117.331985, 31.957317 ] } },
{ "type": "Feature", "properties": { "name": "徽京能源加油站", "lng": 117.393041, "lat": 31.836667, "type": "危险源", "subtype": "加油站", "address": "水东与裕溪路交口东北边200米处", "tel": "", "risk_level": 1, "hazard_material": "汽柴油", "buffer_radius": 300, "id": 314 }, "geometry": { "type": "Point", "coordinates": [ 117.393041, 31.836667 ] } },
{ "type": "Feature", "properties": { "name": "中国石化泰山路加油站", "lng": 117.373254, "lat": 31.797982, "type": "危险源", "subtype": "加油站", "address": "繁华大道与泰山路交口往北200米", "tel": "0551-65133325", "risk_level": 1, "hazard_material": "汽柴油", "buffer_radius": 300, "id": 315 }, "geometry": { "type": "Point", "coordinates": [ 117.373254, 31.797982 ] } },
{ "type": "Feature", "properties": { "name": "中国石化巢湖路加油站", "lng": 117.361458, "lat": 31.818059, "type": "危险源", "subtype": "加油站", "address": "巢湖南路与兰渡路交口西北侧640米处", "tel": "15856962780", "risk_level": 1, "hazard_material": "汽柴油", "buffer_radius": 300, "id": 316 }, "geometry": { "type": "Point", "coordinates": [ 117.361458, 31.818059 ] } },
{ "type": "Feature", "properties": { "name": "翔孚石化裕安加油站(绿城雅苑东南)", "lng": 117.198162, "lat": 31.938866, "type": "危险源", "subtype": "加油站", "address": "合淮路与金岗大道东南", "tel": "0551-66770556", "risk_level": 1, "hazard_material": "汽柴油", "buffer_radius": 300, "id": 317 }, "geometry": { "type": "Point", "coordinates": [ 117.198162, 31.938866 ] } },
{ "type": "Feature", "properties": { "name": "中化石油岗集加油站", "lng": 117.194569, "lat": 31.941596, "type": "危险源", "subtype": "加油站", "address": "岗集镇岗集小学旁", "tel": "0551-66772075", "risk_level": 1, "hazard_material": "汽柴油", "buffer_radius": 300, "id": 318 }, "geometry": { "type": "Point", "coordinates": [ 117.194569, 31.941596 ] } },
{ "type": "Feature", "properties": { "name": "公交淝河加油站", "lng": 117.351437, "lat": 31.808811, "type": "危险源", "subtype": "加油站", "address": "淝河镇太平湖路与南淝河路交口东南角", "tel": "", "risk_level": 1, "hazard_material": "汽柴油", "buffer_radius": 300, "id": 319 }, "geometry": { "type": "Point", "coordinates": [ 117.351437, 31.808811 ] } },
{ "type": "Feature", "properties": { "name": "中国石油宏大加油站", "lng": 117.207412, "lat": 31.92619, "type": "危险源", "subtype": "加油站", "address": "206国道大杨镇上张村段路东方向", "tel": "0551-65715888", "risk_level": 1, "hazard_material": "汽柴油", "buffer_radius": 300, "id": 320 }, "geometry": { "type": "Point", "coordinates": [ 117.207412, 31.92619 ] } },
{ "type": "Feature", "properties": { "name": "中化石油合肥双凤加油站", "lng": 117.260467, "lat": 31.993465, "type": "危险源", "subtype": "加油站", "address": "阜阳北路与梅冲湖路交叉口", "tel": "0551-66688758", "risk_level": 1, "hazard_material": "汽柴油", "buffer_radius": 300, "id": 321 }, "geometry": { "type": "Point", "coordinates": [ 117.260467, 31.993465 ] } },
{ "type": "Feature", "properties": { "name": "中国石油裕利加油站", "lng": 117.365709, "lat": 31.838935, "type": "危险源", "subtype": "加油站", "address": "大兴镇裕溪路中段马合公司旁", "tel": "0551-64533725", "risk_level": 1, "hazard_material": "汽柴油", "buffer_radius": 300, "id": 322 }, "geometry": { "type": "Point", "coordinates": [ 117.365709, 31.838935 ] } },
{ "type": "Feature", "properties": { "name": "中国石化飞龙加油站", "lng": 117.41373, "lat": 31.832171, "type": "危险源", "subtype": "加油站", "address": "撮镇镇武桥东", "tel": "0551-67313788", "risk_level": 1, "hazard_material": "汽柴油", "buffer_radius": 300, "id": 323 }, "geometry": { "type": "Point", "coordinates": [ 117.41373, 31.832171 ] } },
{ "type": "Feature", "properties": { "name": "中国石化杭清加油站", "lng": 117.106284, "lat": 31.734993, "type": "危险源", "subtype": "加油站", "address": "紫蓬山路与杭埠河大道交口", "tel": "0551-68856156", "risk_level": 1, "hazard_material": "汽柴油", "buffer_radius": 300, "id": 324 }, "geometry": { "type": "Point", "coordinates": [ 117.106284, 31.734993 ] } },
{ "type": "Feature", "properties": { "name": "中国石化魏武路加油站", "lng": 117.29323, "lat": 31.984913, "type": "危险源", "subtype": "加油站", "address": "魏武路与淮南北路交口东南角", "tel": "18226605882", "risk_level": 1, "hazard_material": "汽柴油", "buffer_radius": 300, "id": 325 }, "geometry": { "type": "Point", "coordinates": [ 117.29323, 31.984913 ] } },
{ "type": "Feature", "properties": { "name": "中国石油新大加油站", "lng": 117.390492, "lat": 31.834839, "type": "危险源", "subtype": "加油站", "address": "裕溪路与水东路交口向西100米", "tel": "0551-64534020", "risk_level": 1, "hazard_material": "汽柴油", "buffer_radius": 300, "id": 326 }, "geometry": { "type": "Point", "coordinates": [ 117.390492, 31.834839 ] } },
{ "type": "Feature", "properties": { "name": "中国石油顺风加油站", "lng": 117.171573, "lat": 31.680559, "type": "危险源", "subtype": "加油站", "address": "三河路与杭埠河大道交口向北200东侧", "tel": "13339102614", "risk_level": 1, "hazard_material": "汽柴油", "buffer_radius": 300, "id": 327 }, "geometry": { "type": "Point", "coordinates": [ 117.171573, 31.680559 ] } },
{ "type": "Feature", "properties": { "name": "中国石化新能源加油站", "lng": 117.401981, "lat": 31.868449, "type": "危险源", "subtype": "加油站", "address": "长江东路与大众路交叉口东400米南侧", "tel": "0551-62814891", "risk_level": 1, "hazard_material": "汽柴油", "buffer_radius": 300, "id": 328 }, "geometry": { "type": "Point", "coordinates": [ 117.401981, 31.868449 ] } },
{ "type": "Feature", "properties": { "name": "中国石油大店加油站", "lng": 117.399763, "lat": 31.869584, "type": "危险源", "subtype": "加油站", "address": "合店路(三十埠地铁站A口步行210米)", "tel": "", "risk_level": 1, "hazard_material": "汽柴油", "buffer_radius": 300, "id": 329 }, "geometry": { "type": "Point", "coordinates": [ 117.399763, 31.869584 ] } },
{ "type": "Feature", "properties": { "name": "中国石油加油站(合肥张庙站)", "lng": 117.16397, "lat": 31.969123, "type": "危险源", "subtype": "加油站", "address": "206国道附近", "tel": "0551-66731375", "risk_level": 1, "hazard_material": "汽柴油", "buffer_radius": 300, "id": 330 }, "geometry": { "type": "Point", "coordinates": [ 117.16397, 31.969123 ] } },
{ "type": "Feature", "properties": { "name": "中国石油富民加油站", "lng": 117.395228, "lat": 31.868552, "type": "危险源", "subtype": "加油站", "address": "龙岗镇331省道大店村段大店小学对面", "tel": "0551-67683003", "risk_level": 1, "hazard_material": "汽柴油", "buffer_radius": 300, "id": 331 }, "geometry": { "type": "Point", "coordinates": [ 117.395228, 31.868552 ] } },
{ "type": "Feature", "properties": { "name": "中国石油合肥双墩加油站", "lng": 117.257399, "lat": 32.001833, "type": "危险源", "subtype": "加油站", "address": "双墩镇阜阳北路双墩派出所旁边路西", "tel": "0551-66377162", "risk_level": 1, "hazard_material": "汽柴油", "buffer_radius": 300, "id": 332 }, "geometry": { "type": "Point", "coordinates": [ 117.257399, 32.001833 ] } },
{ "type": "Feature", "properties": { "name": "中国石化土山加油站", "lng": 117.154254, "lat": 31.974936, "type": "危险源", "subtype": "加油站", "address": "206国道合淮路与兴业大道交叉路口往东约50米", "tel": "13856027960", "risk_level": 1, "hazard_material": "汽柴油", "buffer_radius": 300, "id": 333 }, "geometry": { "type": "Point", "coordinates": [ 117.154254, 31.974936 ] } },
{ "type": "Feature", "properties": { "name": "中国石化淮海路加油站", "lng": 117.397811, "lat": 31.922872, "type": "危险源", "subtype": "加油站", "address": "大众路与临焕路交叉口西北150米", "tel": "0551-64323906", "risk_level": 1, "hazard_material": "汽柴油", "buffer_radius": 300, "id": 334 }, "geometry": { "type": "Point", "coordinates": [ 117.397811, 31.922872 ] } },
{ "type": "Feature", "properties": { "name": "中国石化银河加油站", "lng": 117.181659, "lat": 31.955925, "type": "危险源", "subtype": "加油站", "address": "206国道岗集镇瑞丰路口北", "tel": "15375367985", "risk_level": 1, "hazard_material": "汽柴油", "buffer_radius": 300, "id": 335 }, "geometry": { "type": "Point", "coordinates": [ 117.181659, 31.955925 ] } },
{ "type": "Feature", "properties": { "name": "中国石化包公大道加油站", "lng": 117.423297, "lat": 31.892085, "type": "危险源", "subtype": "加油站", "address": "店埠镇包公大道与长山路交口东北角", "tel": "0551-67718990", "risk_level": 1, "hazard_material": "汽柴油", "buffer_radius": 300, "id": 336 }, "geometry": { "type": "Point", "coordinates": [ 117.423297, 31.892085 ] } },
{ "type": "Feature", "properties": { "name": "中国石化关井路加油站", "lng": 117.399397, "lat": 31.910362, "type": "危险源", "subtype": "加油站", "address": "新站区关井路与大众路交口", "tel": "0551-67721962", "risk_level": 1, "hazard_material": "汽柴油", "buffer_radius": 300, "id": 337 }, "geometry": { "type": "Point", "coordinates": [ 117.399397, 31.910362 ] } },
{ "type": "Feature", "properties": { "name": "中国石化运河新城加油站", "lng": 117.008674, "lat": 31.830148, "type": "危险源", "subtype": "加油站", "address": "望江西路与飞龙岗路交口向北100米", "tel": "15856960565", "risk_level": 1, "hazard_material": "汽柴油", "buffer_radius": 300, "id": 338 }, "geometry": { "type": "Point", "coordinates": [ 117.008674, 31.830148 ] } },
{ "type": "Feature", "properties": { "name": "中国石化肥东服务区南加油站", "lng": 117.4563, "lat": 31.855257, "type": "危险源", "subtype": "加油站", "address": "合宁高速公路肥东服务区", "tel": "0551-62587925", "risk_level": 1, "hazard_material": "汽柴油", "buffer_radius": 300, "id": 339 }, "geometry": { "type": "Point", "coordinates": [ 117.4563, 31.855257 ] } },
{ "type": "Feature", "properties": { "name": "中国石化少荃湖加油站", "lng": 117.400636, "lat": 31.940156, "type": "危险源", "subtype": "加油站", "address": "东方大道与大众路交叉口", "tel": "0551-67728027", "risk_level": 1, "hazard_material": "汽柴油", "buffer_radius": 300, "id": 340 }, "geometry": { "type": "Point", "coordinates": [ 117.400636, 31.940156 ] } },
{ "type": "Feature", "properties": { "name": "中国石油龙源加油站", "lng": 117.442899, "lat": 31.825956, "type": "危险源", "subtype": "加油站", "address": "采香环路与合马路交汇处西北角", "tel": "0551-67313304", "risk_level": 1, "hazard_material": "汽柴油", "buffer_radius": 300, "id": 341 }, "geometry": { "type": "Point", "coordinates": [ 117.442899, 31.825956 ] } },
{ "type": "Feature", "properties": { "name": "中国石油龙发加油站", "lng": 117.428457, "lat": 31.828682, "type": "危险源", "subtype": "加油站", "address": "撮镇镇龙塘高速路口水利水电学院北大门", "tel": "0551-67313754;0551-67318895", "risk_level": 1, "hazard_material": "汽柴油", "buffer_radius": 300, "id": 342 }, "geometry": { "type": "Point", "coordinates": [ 117.428457, 31.828682 ] } },
{ "type": "Feature", "properties": { "name": "中国石化北城加油站", "lng": 117.249431, "lat": 32.025274, "type": "危险源", "subtype": "加油站", "address": "阜阳北路g40号", "tel": "15155972635", "risk_level": 1, "hazard_material": "汽柴油", "buffer_radius": 300, "id": 343 }, "geometry": { "type": "Point", "coordinates": [ 117.249431, 32.025274 ] } },
{ "type": "Feature", "properties": { "name": "海恒石油平安加油站", "lng": 117.137624, "lat": 31.983642, "type": "危险源", "subtype": "加油站", "address": "合淮路23号", "tel": "0551-66683337", "risk_level": 1, "hazard_material": "汽柴油", "buffer_radius": 300, "id": 344 }, "geometry": { "type": "Point", "coordinates": [ 117.137624, 31.983642 ] } },
{ "type": "Feature", "properties": { "name": "中国石化中岗加油站", "lng": 117.449403, "lat": 31.823271, "type": "危险源", "subtype": "加油站", "address": "裕溪路与翠微亭路交口西南50米", "tel": "0551-67360119", "risk_level": 1, "hazard_material": "汽柴油", "buffer_radius": 300, "id": 345 }, "geometry": { "type": "Point", "coordinates": [ 117.449403, 31.823271 ] } },
{ "type": "Feature", "properties": { "name": "中国石化津源加油站", "lng": 117.43587, "lat": 31.875783, "type": "危险源", "subtype": "加油站", "address": "肥东新城开发区(双龙大酒店隔壁)", "tel": "0551-67727000;0551-95105988;95105988", "risk_level": 1, "hazard_material": "汽柴油", "buffer_radius": 300, "id": 346 }, "geometry": { "type": "Point", "coordinates": [ 117.43587, 31.875783 ] } },
{ "type": "Feature", "properties": { "name": "中国石化肥东顺达加油站", "lng": 117.416981, "lat": 31.871974, "type": "危险源", "subtype": "加油站", "address": "店埠镇长江东路北三十埠大桥东", "tel": "13856903808", "risk_level": 1, "hazard_material": "汽柴油", "buffer_radius": 300, "id": 347 }, "geometry": { "type": "Point", "coordinates": [ 117.416981, 31.871974 ] } },
{ "type": "Feature", "properties": { "name": "马达出行合肥怀远路加油站", "lng": 117.338293, "lat": 31.992539, "type": "危险源", "subtype": "加油站", "address": "三十头社区", "tel": "0551-64668884", "risk_level": 1, "hazard_material": "汽柴油", "buffer_radius": 300, "id": 348 }, "geometry": { "type": "Point", "coordinates": [ 117.338293, 31.992539 ] } },
{ "type": "Feature", "properties": { "name": "中国石油紫蓬山加油站", "lng": 117.035495, "lat": 31.757148, "type": "危险源", "subtype": "加油站", "address": "紫蓬镇森林大道与上小路交叉口", "tel": "", "risk_level": 1, "hazard_material": "汽柴油", "buffer_radius": 300, "id": 349 }, "geometry": { "type": "Point", "coordinates": [ 117.035495, 31.757148 ] } },
{ "type": "Feature", "properties": { "name": "中国石化肥东服务区北加油站", "lng": 117.454686, "lat": 31.855894, "type": "危险源", "subtype": "加油站", "address": "合宁高速公路肥东服务区", "tel": "", "risk_level": 1, "hazard_material": "汽柴油", "buffer_radius": 300, "id": 350 }, "geometry": { "type": "Point", "coordinates": [ 117.454686, 31.855894 ] } },
{ "type": "Feature", "properties": { "name": "中国石化龙城路加油站", "lng": 117.445301, "lat": 31.859899, "type": "危险源", "subtype": "加油站", "address": "店埠镇金阳路与龙城路交口西北角", "tel": "0551-67711827", "risk_level": 1, "hazard_material": "汽柴油", "buffer_radius": 300, "id": 351 }, "geometry": { "type": "Point", "coordinates": [ 117.445301, 31.859899 ] } },
{ "type": "Feature", "properties": { "name": "龙东石化龙东加油站(合店路辅路)", "lng": 117.432308, "lat": 31.873947, "type": "危险源", "subtype": "加油站", "address": "合店路44号", "tel": "", "risk_level": 1, "hazard_material": "汽柴油", "buffer_radius": 300, "id": 352 }, "geometry": { "type": "Point", "coordinates": [ 117.432308, 31.873947 ] } },
{ "type": "Feature", "properties": { "name": "中国石化严店加油站", "lng": 117.21244, "lat": 31.620834, "type": "危险源", "subtype": "加油站", "address": "严店镇吴岗村合安高速出入口对面", "tel": "0551-68713686", "risk_level": 1, "hazard_material": "汽柴油", "buffer_radius": 300, "id": 353 }, "geometry": { "type": "Point", "coordinates": [ 117.21244, 31.620834 ] } },
{ "type": "Feature", "properties": { "name": "中国石化小庙加油站", "lng": 117.006325, "lat": 31.841392, "type": "危险源", "subtype": "加油站", "address": "小庙镇312国道南侧", "tel": "13349205558;18110953161", "risk_level": 1, "hazard_material": "汽柴油", "buffer_radius": 300, "id": 354 }, "geometry": { "type": "Point", "coordinates": [ 117.006325, 31.841392 ] } },
{ "type": "Feature", "properties": { "name": "中国石化众兴服务区北加油站", "lng": 117.417051, "lat": 31.976568, "type": "危险源", "subtype": "加油站", "address": "沪陕高速肥东众兴服务区北", "tel": "0551-67626159", "risk_level": 1, "hazard_material": "汽柴油", "buffer_radius": 300, "id": 355 }, "geometry": { "type": "Point", "coordinates": [ 117.417051, 31.976568 ] } },
{ "type": "Feature", "properties": { "name": "中国石油劳武加油站", "lng": 117.197191, "lat": 31.938392, "type": "危险源", "subtype": "加油站", "address": "金岗大道1号", "tel": "", "risk_level": 1, "hazard_material": "汽柴油", "buffer_radius": 300, "id": 356 }, "geometry": { "type": "Point", "coordinates": [ 117.197191, 31.938392 ] } },
{ "type": "Feature", "properties": { "name": "中国石油店忠路加油站", "lng": 117.473672, "lat": 31.859849, "type": "危险源", "subtype": "加油站", "address": "撮镇路辅路与站北路交叉口东北100米", "tel": "", "risk_level": 1, "hazard_material": "汽柴油", "buffer_radius": 300, "id": 357 }, "geometry": { "type": "Point", "coordinates": [ 117.473672, 31.859849 ] } },
{ "type": "Feature", "properties": { "name": "中国石油天成加油站", "lng": 117.091478, "lat": 31.657352, "type": "危险源", "subtype": "加油站", "address": "206国道(肥西花岗中学东北)", "tel": "", "risk_level": 1, "hazard_material": "汽柴油", "buffer_radius": 300, "id": 358 }, "geometry": { "type": "Point", "coordinates": [ 117.091478, 31.657352 ] } },
{ "type": "Feature", "properties": { "name": "中国石化合肥新桥机场加油站", "lng": 116.98367, "lat": 31.964585, "type": "危险源", "subtype": "加油站", "address": "新桥大道与春兰路交叉口南100米", "tel": "0551-63829851", "risk_level": 1, "hazard_material": "汽柴油", "buffer_radius": 300, "id": 359 }, "geometry": { "type": "Point", "coordinates": [ 116.98367, 31.964585 ] } },
{ "type": "Feature", "properties": { "name": "中国石化众兴服务区南加油站", "lng": 117.418824, "lat": 31.97374, "type": "危险源", "subtype": "加油站", "address": "沪陕高速肥东众兴服务区", "tel": "0551-67626158", "risk_level": 1, "hazard_material": "汽柴油", "buffer_radius": 300, "id": 360 }, "geometry": { "type": "Point", "coordinates": [ 117.418824, 31.97374 ] } },
{ "type": "Feature", "properties": { "name": "中国石化蒙城北路加油站", "lng": 117.233253, "lat": 32.044749, "type": "危险源", "subtype": "加油站", "address": "双墩镇蒙城北路与龙湖北路交口北侧", "tel": "0551-66700521", "risk_level": 1, "hazard_material": "汽柴油", "buffer_radius": 300, "id": 361 }, "geometry": { "type": "Point", "coordinates": [ 117.233253, 32.044749 ] } },
{ "type": "Feature", "properties": { "name": "中国石油皖源加油站", "lng": 117.479436, "lat": 31.810217, "type": "危险源", "subtype": "加油站", "address": "撮镇镇政府斜对面", "tel": "0551-67363790", "risk_level": 1, "hazard_material": "汽柴油", "buffer_radius": 300, "id": 362 }, "geometry": { "type": "Point", "coordinates": [ 117.479436, 31.810217 ] } },
{ "type": "Feature", "properties": { "name": "中国石化店埠加油站", "lng": 117.471866, "lat": 31.866533, "type": "危险源", "subtype": "加油站", "address": "店埠镇撮镇路与龙城路交口西北角", "tel": "0551-67292861", "risk_level": 1, "hazard_material": "汽柴油", "buffer_radius": 300, "id": 363 }, "geometry": { "type": "Point", "coordinates": [ 117.471866, 31.866533 ] } },
{ "type": "Feature", "properties": { "name": "中国石油顺源加油站", "lng": 117.483156, "lat": 31.893219, "type": "危险源", "subtype": "加油站", "address": "合蚌路", "tel": "", "risk_level": 1, "hazard_material": "汽柴油", "buffer_radius": 300, "id": 364 }, "geometry": { "type": "Point", "coordinates": [ 117.483156, 31.893219 ] } },
{ "type": "Feature", "properties": { "name": "中国石化丰乐服务区西加油站", "lng": 117.183922, "lat": 31.592899, "type": "危险源", "subtype": "加油站", "address": "合安高速公路肥西丰乐段", "tel": "15212447789", "risk_level": 1, "hazard_material": "汽柴油", "buffer_radius": 300, "id": 365 }, "geometry": { "type": "Point", "coordinates": [ 117.183922, 31.592899 ] } },
{ "type": "Feature", "properties": { "name": "中国石化南环路加油站", "lng": 117.473987, "lat": 31.874825, "type": "危险源", "subtype": "加油站", "address": "长江东路辅路南50米", "tel": "0551-67711712", "risk_level": 1, "hazard_material": "汽柴油", "buffer_radius": 300, "id": 366 }, "geometry": { "type": "Point", "coordinates": [ 117.473987, 31.874825 ] } },
{ "type": "Feature", "properties": { "name": "中国石化长临河服务区加油站", "lng": 117.467803, "lat": 31.707994, "type": "危险源", "subtype": "加油站", "address": "长临河镇店忠路与合福高铁交口东北角", "tel": "0551-62823773", "risk_level": 1, "hazard_material": "汽柴油", "buffer_radius": 300, "id": 367 }, "geometry": { "type": "Point", "coordinates": [ 117.467803, 31.707994 ] } },
{ "type": "Feature", "properties": { "name": "中国石化丰乐服务区东加油站", "lng": 117.186534, "lat": 31.595119, "type": "危险源", "subtype": "加油站", "address": "合安高速公路肥西丰乐段", "tel": "15212447789", "risk_level": 1, "hazard_material": "汽柴油", "buffer_radius": 300, "id": 368 }, "geometry": { "type": "Point", "coordinates": [ 117.186534, 31.595119 ] } },
{ "type": "Feature", "properties": { "name": "分路加油站", "lng": 116.994359, "lat": 31.879061, "type": "危险源", "subtype": "加油站", "address": "小高路", "tel": "", "risk_level": 1, "hazard_material": "汽柴油", "buffer_radius": 300, "id": 369 }, "geometry": { "type": "Point", "coordinates": [ 116.994359, 31.879061 ] } },
{ "type": "Feature", "properties": { "name": "祥能石化加油站(长临河站)", "lng": 117.470843, "lat": 31.722583, "type": "危险源", "subtype": "加油站", "address": "店忠路", "tel": "13053150088", "risk_level": 1, "hazard_material": "汽柴油", "buffer_radius": 300, "id": 370 }, "geometry": { "type": "Point", "coordinates": [ 117.470843, 31.722583 ] } },
{ "type": "Feature", "properties": { "name": "中国石化繁华东路加油站", "lng": 117.477334, "lat": 31.780959, "type": "危险源", "subtype": "加油站", "address": "循环经济示范园繁华大道与长山路交口东南角", "tel": "", "risk_level": 1, "hazard_material": "汽柴油", "buffer_radius": 300, "id": 371 }, "geometry": { "type": "Point", "coordinates": [ 117.477334, 31.780959 ] } },
{ "type": "Feature", "properties": { "name": "中国石化城关加油站", "lng": 117.481836, "lat": 31.879591, "type": "危险源", "subtype": "加油站", "address": "店埠镇龙泉东路", "tel": "13856035990", "risk_level": 1, "hazard_material": "汽柴油", "buffer_radius": 300, "id": 372 }, "geometry": { "type": "Point", "coordinates": [ 117.481836, 31.879591 ] } },
{ "type": "Feature", "properties": { "name": "中国石油振兴加油站", "lng": 117.470811, "lat": 31.759251, "type": "危险源", "subtype": "加油站", "address": "撮镇镇长乐路", "tel": "0551-67375160", "risk_level": 1, "hazard_material": "汽柴油", "buffer_radius": 300, "id": 373 }, "geometry": { "type": "Point", "coordinates": [ 117.470811, 31.759251 ] } },
{ "type": "Feature", "properties": { "name": "中国石化肥东四顶山路加油站", "lng": 117.494405, "lat": 31.892157, "type": "危险源", "subtype": "加油站", "address": "包公大道与四顶山路交口东北角", "tel": "0551-67751062;13695601219", "risk_level": 1, "hazard_material": "汽柴油", "buffer_radius": 300, "id": 374 }, "geometry": { "type": "Point", "coordinates": [ 117.494405, 31.892157 ] } },
{ "type": "Feature", "properties": { "name": "中国石油合隆加油站(312国道辅路)", "lng": 116.935726, "lat": 31.821236, "type": "危险源", "subtype": "加油站", "address": "小庙镇长江西路312国道辅路", "tel": "", "risk_level": 1, "hazard_material": "汽柴油", "buffer_radius": 300, "id": 375 }, "geometry": { "type": "Point", "coordinates": [ 116.935726, 31.821236 ] } },
{ "type": "Feature", "properties": { "name": "中国石化合蚌路第二加油站", "lng": 117.491102, "lat": 31.914377, "type": "危险源", "subtype": "加油站", "address": "店埠镇塘林村", "tel": "15375465782", "risk_level": 1, "hazard_material": "汽柴油", "buffer_radius": 300, "id": 376 }, "geometry": { "type": "Point", "coordinates": [ 117.491102, 31.914377 ] } },
{ "type": "Feature", "properties": { "name": "中国石化合蚌路第一加油站", "lng": 117.484181, "lat": 31.907892, "type": "危险源", "subtype": "加油站", "address": "店埠镇新庄村国道329与关井路交囗南50米处", "tel": "0551-67710179;18005601313", "risk_level": 1, "hazard_material": "汽柴油", "buffer_radius": 300, "id": 377 }, "geometry": { "type": "Point", "coordinates": [ 117.484181, 31.907892 ] } },
{ "type": "Feature", "properties": { "name": "中国石化花岗加油站", "lng": 117.047886, "lat": 31.62003, "type": "危险源", "subtype": "加油站", "address": "花岗镇206国道葛家堰村段路西", "tel": "0551-68401013", "risk_level": 1, "hazard_material": "汽柴油", "buffer_radius": 300, "id": 378 }, "geometry": { "type": "Point", "coordinates": [ 117.047886, 31.62003 ] } },
{ "type": "Feature", "properties": { "name": "中国石油石塘路加油站", "lng": 117.506599, "lat": 31.88614, "type": "危险源", "subtype": "加油站", "address": "店埠镇石塘路与老圩路交口", "tel": "0551-67704150", "risk_level": 1, "hazard_material": "汽柴油", "buffer_radius": 300, "id": 379 }, "geometry": { "type": "Point", "coordinates": [ 117.506599, 31.88614 ] } },
{ "type": "Feature", "properties": { "name": "吴山鸿运加油站", "lng": 117.092404, "lat": 32.058117, "type": "危险源", "subtype": "加油站", "address": "吴山镇206国道与053县道交口南260米处西侧", "tel": "13665691388", "risk_level": 1, "hazard_material": "汽柴油", "buffer_radius": 300, "id": 380 }, "geometry": { "type": "Point", "coordinates": [ 117.092404, 32.058117 ] } },
{ "type": "Feature", "properties": { "name": "中国石化高刘加油站", "lng": 116.938121, "lat": 31.930234, "type": "危险源", "subtype": "加油站", "address": "经济技术开发区高刘街道振兴路278号", "tel": "0551-68661956", "risk_level": 1, "hazard_material": "汽柴油", "buffer_radius": 300, "id": 381 }, "geometry": { "type": "Point", "coordinates": [ 116.938121, 31.930234 ] } },
{ "type": "Feature", "properties": { "name": "中国石化大柏店加油站", "lng": 116.920757, "lat": 31.815756, "type": "危险源", "subtype": "加油站", "address": "小庙镇312国道小柏村路南", "tel": "13866723996", "risk_level": 1, "hazard_material": "汽柴油", "buffer_radius": 300, "id": 382 }, "geometry": { "type": "Point", "coordinates": [ 116.920757, 31.815756 ] } },
{ "type": "Feature", "properties": { "name": "中国石油江淮加油站", "lng": 117.092239, "lat": 32.036608, "type": "危险源", "subtype": "加油站", "address": "吴山镇斗镇村", "tel": "0551-66737565", "risk_level": 1, "hazard_material": "汽柴油", "buffer_radius": 300, "id": 383 }, "geometry": { "type": "Point", "coordinates": [ 117.092239, 32.036608 ] } },
{ "type": "Feature", "properties": { "name": "龙东石化南巡加油站", "lng": 117.524275, "lat": 31.781402, "type": "危险源", "subtype": "加油站", "address": "", "tel": "", "risk_level": 1, "hazard_material": "汽柴油", "buffer_radius": 300, "id": 384 }, "geometry": { "type": "Point", "coordinates": [ 117.524275, 31.781402 ] } },
{ "type": "Feature", "properties": { "name": "龙东石化中东加油站", "lng": 117.505601, "lat": 31.793326, "type": "危险源", "subtype": "加油站", "address": "裕溪路华星智能停车设备北200米", "tel": "19966538021", "risk_level": 1, "hazard_material": "汽柴油", "buffer_radius": 300, "id": 385 }, "geometry": { "type": "Point", "coordinates": [ 117.505601, 31.793326 ] } },
{ "type": "Feature", "properties": { "name": "中国石化吴山加油站", "lng": 117.066135, "lat": 32.061277, "type": "危险源", "subtype": "加油站", "address": "吴山镇018县道与024县道交叉口东南方向50米", "tel": "13721097772", "risk_level": 1, "hazard_material": "汽柴油", "buffer_radius": 300, "id": 386 }, "geometry": { "type": "Point", "coordinates": [ 117.066135, 32.061277 ] } },
{ "type": "Feature", "properties": { "name": "中国石化罗集加油站", "lng": 117.249806, "lat": 32.106276, "type": "危险源", "subtype": "加油站", "address": "双墩镇罗集街道", "tel": "18226211070", "risk_level": 1, "hazard_material": "汽柴油", "buffer_radius": 300, "id": 387 }, "geometry": { "type": "Point", "coordinates": [ 117.249806, 32.106276 ] } },
{ "type": "Feature", "properties": { "name": "中国石化元疃加油站", "lng": 117.379288, "lat": 32.065755, "type": "危险源", "subtype": "加油站", "address": "元疃镇", "tel": "0551-67951586", "risk_level": 1, "hazard_material": "汽柴油", "buffer_radius": 300, "id": 388 }, "geometry": { "type": "Point", "coordinates": [ 117.379288, 32.065755 ] } },
{ "type": "Feature", "properties": { "name": "合肥盛鸿四合加油站", "lng": 117.020821, "lat": 31.577359, "type": "危险源", "subtype": "加油站", "address": "四合社区合安公路1074公里碑处南侧", "tel": "", "risk_level": 1, "hazard_material": "汽柴油", "buffer_radius": 300, "id": 389 }, "geometry": { "type": "Point", "coordinates": [ 117.020821, 31.577359 ] } },
{ "type": "Feature", "properties": { "name": "中国石化官亭路北加油站", "lng": 116.879621, "lat": 31.803999, "type": "危险源", "subtype": "加油站", "address": "官亭镇312国道与迎宾大道交口路北", "tel": "0551-68365048", "risk_level": 1, "hazard_material": "汽柴油", "buffer_radius": 300, "id": 390 }, "geometry": { "type": "Point", "coordinates": [ 116.879621, 31.803999 ] } },
{ "type": "Feature", "properties": { "name": "中国石化三河加油站", "lng": 117.249872, "lat": 31.516175, "type": "危险源", "subtype": "加油站", "address": "三河镇杨婆村三河派出所对面(向阳新村小区东)", "tel": "0551-68751283", "risk_level": 1, "hazard_material": "汽柴油", "buffer_radius": 300, "id": 391 }, "geometry": { "type": "Point", "coordinates": [ 117.249872, 31.516175 ] } },
{ "type": "Feature", "properties": { "name": "中化石油长镇加油站", "lng": 116.892281, "lat": 31.842923, "type": "危险源", "subtype": "加油站", "address": "高店镇长镇社区街道", "tel": "13339192959", "risk_level": 1, "hazard_material": "汽柴油", "buffer_radius": 300, "id": 392 }, "geometry": { "type": "Point", "coordinates": [ 116.892281, 31.842923 ] } },
{ "type": "Feature", "properties": { "name": "NWI新仓加油站", "lng": 117.083608, "lat": 31.554019, "type": "危险源", "subtype": "加油站", "address": "丰乐镇新仓社区花新路与新大街交口西750米处南侧", "tel": "", "risk_level": 1, "hazard_material": "汽柴油", "buffer_radius": 300, "id": 393 }, "geometry": { "type": "Point", "coordinates": [ 117.083608, 31.554019 ] } },
{ "type": "Feature", "properties": { "name": "中国石化新桥服务区南加油站", "lng": 116.895447, "lat": 31.918776, "type": "危险源", "subtype": "加油站", "address": "经开区G40沪陕高速(合六叶高速公路合肥市肥西县境内)665KM+200M处南侧新桥服务区", "tel": "0551-62527836;15956986741", "risk_level": 1, "hazard_material": "汽柴油", "buffer_radius": 300, "id": 394 }, "geometry": { "type": "Point", "coordinates": [ 116.895447, 31.918776 ] } },
{ "type": "Feature", "properties": { "name": "中国石油鸡龙山加油站", "lng": 117.548387, "lat": 31.767529, "type": "危险源", "subtype": "加油站", "address": "105省道桥头集镇段宏宇白水泥厂对面", "tel": "0551-67333066", "risk_level": 1, "hazard_material": "汽柴油", "buffer_radius": 300, "id": 395 }, "geometry": { "type": "Point", "coordinates": [ 117.548387, 31.767529 ] } },
{ "type": "Feature", "properties": { "name": "中国石化桥头集加油站", "lng": 117.56112, "lat": 31.76097, "type": "危险源", "subtype": "加油站", "address": "桥头集镇(S105省道)与龙泉大街(X026县道)交叉口东80米处北侧", "tel": "0551-67335266", "risk_level": 1, "hazard_material": "汽柴油", "buffer_radius": 300, "id": 396 }, "geometry": { "type": "Point", "coordinates": [ 117.56112, 31.76097 ] } },
{ "type": "Feature", "properties": { "name": "中国石化新桥服务区北加油站", "lng": 116.892559, "lat": 31.920127, "type": "危险源", "subtype": "加油站", "address": "新桥服务区北侧", "tel": "15956986741", "risk_level": 1, "hazard_material": "汽柴油", "buffer_radius": 300, "id": 397 }, "geometry": { "type": "Point", "coordinates": [ 116.892559, 31.920127 ] } },
{ "type": "Feature", "properties": { "name": "中国石油中庙加油站", "lng": 117.490255, "lat": 31.595284, "type": "危险源", "subtype": "加油站", "address": "滨湖大道与烔忠路交叉口东240米", "tel": "0551-88579766", "risk_level": 1, "hazard_material": "汽柴油", "buffer_radius": 300, "id": 398 }, "geometry": { "type": "Point", "coordinates": [ 117.490255, 31.595284 ] } }
]
}
