{
"type": "FeatureCollection",
"name": "tanlu_buffer_4490",
"crs": { "type": "name", "properties": { "name": "urn:ogc:def:crs:EPSG::4490" } },
"features": [
{ "type": "Feature", "properties": { "distance_km": 10 }, "geometry": { "type": "MultiPolygon", "coordinates": [ [ [ [ 115.841679991122845, 31.189643130976076 ], [ 115.848674795711474, 31.196213689389815 ], [ 115.888103164304098, 31.229741412271174 ], [ 115.934595834795019, 31.287527976952031 ], [ 115.941940926490332, 31.29562290724553 ], [ 115.9902270564085, 31.34297198165989 ], [ 115.995292728149238, 31.34759658530653 ], [ 116.000831054889701, 31.352308122736691 ], [ 115.955033377631523, 31.359127809645209 ], [ 115.830773776360758, 31.365052570726821 ], [ 115.683702790723942, 31.369262166538476 ], [ 115.681888544098015, 31.369326505454318 ], [ 115.578834176381378, 31.373704203549849 ], [ 115.568301014428414, 31.374604869924028 ], [ 115.557926562380999, 31.376409192074558 ], [ 115.54781577913603, 31.379098907574985 ], [ 115.454028112466446, 31.408518083623001 ], [ 115.444666966147807, 31.411897571119457 ], [ 115.435729001507255, 31.416035346210084 ], [ 115.42811702355695, 31.419977034347539 ], [ 115.378853322483636, 31.422365331602542 ], [ 115.368592188229783, 31.423295232207341 ], [ 115.358486450424195, 31.425082316085227 ], [ 115.348633167727257, 31.427709411035831 ], [ 115.339126992335252, 31.431151276499183 ], [ 115.330059267611446, 31.435374844369534 ], [ 115.32151715629729, 31.440339534463355 ], [ 115.313582807397793, 31.445997641714825 ], [ 115.306332569522638, 31.452294791505786 ], [ 115.29983625808643, 31.459170458898846 ], [ 115.294156483325025, 31.46655854694005 ], [ 115.289348045582258, 31.474388018635828 ], [ 115.285457403749561, 31.482583576691642 ], [ 115.28252222211897, 31.491066384634355 ], [ 115.280571000225251, 31.499754822528743 ], [ 115.279622789521284, 31.508565270146704 ], [ 115.279686999951309, 31.517412910159791 ], [ 115.280763298661654, 31.526212543703974 ], [ 115.282841602234356, 31.534879410514616 ], [ 115.285902162937589, 31.543330005751265 ], [ 115.289915748583951, 31.551482885628399 ], [ 115.294843914663474, 31.55925945404152 ], [ 115.300639366497492, 31.566584722527185 ], [ 115.307246408242136, 31.573388036123323 ], [ 115.314601474673992, 31.579603757997706 ], [ 115.322633740818944, 31.585171906090249 ], [ 115.33126580365807, 31.590038735462112 ], [ 115.340414429363165, 31.594157260560607 ], [ 115.349991358801773, 31.59748771218776 ], [ 115.359904163403343, 31.599997924596039 ], [ 115.370057142918142, 31.601663648822637 ], [ 115.380352256127722, 31.602468789104616 ], [ 115.390690075189355, 31.602405559984412 ], [ 115.466148616790775, 31.598744461530693 ], [ 115.476337258856802, 31.597819525130795 ], [ 115.486372427705035, 31.59605099674744 ], [ 115.496158933548685, 31.593455644590382 ], [ 115.505603963435846, 31.590058079305535 ], [ 115.51461796819008, 31.585890518888618 ], [ 115.535867112280428, 31.574886864371624 ], [ 115.605160373440256, 31.553152606138749 ], [ 115.691485754650131, 31.549485230880812 ], [ 115.839031086090728, 31.545268350564136 ], [ 115.841232536334047, 31.545184379917 ], [ 115.972909665726547, 31.538909335088618 ], [ 115.984988234204863, 31.537724798093645 ], [ 116.065177472656885, 31.525779378370583 ], [ 116.034801664624723, 31.550504830114001 ], [ 115.991556901393878, 31.575113824003225 ], [ 115.94494120388336, 31.585249944675159 ], [ 115.854088732924865, 31.604901155139572 ], [ 115.84680341722364, 31.606714894796234 ], [ 115.79735295434277, 31.620683831086236 ], [ 115.756277916922755, 31.630576986477092 ], [ 115.696105810463521, 31.64208934762074 ], [ 115.651609682533334, 31.647994213952153 ], [ 115.637275600398695, 31.650780146534359 ], [ 115.604195648193766, 31.659315769569044 ], [ 115.600777179275781, 31.659964971889554 ], [ 115.590799834062395, 31.662303933307616 ], [ 115.581137977676349, 31.665467333073401 ], [ 115.571884438657833, 31.669424780343363 ], [ 115.563128153258887, 31.67413825435489 ], [ 115.554953315855656, 31.679562467106201 ], [ 115.547438573246168, 31.685645295497093 ], [ 115.540656270396497, 31.692328278919767 ], [ 115.534671754773811, 31.699547177672372 ], [ 115.529542745923081, 31.707232586991623 ], [ 115.525318776392197, 31.715310600967076 ], [ 115.522040709508275, 31.723703520114558 ], [ 115.519740338841615, 31.732330595955364 ], [ 115.518440073475546, 31.741108805574054 ], [ 115.518152712437853, 31.749953648816224 ], [ 115.518881310834402, 31.75877996054221 ], [ 115.520619139380429, 31.767502730176272 ], [ 115.523349738142642, 31.776037920686601 ], [ 115.527047064400065, 31.784303279101426 ], [ 115.531675733614733, 31.792219130712937 ], [ 115.537191351571877, 31.79970914924326 ], [ 115.543540934830716, 31.806701095447735 ], [ 115.550663415715562, 31.813127516906587 ], [ 115.558490227192621, 31.818926402108477 ], [ 115.566945962132053, 31.824041782352825 ], [ 115.575949100652551, 31.828424275491976 ], [ 115.585412798503512, 31.832031566091356 ], [ 115.595245728768575, 31.834828817204201 ], [ 115.605352968578472, 31.836789009628117 ], [ 115.615636922015128, 31.837893205228529 ], [ 115.625998269980016, 31.838130731670404 ], [ 115.636336937489119, 31.837499286686771 ], [ 115.646553068658605, 31.836004960821569 ], [ 115.65381070544899, 31.834626856234607 ], [ 115.661402458228039, 31.832929824104301 ], [ 115.691232529404843, 31.825234863020608 ], [ 115.731943501497682, 31.81983255236986 ], [ 115.738751395161017, 31.818731377899208 ], [ 115.805193958059931, 31.806022044323079 ], [ 115.810712358019842, 31.804830460418955 ], [ 115.856836659331833, 31.793722207735147 ], [ 115.861280930558621, 31.792560051949302 ], [ 115.909410567710637, 31.778965530009859 ], [ 115.996767346444898, 31.760071097284932 ], [ 116.060973920358592, 31.746106417941252 ], [ 116.072286254890983, 31.743054185945848 ], [ 116.08312533569088, 31.73893528048832 ], [ 116.093353888017745, 31.733801883980089 ], [ 116.159212933514112, 31.696304709225938 ], [ 116.166578391383695, 31.691701643945255 ], [ 116.173450302217091, 31.686571167117066 ], [ 116.224807979741115, 31.644712770751326 ], [ 116.30831059195863, 31.599601376950147 ], [ 116.32753313537853, 31.593276760805679 ], [ 116.446278659592636, 31.691677204818532 ], [ 116.454061851546072, 31.697511608673199 ], [ 116.462477358662781, 31.702665113073817 ], [ 116.471444045990836, 31.707087970696698 ], [ 116.480875418429662, 31.710737480021805 ], [ 116.49068045914342, 31.713578400723957 ], [ 116.500764513334047, 31.715583296690685 ], [ 116.511030208583506, 31.716732803220722 ], [ 116.521378402560572, 31.717015815712188 ], [ 116.531709148577292, 31.716429597936806 ], [ 116.541922669276559, 31.714979808805239 ], [ 116.55192032863765, 31.712680447348919 ], [ 116.561605592505956, 31.709553716469468 ], [ 116.570884967982153, 31.70562980682422 ], [ 116.579668912245793, 31.700946603019766 ], [ 116.587872701733872, 31.695549315063428 ], [ 116.595417253038434, 31.68949003876773 ], [ 116.602229887429246, 31.682827249505987 ], [ 116.608245031528227, 31.675625234372326 ], [ 116.613404847365203, 31.667953468397176 ], [ 116.617659785807717, 31.659885941007349 ], [ 116.620969058180066, 31.651500439389068 ], [ 116.623301021751118, 31.642877795812662 ], [ 116.624633475665306, 31.634101106302449 ], [ 116.624953864812426, 31.625254928284843 ], [ 116.624259390058796, 31.616424465019477 ], [ 116.622557024190826, 31.607694744711946 ], [ 116.619863433841871, 31.599149802222897 ], [ 116.616204808572164, 31.590871871228646 ], [ 116.611616599144924, 31.582940594553929 ], [ 116.606143167879722, 31.575432260191139 ], [ 116.599837354759359, 31.568419070246179 ], [ 116.592759963719786, 31.561968449710392 ], [ 116.52281138927539, 31.504118487798909 ], [ 116.538439314040076, 31.496386505867868 ], [ 116.575396433062508, 31.482571964868768 ], [ 116.585612107894974, 31.478169861414209 ], [ 116.634611380360639, 31.454093594679961 ], [ 116.676187513338917, 31.436220664000793 ], [ 116.681523628262326, 31.433757812073306 ], [ 116.755182873065138, 31.397338387220511 ], [ 116.767380112480453, 31.390281376219072 ], [ 116.79980827252048, 31.368527277867912 ], [ 116.83597479953238, 31.356610627737986 ], [ 116.842244053333729, 31.35434111214375 ], [ 116.916026516314318, 31.3251493970767 ], [ 116.925165127856843, 31.321051213586582 ], [ 116.933790945395586, 31.316203213438154 ], [ 116.941820784159262, 31.310652195236678 ], [ 116.949177251890035, 31.304451735325067 ], [ 116.955789496462728, 31.297661667281961 ], [ 116.961593888379213, 31.290347501059735 ], [ 116.966534631562325, 31.282579787537649 ], [ 116.970564296651247, 31.274433434785919 ], [ 116.973644271824227, 31.265986982791453 ], [ 116.975745127042089, 31.257321843778403 ], [ 116.97684688850434, 31.248521515564988 ], [ 116.976939221024693, 31.239670775630252 ], [ 116.976021516956052, 31.230854863718697 ], [ 116.974102891220667, 31.222158660887711 ], [ 116.971202082907283, 31.213665872902297 ], [ 116.967347264790021, 31.205458225805629 ], [ 116.962575762984841, 31.197614681344181 ], [ 116.956933689784663, 31.19021067970527 ], [ 116.950475493498431, 31.183317416736113 ], [ 116.949374409374656, 31.182353178819433 ], [ 116.981453741293322, 31.20213501669414 ], [ 117.027949502711451, 31.240353521463575 ], [ 117.079062168489585, 31.291685555471219 ], [ 117.268143530498449, 31.580472237705074 ], [ 117.345720393004299, 31.725526466972301 ], [ 117.350490034264126, 31.733384780884965 ], [ 117.356139033402371, 31.74080530502123 ], [ 117.357725826026837, 31.742681144769708 ], [ 117.349096588557103, 31.746386108960429 ], [ 117.343545354608082, 31.748949445015121 ], [ 117.294443361185969, 31.773253118292459 ], [ 117.29136295412755, 31.774837191027675 ], [ 117.260577671500769, 31.791277506437776 ], [ 117.224239836113867, 31.806158193602258 ], [ 117.214351057327789, 31.810774539992483 ], [ 117.115343329818529, 31.862963705816355 ], [ 117.106794635034063, 31.867973740650275 ], [ 117.098861552382118, 31.873674229318311 ], [ 117.091620432813968, 31.880010393149863 ], [ 117.086552712166807, 31.885415739191551 ], [ 117.073316419222195, 31.884587289267579 ], [ 117.060601257418782, 31.884444592356896 ], [ 117.047957803943603, 31.885604561709478 ], [ 116.958939108967456, 31.898394400398722 ], [ 116.950555806329731, 31.89989570472045 ], [ 116.86750557866182, 31.917760137307123 ], [ 116.859943319101504, 31.919641859823439 ], [ 116.852565944059364, 31.921998134457535 ], [ 116.766613298485822, 31.952568153890081 ], [ 116.759631046197455, 31.955305875722864 ], [ 116.681141891592048, 31.98903852729736 ], [ 116.610161692304032, 32.004303699430622 ], [ 116.607109572506758, 32.004916855027652 ], [ 116.60188759530061, 32.005499076561129 ], [ 116.591770879592545, 32.007501220788129 ], [ 116.586069388660931, 32.009145252568644 ], [ 116.524959541576223, 32.021415120313705 ], [ 116.433079441627882, 32.034994749923818 ], [ 116.428458420879437, 32.034999365981953 ], [ 116.428414807501099, 32.035001233972423 ], [ 116.428371088451456, 32.034999471935194 ], [ 116.296518618939601, 32.035134008981998 ], [ 116.290723318115894, 32.035272005876642 ], [ 116.212521947712546, 32.038935614810327 ], [ 116.124379084129373, 32.043065964353914 ], [ 116.114028262760968, 32.043983252690339 ], [ 115.987898769228181, 32.060460742646086 ], [ 115.976045976981951, 32.062599542222934 ], [ 115.964556963617454, 32.065876325372777 ], [ 115.887411594915974, 32.092111953484185 ], [ 115.877957582830646, 32.095790224802059 ], [ 115.868971785318251, 32.10023894734595 ], [ 115.860540588424115, 32.105415381017615 ], [ 115.852745088826467, 32.111269788480811 ], [ 115.845660316711303, 32.117745909796277 ], [ 115.839354514956014, 32.124781499611785 ], [ 115.83388848149059, 32.1323089219091 ], [ 115.829314981182094, 32.140255796758346 ], [ 115.825678232998285, 32.148545693027572 ], [ 115.823013477562625, 32.157098860543229 ], [ 115.821346629512121, 32.165832994801079 ], [ 115.820694018315663, 32.17466402699305 ], [ 115.821062220414859, 32.18350693184393 ], [ 115.822447984705718, 32.192276545550371 ], [ 115.824838252508727, 32.2008883859829 ], [ 115.82821027227132, 32.209259467254412 ], [ 115.832531808324291, 32.217309100776859 ], [ 115.837761442085935, 32.224959675022987 ], [ 115.843848963173087, 32.232137406381973 ], [ 115.850735846959239, 32.238773053748197 ], [ 115.85835581421594, 32.24480258980649 ], [ 115.866635467610919, 32.250167822377215 ], [ 115.875494999005667, 32.254816959653326 ], [ 115.884848960730722, 32.258705113698355 ], [ 115.894607093308835, 32.26179473717162 ], [ 115.904675201472259, 32.264055988901177 ], [ 115.914956069774192, 32.265467024627625 ], [ 115.925350408649493, 32.266014209986615 ], [ 115.935757821430087, 32.265692253576091 ], [ 115.946077782581057, 32.264504258757441 ], [ 115.956210617293053, 32.262461693658572 ], [ 115.966058472547957, 32.259584279672566 ], [ 116.032000974391195, 32.237159400931368 ], [ 116.141154231005885, 32.222900366189222 ], [ 116.224133177184044, 32.219013091135906 ], [ 116.299545345488539, 32.215483309976413 ], [ 116.428718472586027, 32.2153533031046 ], [ 116.442376593297652, 32.21533947806838 ], [ 116.451389997395182, 32.215003359245237 ], [ 116.460337047692505, 32.214016662076894 ], [ 116.564384337156611, 32.198642941152912 ], [ 116.570507410174613, 32.197576412272099 ], [ 116.645315003609156, 32.182553882591847 ], [ 116.645812181411515, 32.182454053012577 ], [ 116.649931112790256, 32.181642572525078 ], [ 116.650112043627857, 32.181590582020391 ], [ 116.659616609877034, 32.179681357488512 ], [ 116.661195348835946, 32.179353268108869 ], [ 116.744393879059771, 32.161455919226185 ], [ 116.75547269324278, 32.158510381302051 ], [ 116.766105670243505, 32.154551256720332 ], [ 116.851668771226059, 32.117770908744028 ], [ 116.926899791786852, 32.091008412190725 ], [ 116.998265867310167, 32.075654930188449 ], [ 117.070584950313091, 32.06526661631748 ], [ 117.138181712692386, 32.069475640336854 ], [ 117.139104987336779, 32.069529425256377 ], [ 117.231380861535413, 32.074525894853018 ], [ 117.234203400304622, 32.074645492753952 ], [ 117.304605213839324, 32.076806938210126 ], [ 117.360429232199948, 32.087585894737174 ], [ 117.373034726630678, 32.089343854453396 ], [ 117.482509198283125, 32.098833267989995 ], [ 117.553464838017533, 32.112746872811051 ], [ 117.555204910496741, 32.113011778402758 ], [ 117.55924927711412, 32.126599858698022 ], [ 117.559749917995163, 32.128218347760885 ], [ 117.58142188424452, 32.195674500927943 ], [ 117.584019557536919, 32.202632510330282 ], [ 117.631357335390078, 32.313477099911502 ], [ 117.672233297668171, 32.411559663929943 ], [ 117.67377708358363, 32.415030742938704 ], [ 117.707579078161857, 32.486476193581709 ], [ 117.723589666950502, 32.524057740770409 ], [ 117.69282035702129, 32.539084588121632 ], [ 117.692497810617212, 32.539242682165998 ], [ 117.57944355699108, 32.594794480296493 ], [ 117.57008313407232, 32.599959689624434 ], [ 117.46315211836621, 32.665878461022992 ], [ 117.280570369153338, 32.73888616681289 ], [ 117.271331675376345, 32.743050257433623 ], [ 117.262619475383033, 32.747958986530726 ], [ 117.254517557377227, 32.753565197277531 ], [ 117.247103888957554, 32.759815022677877 ], [ 117.240449868527833, 32.766648399610851 ], [ 117.234619637723412, 32.77399964245464 ], [ 117.229669461470294, 32.78179807094731 ], [ 117.225647181725776, 32.789968686418291 ], [ 117.222591750322394, 32.798432890048218 ], [ 117.220532845654589, 32.807109236395114 ], [ 117.219490577206329, 32.815914215062534 ], [ 117.219475281131011, 32.824763053087956 ], [ 117.220487409261338, 32.833570530398404 ], [ 117.222517513055266, 32.84225180052006 ], [ 117.225546323083378, 32.850723208642009 ], [ 117.229544923735858, 32.858903099122571 ], [ 117.234475021887278, 32.866712604593111 ], [ 117.240289307316758, 32.874076408957599 ], [ 117.246931901738762, 32.880923476808121 ], [ 117.254338892380957, 32.887187742075376 ], [ 117.262438945154543, 32.89280874910682 ], [ 117.27115399160671, 32.897732239811198 ], [ 117.280399983047687, 32.901910681023651 ], [ 117.290087704503847, 32.905303726823256 ], [ 117.300123640488124, 32.907878611172691 ], [ 117.310410883993285, 32.909610466937906 ], [ 117.320850079631882, 32.910482568079004 ], [ 117.331340391453338, 32.91048649257305 ], [ 117.341780485691586, 32.909622204426967 ], [ 117.352069518522484, 32.907898053954959 ], [ 117.362108118857293, 32.905330696320299 ], [ 117.371799356251984, 32.901944929167193 ], [ 117.563657996531035, 32.825184899615039 ], [ 117.57244031019026, 32.821227261730222 ], [ 117.580747150710906, 32.816595756887281 ], [ 117.63583527697098, 32.782636750200247 ], [ 117.651463992529941, 32.840138925537374 ], [ 117.653638133362463, 32.846911818582321 ], [ 117.680779608886823, 32.919988393852414 ], [ 117.718944836307998, 33.024919470487553 ], [ 117.755219850970178, 33.135530307902798 ], [ 117.800265687557257, 33.298102463875701 ], [ 117.842826795325848, 33.469165424182613 ], [ 117.875621770705095, 33.608183249036685 ], [ 117.876899027865321, 33.612915052905564 ], [ 117.906785172155466, 33.711116602941729 ], [ 117.908801490975335, 33.724327955153633 ], [ 117.909661069875114, 33.728985351034865 ], [ 117.926651730190713, 33.807300738708228 ], [ 117.943647454753659, 33.894241621800738 ], [ 117.943980870964523, 33.895853192118061 ], [ 117.956331933666547, 33.952439764152956 ], [ 117.967010491091457, 34.022420510815756 ], [ 117.97246939615799, 34.084718501484659 ], [ 117.973762663988552, 34.093499020382247 ], [ 117.976084577973651, 34.102131739425566 ], [ 117.979413067633516, 34.110533458949682 ], [ 117.983716335048939, 34.118623182027342 ], [ 117.988953151131739, 34.126322897708363 ], [ 117.995073244382368, 34.133558336233072 ], [ 118.00201777871996, 34.140259688797087 ], [ 118.009719916029511, 34.146362284762453 ], [ 118.018105458176564, 34.151807219603576 ], [ 118.027093562374986, 34.156541927341173 ], [ 118.036597522993944, 34.160520691750591 ], [ 118.046525612152948, 34.163705091226994 ], [ 118.056781970795953, 34.166064372842747 ], [ 118.067267541367528, 34.167575751836125 ], [ 118.077881032738674, 34.16822463351582 ], [ 118.088519907664107, 34.168004755346651 ], [ 118.099081382794324, 34.166918247787287 ], [ 118.109463431122833, 34.164975613273221 ], [ 118.119565776722411, 34.162195623566632 ], [ 118.129290871716549, 34.158605136521381 ], [ 118.138544845637938, 34.154238834123866 ], [ 118.147238417645227, 34.149138884462893 ], [ 118.155287762496712, 34.143354531042107 ], [ 118.162615321703882, 34.136941613569974 ], [ 118.169150551906512, 34.129962025036882 ], [ 118.174830603211475, 34.122483110509471 ], [ 118.179600921007918, 34.114577013631767 ], [ 118.183415765602589, 34.106319977318073 ], [ 118.184957658751529, 34.101661881543087 ], [ 118.192292015478031, 34.101003836953367 ], [ 118.202701194929887, 34.099197075619976 ], [ 118.212846759163327, 34.09654942200838 ], [ 118.222630739129912, 34.093086456470608 ], [ 118.231958690798237, 34.088841630319386 ], [ 118.240740613147253, 34.083855939749753 ], [ 118.248891821377114, 34.078177526514743 ], [ 118.256333766678736, 34.071861209378248 ], [ 118.262994794508728, 34.064967951049631 ], [ 118.268810834000163, 34.057564265934374 ], [ 118.273726011902454, 34.04972157460459 ], [ 118.277693185263217, 34.041515511398444 ], [ 118.280674387937594, 34.033025191993396 ], [ 118.282641186921126, 34.024332448161019 ], [ 118.283574945439682, 34.01552103719925 ], [ 118.28346699067977, 34.006675833748496 ], [ 118.282318685000817, 33.997882011831543 ], [ 118.27247145560105, 33.946173902704381 ], [ 118.266895144270379, 33.908848101183843 ], [ 118.26579578536797, 33.903038368472593 ], [ 118.247005874777741, 33.821094190251394 ], [ 118.245621996470945, 33.815891286784428 ], [ 118.223678545227088, 33.743496731438775 ], [ 118.208554516608984, 33.665619061606577 ], [ 118.184232174155085, 33.536272092863946 ], [ 118.177181247027647, 33.490108313597347 ], [ 118.177091388209121, 33.489534289915596 ], [ 118.166950288826399, 33.426275345641663 ], [ 118.165595920223026, 33.41968357134548 ], [ 118.155484492535521, 33.379430815935535 ], [ 118.153352459317844, 33.372367081466493 ], [ 118.150547864368889, 33.365470817470374 ], [ 118.102675619790972, 33.261537170641766 ], [ 118.069021966875198, 33.173459868366663 ], [ 118.068718933292104, 33.172678163537817 ], [ 118.060778029546398, 33.152501135521732 ], [ 118.063397743188006, 33.153390551941662 ], [ 118.073490438684587, 33.155881304041813 ], [ 118.083825185806987, 33.157527089547671 ], [ 118.09430216396504, 33.158312017427306 ], [ 118.104820167585245, 33.158228511899175 ], [ 118.115277592640652, 33.157277386035929 ], [ 118.125573427149902, 33.155467833591878 ], [ 118.135608235637775, 33.15281733914604 ], [ 118.145285127620681, 33.149351507477988 ], [ 118.154510700366771, 33.145103813907788 ], [ 118.163195946476506, 33.140115278125194 ], [ 118.171257117229104, 33.134434064798526 ], [ 118.178616533145188, 33.128115014980004 ], [ 118.185203333805902, 33.121219113006319 ], [ 118.190954159645258, 33.113812894221851 ], [ 118.195813759179259, 33.105967799421741 ], [ 118.199735515944965, 33.097759482417182 ], [ 118.202681890280218, 33.089267077562255 ], [ 118.204624771971709, 33.080572434444882 ], [ 118.205545740724176, 33.071759327234062 ], [ 118.20543623234056, 33.062912646387275 ], [ 118.204297609448957, 33.054117580557175 ], [ 118.202141136546928, 33.045458796593735 ], [ 118.195174778703404, 33.023020552523867 ], [ 118.248376045507371, 33.058601126513643 ], [ 118.307274429906414, 33.106933867511962 ], [ 118.316047972727574, 33.113382397799811 ], [ 118.325602867106639, 33.118990324789984 ], [ 118.33541626478312, 33.124104621002495 ], [ 118.437145791056309, 33.216705735358509 ], [ 118.468474150235565, 33.253769261760311 ], [ 118.474932871701213, 33.260667713710703 ], [ 118.482160537562464, 33.267005316639271 ], [ 118.490088631498566, 33.272721862377182 ], [ 118.498641937850849, 33.277763033426886 ], [ 118.507739256749915, 33.282080922611534 ], [ 118.517294178156988, 33.285634491669065 ], [ 118.726643221466915, 33.353216775987569 ], [ 118.77764001162727, 33.380902082339539 ], [ 118.786764014979255, 33.385334388926218 ], [ 118.796362745156031, 33.388994332369094 ], [ 118.806343545683319, 33.39184657434614 ], [ 118.816610040008982, 33.393863575151336 ], [ 118.827063069549723, 33.39502586168291 ], [ 118.837601659726602, 33.395322216862056 ], [ 118.848124004253805, 33.394749788583461 ], [ 118.858528457740263, 33.393314117111331 ], [ 118.868714526568709, 33.391029080659564 ], [ 118.878583848042979, 33.38791675972184 ], [ 118.888041147930167, 33.384007221537196 ], [ 118.896995166778041, 33.379338226880641 ], [ 118.905359545744531, 33.373954862145624 ], [ 118.913053663141241, 33.367909100429223 ], [ 118.92000341344783, 33.361259296031193 ], [ 118.92614192119882, 33.354069617430127 ], [ 118.931410182865193, 33.346409424393357 ], [ 118.935757630637838, 33.338352595410555 ], [ 118.939142612862867, 33.329976812105663 ], [ 118.94153278676076, 33.321362807676024 ], [ 118.942905419977407, 33.312593586727978 ], [ 118.94324759845199, 33.303753624122514 ], [ 118.942556339027803, 33.294928050611787 ], [ 118.940838606177252, 33.28620183313771 ], [ 118.938111233140802, 33.27765895767714 ], [ 118.934400748692042, 33.269381622456557 ], [ 118.929743111619388, 33.261449449224386 ], [ 118.924183355862752, 33.253938720063317 ], [ 118.917775150044406, 33.246921646951797 ], [ 118.910580275888577, 33.2404656809477 ], [ 118.90266803072744, 33.234632867469088 ], [ 118.894114559936128, 33.22947925369597 ], [ 118.833753967162039, 33.196724073789156 ], [ 118.824070777407613, 33.192046553687739 ], [ 118.813862253008253, 33.188240514888712 ], [ 118.624470364224194, 33.127144034041017 ], [ 118.607807588144539, 33.107467260514163 ], [ 118.599096008367624, 33.098464236680222 ], [ 118.482746900012827, 32.992706878672649 ], [ 118.475873618029993, 32.986988687926058 ], [ 118.468417208599774, 32.981815816617001 ], [ 118.46043840542356, 32.977230340056416 ], [ 118.448170167706422, 32.970841977023646 ], [ 118.393745890452891, 32.926229625000538 ], [ 118.385551220386446, 32.920160855294846 ], [ 118.324972850258277, 32.879682971547744 ], [ 118.374927254941113, 32.851020261928056 ], [ 118.375581178201671, 32.850641799704107 ], [ 118.427104677318368, 32.820563583164628 ], [ 118.435468522349012, 32.815142482087573 ], [ 118.452387560351681, 32.803005421987002 ], [ 118.47664602257602, 32.785604924785062 ], [ 118.519552311302178, 32.759023192421232 ], [ 118.527057516525176, 32.753914172075731 ], [ 118.533985577444241, 32.748253307193018 ], [ 118.578832628638793, 32.70811264111444 ], [ 118.621389779813683, 32.673767263874339 ], [ 118.623655298777336, 32.671882374015652 ], [ 118.673979374938327, 32.628714408619828 ], [ 118.68094393442496, 32.62211710311437 ], [ 118.687109830621722, 32.614973585784931 ], [ 118.692417785842636, 32.607352769711682 ], [ 118.696816838232522, 32.599328152964489 ], [ 118.700264826451971, 32.590977106723258 ], [ 118.702728787795451, 32.582380126714057 ], [ 118.704185266218943, 32.57362005530112 ], [ 118.70462052767931, 32.564781281827898 ], [ 118.704030681121637, 32.555948928976179 ], [ 118.702421704385387, 32.547208033011771 ], [ 118.699809375225939, 32.538642725806469 ], [ 118.696219108551603, 32.530335426473464 ], [ 118.691685701856841, 32.52236605032622 ], [ 118.68625299167492, 32.514811242672202 ], [ 118.679973424675154, 32.507743644687785 ], [ 118.672907547788171, 32.50123119828892 ], [ 118.66512342244539, 32.495336496521929 ], [ 118.65669596866951, 32.490116185550633 ], [ 118.647706245344978, 32.485620423817188 ], [ 118.638240673524962, 32.481892403407464 ], [ 118.62839021010322, 32.478967938064464 ], [ 118.618249479578608, 32.476875121667888 ], [ 118.607915871978861, 32.475634060342081 ], [ 118.597488615281904, 32.47525668067312 ], [ 118.587067830875029, 32.47574661581308 ], [ 118.576753580730184, 32.477099170532618 ], [ 118.56664491503993, 32.47930136555749 ], [ 118.556838929059538, 32.482332060795052 ], [ 118.547429837831984, 32.486162156330757 ], [ 118.538508077334356, 32.49075486935579 ], [ 118.530159440380288, 32.496066084483736 ], [ 118.522464255337482, 32.502044774229724 ], [ 118.47324945331988, 32.544197498150815 ], [ 118.429823764496319, 32.579193237971388 ], [ 118.425887946415301, 32.582533361360596 ], [ 118.385752340117861, 32.618403266472576 ], [ 118.347583019271013, 32.64202423519361 ], [ 118.341587620982935, 32.646018684137275 ], [ 118.31441138637723, 32.665489796737901 ], [ 118.314399037280992, 32.665499560665793 ], [ 118.314385619467942, 32.66550825732773 ], [ 118.301481020142191, 32.674755073937398 ], [ 118.25466201231265, 32.702061509850623 ], [ 118.166728462761185, 32.752447040539316 ], [ 118.161430922419768, 32.755683127603177 ], [ 118.159705165613474, 32.756806821656923 ], [ 118.15733914207371, 32.754944734702207 ], [ 118.149336725733775, 32.74923914078115 ], [ 118.147158328962036, 32.747972355429937 ], [ 118.148781670104924, 32.744398522157269 ], [ 118.15155714988235, 32.735867385318187 ], [ 118.153329482220542, 32.727147376513145 ], [ 118.154081887280725, 32.718322509998664 ], [ 118.153807420153612, 32.70947778546978 ], [ 118.152509026152401, 32.700698369068867 ], [ 118.15019950084816, 32.692068773745262 ], [ 118.141706829439173, 32.666275144686892 ], [ 118.14037583422261, 32.662232683963623 ], [ 118.126340482349221, 32.619604755365451 ], [ 118.11965972533234, 32.599313965340698 ], [ 118.116902984861582, 32.592120130691619 ], [ 118.101311448636352, 32.556567047709549 ], [ 118.094060038914733, 32.540031741507327 ], [ 118.081813807525478, 32.512106735098918 ], [ 118.078705828737213, 32.505767146999432 ], [ 118.075038125996102, 32.499646185883329 ], [ 118.044025536055543, 32.452400256966179 ], [ 118.043690306632698, 32.451547928769244 ], [ 118.042405943068104, 32.448469189633158 ], [ 118.041806851616215, 32.447111743719844 ], [ 118.039030405085867, 32.441420409086803 ], [ 118.038361237023452, 32.44017118593235 ], [ 118.038158812162422, 32.439796531286092 ], [ 118.038028272404816, 32.439532555931343 ], [ 118.036950227515845, 32.437294238855408 ], [ 118.035961672476859, 32.435197052014892 ], [ 118.035196229768943, 32.433512592191924 ], [ 118.036129197979605, 32.43198617682696 ], [ 118.039999270291105, 32.42376906542053 ], [ 118.042900491332375, 32.415269724342231 ], [ 118.044805177310863, 32.406570068453519 ], [ 118.045695266402731, 32.397753919282145 ], [ 118.04556248184322, 32.388906196308412 ], [ 118.044408400268367, 32.380112098602233 ], [ 118.042244425089507, 32.371456284709751 ], [ 118.039091665595492, 32.363022058668719 ], [ 118.02543119183899, 32.331856234371514 ], [ 118.025006551612236, 32.330903555836272 ], [ 117.995169268190978, 32.265035209049906 ], [ 117.963435157689474, 32.192854851916856 ], [ 117.957511463520902, 32.181730678725707 ], [ 117.927642132478297, 32.134414034848206 ], [ 117.924981243216934, 32.13044121984548 ], [ 117.887575258119384, 32.077705607471195 ], [ 117.85890529120357, 32.030704530285647 ], [ 117.834037606120219, 31.982798323394693 ], [ 117.828201888200184, 31.973160890116525 ], [ 117.785315942869914, 31.911654767361838 ], [ 117.782171243859977, 31.907414102452019 ], [ 117.730029143484614, 31.841186083268681 ], [ 117.707646562980173, 31.812757478761661 ], [ 117.706485704881786, 31.811312963228932 ], [ 117.690006793592701, 31.791222488040006 ], [ 117.754189114858406, 31.74772048232963 ], [ 117.754848958810186, 31.748510201815929 ], [ 117.76049784394958, 31.754207236491929 ], [ 117.762055403801739, 31.755652101773958 ], [ 117.762271364033921, 31.755851826333291 ], [ 117.763950921121818, 31.757400383008058 ], [ 117.764175587187509, 31.75760687173922 ], [ 117.76586002144505, 31.759150134189486 ], [ 117.766085750028495, 31.759356290968338 ], [ 117.767775046468287, 31.760894242152808 ], [ 117.768001727683526, 31.761099962366927 ], [ 117.769695869309984, 31.762632588244692 ], [ 117.769923576601954, 31.762837934622606 ], [ 117.771622546423927, 31.764365218151635 ], [ 117.771851187561296, 31.764570103762576 ], [ 117.773554968580839, 31.766092031902136 ], [ 117.773784617551968, 31.766296519455182 ], [ 117.775493192775443, 31.767813076163488 ], [ 117.775723849833383, 31.768017161671263 ], [ 117.777437203266217, 31.769528331907075 ], [ 117.777668852713518, 31.769731997409448 ], [ 117.779386966359908, 31.771237765130458 ], [ 117.779619558821366, 31.77144096369863 ], [ 117.78134241568128, 31.772941315864191 ], [ 117.781576027278675, 31.773144110265701 ], [ 117.783303610356569, 31.774639030833505 ], [ 117.783538215776275, 31.774841394945952 ], [ 117.785270509074195, 31.77633086987495 ], [ 117.785506096418885, 31.776532789603696 ], [ 117.787243080937657, 31.778016802851127 ], [ 117.787479667178246, 31.77821828887522 ], [ 117.789221326918863, 31.779696826400158 ], [ 117.789458918324428, 31.779897880010214 ], [ 117.791205236287794, 31.781370926770453 ], [ 117.791443762707019, 31.781571485077951 ], [ 117.793194720889062, 31.783039028032164 ], [ 117.793434287457458, 31.783239175635977 ], [ 117.795189867859818, 31.784701197741111 ], [ 117.795430417290149, 31.784900882600095 ], [ 117.79719060391038, 31.786357370815136 ], [ 117.797432142637717, 31.786556594504699 ], [ 117.799196918473228, 31.788007534787919 ], [ 117.799439436915037, 31.788206285666742 ], [ 117.801208781961606, 31.789651661974787 ], [ 117.801452311445018, 31.789849961811917 ], [ 117.803226210700203, 31.791289761104167 ], [ 117.80347069357201, 31.791487559260055 ], [ 117.805249128028848, 31.792921767493823 ], [ 117.805494663479678, 31.793119140204993 ], [ 117.807277616136645, 31.794547741337976 ], [ 117.807524056092959, 31.794744565944711 ], [ 117.809311507938901, 31.796167547935017 ], [ 117.80955904891826, 31.79636397739046 ], [ 117.811350984953407, 31.797781324195824 ], [ 117.811599412809173, 31.797977184705857 ], [ 117.813395813020065, 31.799388884284699 ], [ 117.813645282626339, 31.799584294547177 ], [ 117.815446129008066, 31.80099033085602 ], [ 117.815696575669946, 31.801185236102157 ], [ 117.817501852213482, 31.802585597100421 ], [ 117.817753324481856, 31.802780031148966 ], [ 117.819563012179842, 31.804174700792977 ], [ 117.819815422421655, 31.804368592218037 ], [ 117.821629503261178, 31.805757558466375 ], [ 117.821882909455624, 31.805950948359218 ], [ 117.823701365426757, 31.807334197169439 ], [ 117.823955819977471, 31.807527121252495 ], [ 117.82577863407225, 31.808904637582298 ], [ 117.826034010805131, 31.809096996472114 ], [ 117.827861164007984, 31.810468768279311 ], [ 117.828117550839025, 31.810660624761397 ], [ 117.829949024138372, 31.812026637003324 ], [ 117.83020643049808, 31.812217993980354 ], [ 117.832042207882736, 31.81357823361499 ], [ 117.832300549579401, 31.81376902489275 ], [ 117.834140611032467, 31.815123478878036 ], [ 117.834399954490806, 31.81531375003533 ], [ 117.836244282998663, 31.816662405329037 ], [ 117.836504646254355, 31.816852165505335 ], [ 117.838353222803306, 31.818195007064681 ], [ 117.838614541072516, 31.818384205289043 ], [ 117.840467347645117, 31.819721221072058 ], [ 117.840729660699452, 31.819909882563483 ], [ 117.842586678279432, 31.82124105852747 ], [ 117.84285000134399, 31.821429190263675 ], [ 117.844711212915612, 31.822754513366981 ], [ 117.844975483606348, 31.822942067139497 ], [ 117.846840869149389, 31.824261524339306 ], [ 117.847106123188212, 31.824448522047803 ], [ 117.848975665684335, 31.825762101302782 ], [ 117.849241932206994, 31.825948559572613 ], [ 117.851115611638022, 31.827256245839294 ], [ 117.85138284396119, 31.82744212818595 ], [ 117.85326064230631, 31.828743909422677 ], [ 117.85352884181107, 31.828929213326578 ], [ 117.855410741049127, 31.83022507749158 ], [ 117.85567995015461, 31.830409828470813 ], [ 117.857565931265384, 31.83169976152158 ], [ 117.857836121131285, 31.831883935895409 ], [ 117.859726165092653, 31.833167924789322 ], [ 117.859997306123105, 31.83335149889507 ], [ 117.861891393910668, 31.834629531590384 ], [ 117.862163540556438, 31.834812538628288 ], [ 117.864061654148571, 31.836084602082877 ], [ 117.864334776393335, 31.836267018029783 ], [ 117.866236897765731, 31.837533100201881 ], [ 117.866510965438835, 31.837714901473817 ], [ 117.868417073564544, 31.838974989320985 ], [ 117.868692120090358, 31.839156194626938 ], [ 117.870602196944304, 31.840410276107473 ], [ 117.87087828860102, 31.840590924969284 ], [ 117.872792316160485, 31.84183898604055 ], [ 117.873060759952693, 31.842013443735812 ], [ 117.874860638924559, 31.843179255881761 ], [ 117.880951321738749, 31.846842366875251 ], [ 117.993668692792099, 31.909577604096313 ], [ 118.112257842234257, 31.978121535207649 ], [ 118.262090978219788, 32.089924591375571 ], [ 118.264676937436604, 32.094327956360232 ], [ 118.270214407226234, 32.101816234650776 ], [ 118.276588428755247, 32.108806099403218 ], [ 118.283737681440542, 32.115230112807161 ], [ 118.291593321437574, 32.121026284224719 ], [ 118.300079644297838, 32.126138671981522 ], [ 118.309114815934919, 32.13051792681479 ], [ 118.318611664788875, 32.134121771560984 ], [ 118.467295552410647, 32.183129660647992 ], [ 118.48586416060536, 32.193502054841865 ], [ 118.458571240225979, 32.218539901615777 ], [ 118.421830932991156, 32.252092078389921 ], [ 118.412714495751644, 32.261642730930404 ], [ 118.411097189691105, 32.263595269829999 ], [ 118.409739746609532, 32.265228205387594 ], [ 118.407519476669393, 32.267861312170346 ], [ 118.406630269048435, 32.268891748876335 ], [ 118.405277973942162, 32.270449488025392 ], [ 118.403734690572634, 32.272227751906804 ], [ 118.403567909224094, 32.272420457092998 ], [ 118.401971277466927, 32.274270348295026 ], [ 118.401662481732714, 32.27462997314089 ], [ 118.401175698094661, 32.275199825683977 ], [ 118.400030177261428, 32.276540794331332 ], [ 118.399581848976283, 32.277069612819353 ], [ 118.397941846880911, 32.279018803057411 ], [ 118.397346694198916, 32.279733442405956 ], [ 118.395726898326359, 32.281698534181253 ], [ 118.394968370610286, 32.282631147142546 ], [ 118.393396716183005, 32.284589641783356 ], [ 118.392311737431996, 32.285968700701886 ], [ 118.390462782073286, 32.288366140809671 ], [ 118.389227100779607, 32.290006683869528 ], [ 118.387827197060403, 32.291910149664425 ], [ 118.386861557297806, 32.293248888530968 ], [ 118.385502309221479, 32.295170601893986 ], [ 118.384655775887794, 32.29638894022807 ], [ 118.383332592806937, 32.298327794457954 ], [ 118.382599683842855, 32.299419138084495 ], [ 118.381307970843551, 32.301374025237173 ], [ 118.380683126958857, 32.302333251814908 ], [ 118.379418292852776, 32.304303063739809 ], [ 118.378896336293863, 32.30512603539065 ], [ 118.377653785638657, 32.307109665755767 ], [ 118.377229935041427, 32.307793335521708 ], [ 118.376005073167022, 32.309789673846439 ], [ 118.375675020663493, 32.310332066126868 ], [ 118.374463252691967, 32.312340005809617 ], [ 118.374223383738425, 32.312739914182856 ], [ 118.373020115631888, 32.314758344528329 ], [ 118.372867540794346, 32.315015291988161 ], [ 118.371668173393303, 32.317043104230272 ], [ 118.371608397044483, 32.317144326034885 ], [ 118.36925666055798, 32.321132673258731 ], [ 118.368123745542448, 32.32304513246838 ], [ 118.366967455913368, 32.324989429021279 ], [ 118.365786130941089, 32.326970219820936 ], [ 118.364582149824017, 32.328985466829003 ], [ 118.363361875167456, 32.331026572286319 ], [ 118.362129713098724, 32.333088321935989 ], [ 118.360881652203005, 32.335179647851497 ], [ 118.360831951321003, 32.335263036057505 ], [ 118.359619807302721, 32.337299339999632 ], [ 118.359548945469712, 32.337418598426289 ], [ 118.358346183281, 32.33944649453359 ], [ 118.358253805554412, 32.339602618693633 ], [ 118.357062721106715, 32.341620445488296 ], [ 118.356948416610408, 32.341814668108292 ], [ 118.355771306831002, 32.343820761119503 ], [ 118.35563457406198, 32.344054629970657 ], [ 118.354473733892561, 32.346047327735299 ], [ 118.354313945181644, 32.346322793004703 ], [ 118.353171672582391, 32.348300433071948 ], [ 118.352988172946141, 32.348619710804833 ], [ 118.351866765905115, 32.350580628736267 ], [ 118.351580146955399, 32.351085794758596 ], [ 118.349744667415607, 32.354346580854589 ], [ 118.349456236860561, 32.354863167389176 ], [ 118.348377899012945, 32.356810369266576 ], [ 118.348252772373328, 32.357037127464359 ], [ 118.347154673063656, 32.359034298725561 ], [ 118.347100900011299, 32.359132249326294 ], [ 118.345990806684355, 32.36115746452402 ], [ 118.344902045937573, 32.363142231566933 ], [ 118.343861766899309, 32.365030172980475 ], [ 118.342872557440145, 32.366810979815753 ], [ 118.341939273755514, 32.368471577252727 ], [ 118.341069256382937, 32.369995992932715 ], [ 118.340272576447546, 32.371365380164335 ], [ 118.33970475293728, 32.372318996793908 ], [ 118.338324990767219, 32.374540891755117 ], [ 118.337922146191218, 32.375159286851691 ], [ 118.337251379274363, 32.376159958880869 ], [ 118.336465417197559, 32.377304021063615 ], [ 118.335556673707899, 32.378599816280371 ], [ 118.334562721122097, 32.379993570003897 ], [ 118.332396766423884, 32.382980996167213 ], [ 118.331010724870865, 32.384875307762705 ], [ 118.330728948666305, 32.385262579656207 ], [ 118.329271152805305, 32.387277465479741 ], [ 118.328414054216736, 32.388483064261436 ], [ 118.327057286554734, 32.39042555698628 ], [ 118.325123213027595, 32.393314487714918 ], [ 118.32353338469818, 32.395794371885913 ], [ 118.320994930622959, 32.400014137990418 ], [ 118.318871755125031, 32.403784740910538 ], [ 118.318797111261262, 32.403917575331334 ], [ 118.317475059689301, 32.406275147829568 ], [ 118.316459199100365, 32.408081623215693 ], [ 118.314862651986871, 32.410145362742078 ], [ 118.309574275073842, 32.417771670205923 ], [ 118.305191809433822, 32.425800790652808 ], [ 118.301757660300751, 32.434155489322599 ], [ 118.2993051396422, 32.442755377419189 ], [ 118.29785813622361, 32.451517683527705 ], [ 118.297430875238433, 32.46035804878759 ], [ 118.298027770209686, 32.469191338241387 ], [ 118.29964336901341, 32.477932460590139 ], [ 118.302262394983401, 32.486497188469649 ], [ 118.305859883141139, 32.494802971320631 ], [ 118.31040141066137, 32.502769732961639 ], [ 118.315843419740233, 32.510320646087735 ], [ 118.322133630096872, 32.517382876110055 ], [ 118.329211537409648, 32.523888287021947 ], [ 118.337008993089768, 32.529774102322904 ], [ 118.34545085992643, 32.534983514452179 ], [ 118.354455737321203, 32.539466236673817 ], [ 118.363936749068543, 32.543178991910793 ], [ 118.373802385950682, 32.546085933642424 ], [ 118.383957394803659, 32.548158994649931 ], [ 118.394303705192002, 32.549378160112532 ], [ 118.404741384404133, 32.549731662313754 ], [ 118.415169611161971, 32.549216095005342 ], [ 118.425487658226174, 32.547836446286347 ], [ 118.435595873978485, 32.545606049677311 ], [ 118.445396653079527, 32.542546453895596 ], [ 118.454795386424792, 32.538687212657329 ], [ 118.463701380863085, 32.534065596635578 ], [ 118.472028739486888, 32.528726230483393 ], [ 118.479697193750894, 32.522720658576077 ], [ 118.486632879218774, 32.516106843831487 ], [ 118.492769047364888, 32.508948604621644 ], [ 118.498274503754416, 32.501813048615354 ], [ 118.505242512112147, 32.491307881288805 ], [ 118.507116728416918, 32.487978595149755 ], [ 118.508258620286824, 32.48594547238644 ], [ 118.509506522146665, 32.483717934517628 ], [ 118.509555294088059, 32.483630748667458 ], [ 118.510860525620799, 32.481294190192713 ], [ 118.51142540779756, 32.480287179861293 ], [ 118.511878229352703, 32.479659530684906 ], [ 118.513234220924019, 32.47780109509592 ], [ 118.513460761401845, 32.477489189937614 ], [ 118.515938987736419, 32.474061380559306 ], [ 118.516343237520587, 32.473497585367227 ], [ 118.517738673998636, 32.471535206170024 ], [ 118.518141126485816, 32.470964475865998 ], [ 118.519492115719473, 32.469032392467511 ], [ 118.51997651231504, 32.468332459043587 ], [ 118.521284602018127, 32.466422618060768 ], [ 118.521846228415967, 32.465592487021674 ], [ 118.523112965479868, 32.463696837180656 ], [ 118.523744510786628, 32.46273813982247 ], [ 118.524971443311657, 32.460848627968588 ], [ 118.525978083862526, 32.459260939417703 ], [ 118.52827070898519, 32.455556408851635 ], [ 118.52910169762697, 32.454185206195405 ], [ 118.530297982736215, 32.452168927231241 ], [ 118.530736783430072, 32.451420708434036 ], [ 118.531925778049001, 32.449369441623979 ], [ 118.532277522716143, 32.448756749783747 ], [ 118.5334576761352, 32.446681118739463 ], [ 118.533732361524898, 32.446194272803005 ], [ 118.534902128852721, 32.444104900037992 ], [ 118.535106818061351, 32.443737146404473 ], [ 118.53626465226084, 32.441644656363266 ], [ 118.536403856095276, 32.441392058923995 ], [ 118.53754820901537, 32.439307074000816 ], [ 118.537624005163892, 32.439168665425292 ], [ 118.538753333583557, 32.437101808976728 ], [ 118.539851681236669, 32.435090105503164 ], [ 118.540857304916372, 32.433253917143311 ], [ 118.541726928718973, 32.431677464804444 ], [ 118.543270160745109, 32.428925353591069 ], [ 118.544153346850493, 32.427375180711479 ], [ 118.54512107355508, 32.425693503771384 ], [ 118.546130691201213, 32.423954013326558 ], [ 118.547179262929887, 32.422160458308987 ], [ 118.548263930914317, 32.420316252545227 ], [ 118.549381943527379, 32.418424454014065 ], [ 118.550530623162658, 32.416487841566614 ], [ 118.551707350308575, 32.414508961018093 ], [ 118.552909595882753, 32.412490084796225 ], [ 118.554128717355354, 32.410443631193516 ], [ 118.555364539887961, 32.408367707414108 ], [ 118.556618699224501, 32.406257315004609 ], [ 118.556672141324327, 32.406167257556994 ], [ 118.557889026407409, 32.404113724096433 ], [ 118.557963065091997, 32.403988535882362 ], [ 118.559173263688123, 32.401938247860393 ], [ 118.55926000863208, 32.401790947037497 ], [ 118.561618719226431, 32.397776275716765 ], [ 118.562709085886993, 32.395926097872788 ], [ 118.563713725313789, 32.394234830109731 ], [ 118.564638551112012, 32.392696960740132 ], [ 118.565484906970624, 32.391312761956435 ], [ 118.566253422180495, 32.390081754183818 ], [ 118.566944134122011, 32.389002541852662 ], [ 118.567556638267945, 32.388072644395173 ], [ 118.568090130500607, 32.387288545753229 ], [ 118.568543646339975, 32.386645498368885 ], [ 118.568845918121355, 32.386233358188591 ], [ 118.56953050981312, 32.385343367654087 ], [ 118.570175492658308, 32.384537635444218 ], [ 118.571115816536505, 32.383394124740775 ], [ 118.572231797052666, 32.382064652178713 ], [ 118.573033319855369, 32.381124225575689 ], [ 118.574876844946999, 32.378978248692121 ], [ 118.576283187661261, 32.377354139394903 ], [ 118.577718065700196, 32.375697565463604 ], [ 118.57789608232612, 32.375491427507875 ], [ 118.579216766198257, 32.373957523278555 ], [ 118.579898862441965, 32.373156091338686 ], [ 118.581815807600321, 32.370877456155824 ], [ 118.614268108348526, 32.341082587316528 ], [ 118.642544948343101, 32.315099002272483 ], [ 118.71480245300188, 32.371252477001683 ], [ 118.715033432162244, 32.37143126586178 ], [ 118.749176884478757, 32.39776919395841 ], [ 118.757228893265619, 32.403390244429659 ], [ 118.765892499305437, 32.408314045591894 ], [ 118.775084142588284, 32.412493066750457 ], [ 118.7847151270403, 32.415886963168219 ], [ 118.794692481469795, 32.418462968433218 ], [ 118.804919863401622, 32.42019621318093 ], [ 118.815298496765109, 32.421069966977001 ], [ 118.825728134023549, 32.421075800936606 ], [ 118.83610803305433, 32.420213669455286 ], [ 118.846337938926183, 32.418491910241194 ], [ 118.856319060665498, 32.415927162664651 ], [ 118.865955033166216, 32.412544205263927 ], [ 118.875152854569222, 32.408375714061116 ], [ 118.883823789721532, 32.403461944135223 ], [ 118.891884230711639, 32.397850337666377 ], [ 118.899256505963464, 32.391595062393954 ], [ 118.905869629948839, 32.384756485115275 ], [ 118.911659986237055, 32.377400585484772 ], [ 118.916571937330474, 32.369598315947073 ], [ 118.920558355528286, 32.361424914148571 ], [ 118.923581069903392, 32.35295917461432 ], [ 118.925611225360953, 32.344282686847926 ], [ 118.926629550653416, 32.335479047308269 ], [ 118.926626533158213, 32.326633052937261 ], [ 118.925602499153044, 32.317829884055918 ], [ 118.923567599253545, 32.309154284512154 ], [ 118.920541699592633, 32.300689746954127 ], [ 118.916554180211548, 32.292517711017929 ], [ 118.91164364299658, 32.284716782061373 ], [ 118.905857532317668, 32.277361977849168 ], [ 118.899251672309035, 32.270524010300264 ], [ 118.891889725462633, 32.264268609053126 ], [ 118.857874519065845, 32.238057588338151 ], [ 118.749266810709713, 32.153703147595103 ], [ 118.730443431537239, 32.136982033986747 ], [ 118.670294961513804, 32.083553064841766 ], [ 118.661483874692365, 32.076561744866055 ], [ 118.651798569420535, 32.070466812008362 ], [ 118.574099463258761, 32.027111763908778 ], [ 118.564395480303077, 32.022297681253129 ], [ 118.554148245522484, 32.018385849111645 ], [ 118.533380219883924, 32.011556944434979 ], [ 118.540871842617577, 32.011393840042778 ], [ 118.551176303668086, 32.010301261173488 ], [ 118.561305042595492, 32.008352549726943 ], [ 118.571160254280088, 32.005566534174228 ], [ 118.58064679942936, 32.001970126503856 ], [ 118.589673129637731, 31.997598059892553 ], [ 118.598152176289091, 31.992492550408212 ], [ 118.60600219445972, 31.986702886151772 ], [ 118.613147553489128, 31.980284947963394 ], [ 118.619519466478323, 31.973300666490378 ], [ 118.625056651650794, 31.965817421031087 ], [ 118.629705919254931, 31.95790738612887 ], [ 118.633422678487392, 31.949646832382964 ], [ 118.636171359768014, 31.941115388368509 ], [ 118.637925748580827, 31.932395270909211 ], [ 118.638669228007586, 31.923570491224297 ], [ 118.638394928004416, 31.914726044671415 ], [ 118.637105780401384, 31.905947091931075 ], [ 118.634814479523627, 31.897318139525197 ], [ 118.631543349243245, 31.888922227532525 ], [ 118.627324118148863, 31.880840132260705 ], [ 118.622197605372079, 31.873149591458855 ], [ 118.616213320422403, 31.865924559410065 ], [ 118.609428981146976, 31.85923449893231 ], [ 118.601909954653507, 31.853143716944253 ], [ 118.586079979480331, 31.841522345358861 ], [ 118.578238658734378, 31.834865727475123 ], [ 118.579628211226165, 31.832980603072137 ], [ 118.584261249595613, 31.825066167909934 ], [ 118.587962681858158, 31.816802027393749 ], [ 118.590697084785759, 31.808267844201893 ], [ 118.592438379845476, 31.799545861203054 ], [ 118.593170074482444, 31.790720107365225 ], [ 118.592885410266021, 31.781875587335964 ], [ 118.59158741688654, 31.773097462540889 ], [ 118.58928887191027, 31.764470231693384 ], [ 118.58601216710332, 31.756076918578785 ], [ 118.58178908302007, 31.747998274872199 ], [ 118.576660474394359, 31.740312005572939 ], [ 118.565576039069796, 31.725441468456989 ], [ 118.525700761665036, 31.637724056233637 ], [ 118.483545954695074, 31.531635848929959 ], [ 118.482776869925161, 31.529765581303426 ], [ 118.440369349254183, 31.430026353056274 ], [ 118.431710004052434, 31.391439398769986 ], [ 118.430784741523865, 31.387735378647669 ], [ 118.413575853597095, 31.325229732209092 ], [ 118.411298012443282, 31.318225312553626 ], [ 118.410497457992079, 31.316359301667358 ], [ 118.419129811840889, 31.327434964188278 ], [ 118.502843492277023, 31.449759720562408 ], [ 118.573984589238606, 31.576485347388878 ], [ 118.619035883047601, 31.671471986801755 ], [ 118.62339456398955, 31.679496414919004 ], [ 118.628652826587853, 31.687116609077552 ], [ 118.634760160578793, 31.694259071562428 ], [ 118.641657825913214, 31.700854897717893 ], [ 118.649279415422498, 31.706840444117013 ], [ 118.657551493478508, 31.712157946195404 ], [ 118.666394304535956, 31.716756079218104 ], [ 118.675722544688242, 31.720590456994824 ], [ 118.685446188673708, 31.723624063367435 ], [ 118.695471364159587, 31.725827612155868 ], [ 118.705701264599469, 31.727179831959717 ], [ 118.716037091533309, 31.727667672963513 ], [ 118.726379016863078, 31.727286433676674 ], [ 118.736627155417281, 31.726039806345351 ], [ 118.746682538001565, 31.723939840592774 ], [ 118.756448075130336, 31.721006825670049 ], [ 118.765829501744548, 31.717269092517746 ], [ 118.774736293440057, 31.712762737645168 ], [ 118.783082545055251, 31.707531271615057 ], [ 118.790787802895835, 31.701625195671987 ], [ 118.797777842391341, 31.695101510762058 ], [ 118.803985383589193, 31.688023163853323 ], [ 118.809350737573467, 31.680458437073835 ], [ 118.813822377646815, 31.67248028573097 ], [ 118.817357429922723, 31.664165631757033 ], [ 118.819922078826451, 31.655594619537847 ], [ 118.821491883891056, 31.64684984141973 ], [ 118.822052005143675, 31.63801554045417 ], [ 118.821597335300709, 31.629176798126487 ], [ 118.820132537913679, 31.62041871492492 ], [ 118.817671991522587, 31.611825591640333 ], [ 118.814239640775497, 31.603480119244296 ], [ 118.767771657268653, 31.505922928416684 ], [ 118.76506292371036, 31.500707659885745 ], [ 118.690380811279496, 31.368136326438741 ], [ 118.686251202936674, 31.361512911975534 ], [ 118.59859150257293, 31.233768920339205 ], [ 118.595280252726198, 31.229247241814459 ], [ 118.554469906459957, 31.176978274912347 ], [ 118.521812012416774, 31.127224911824939 ], [ 118.51632359982618, 31.119740869882374 ], [ 118.510009836684844, 31.11275533591602 ], [ 118.502931586339315, 31.106335467464024 ], [ 118.495157020167127, 31.100542972730175 ], [ 118.486760960956445, 31.095433520833094 ], [ 118.477824164305503, 31.091056210097339 ], [ 118.474315867183122, 31.089710359654436 ], [ 118.473952862694787, 31.088996708235765 ], [ 118.468726848082909, 31.080096436355181 ], [ 118.445479213607456, 31.045393971639974 ], [ 118.434262816614705, 31.028323461938459 ], [ 118.428893782489894, 31.020995182253984 ], [ 118.414909592834334, 31.003792668156741 ], [ 118.41060040563562, 30.998858750792916 ], [ 118.403673397335183, 30.991467101496614 ], [ 118.396177497685017, 30.982360601730495 ], [ 118.392037739722909, 30.974040866686948 ], [ 118.496429624284318, 30.883524686653676 ], [ 118.503294116617568, 30.87694767991276 ], [ 118.509377222040513, 30.869821736960404 ], [ 118.511298859027718, 30.867034253256943 ], [ 118.511746376298362, 30.867150544372151 ], [ 118.512118039922456, 30.867246474351685 ], [ 118.514235663099072, 30.867789338163991 ], [ 118.51460802544014, 30.867884142152402 ], [ 118.516727431128075, 30.868420032991985 ], [ 118.517100387934818, 30.868513681994859 ], [ 118.519221551036551, 30.86904259383796 ], [ 118.519595137980261, 30.869135094674398 ], [ 118.521718036401168, 30.869657021498252 ], [ 118.522092187185734, 30.869748355728493 ], [ 118.524216797828942, 30.870263292510778 ], [ 118.524591521589429, 30.870353460591254 ], [ 118.526717822358677, 30.870861402310215 ], [ 118.527093130623996, 30.870950405085747 ], [ 118.529221096420329, 30.87145134571896 ], [ 118.529597023020386, 30.871539188999034 ], [ 118.531726631747375, 30.872033122524538 ], [ 118.532103122127907, 30.872119791408487 ], [ 118.534234351688283, 30.872606712805212 ], [ 118.534611419007661, 30.872692208336531 ], [ 118.536744244300976, 30.873172111582679 ], [ 118.537121754741733, 30.873256402010597 ], [ 118.539256152667562, 30.873729284087489 ], [ 118.539634383501706, 30.873812429120861 ], [ 118.541770332964461, 30.874278282005601 ], [ 118.542148925681744, 30.874360201004393 ], [ 118.544286401577381, 30.874819022679535 ], [ 118.544665697374683, 30.874899787682537 ], [ 118.546804677605834, 30.875351570125911 ], [ 118.547184329136059, 30.875431105363305 ], [ 118.549324788597957, 30.875875846558056 ], [ 118.549705095916707, 30.875954213277165 ], [ 118.551847013511662, 30.876391906202244 ], [ 118.552227784806888, 30.876469062658074 ], [ 118.554371136431712, 30.876899703295493 ], [ 118.554752431263111, 30.876975659966664 ], [ 118.556897193816084, 30.877399243297805 ], [ 118.557278946255352, 30.877473985442581 ], [ 118.55942509563269, 30.877890507449717 ], [ 118.5598073125105, 30.877964035048773 ], [ 118.561954825609121, 30.87837349171507 ], [ 118.562337608594135, 30.878445822364355 ], [ 118.56448646231172, 30.87884820767075 ], [ 118.564869659770366, 30.878919310959656 ], [ 118.567019832003666, 30.879314621890433 ], [ 118.567403507001117, 30.879384508163824 ], [ 118.569554971643669, 30.879772739701774 ], [ 118.569939116146756, 30.879841405807291 ], [ 118.572091852096051, 30.880222553936242 ], [ 118.572476433767562, 30.880289992558318 ], [ 118.574630416917913, 30.880664053262457 ], [ 118.575015485608859, 30.88073027146697 ], [ 118.577170691854846, 30.881097239729854 ], [ 118.577556102719655, 30.881162211362568 ], [ 118.579712509955968, 30.881522085170687 ], [ 118.580098453899211, 30.88158584088244 ], [ 118.582256038020262, 30.881938614218946 ], [ 118.582642298749207, 30.882001116823655 ], [ 118.584801035647075, 30.88234678767585 ], [ 118.585187778078733, 30.882408062611596 ], [ 118.587347644647721, 30.88274662596416 ], [ 118.587734819869496, 30.882806663594181 ], [ 118.58989579400415, 30.883138115432747 ], [ 118.590283258208188, 30.883196892490517 ], [ 118.592445313797825, 30.883521230803247 ], [ 118.592833264607521, 30.883578775976154 ], [ 118.594996380547684, 30.883895995748514 ], [ 118.595384628831482, 30.883952279594411 ], [ 118.595707014712914, 30.883998476386324 ], [ 118.597981673437914, 30.884682425785318 ], [ 118.598091411766987, 30.884715361900838 ], [ 118.604683921612562, 30.886690236592962 ], [ 118.604793726479855, 30.886723067562667 ], [ 118.611388303895907, 30.888691050047207 ], [ 118.611498168967174, 30.888723773921132 ], [ 118.618094807922915, 30.890684863187197 ], [ 118.618204754934425, 30.890717486357328 ], [ 118.624803447398605, 30.892671679391896 ], [ 118.624913454418049, 30.892704195268141 ], [ 118.631514194359752, 30.894651491060085 ], [ 118.631624294219307, 30.894683909246048 ], [ 118.638227072607009, 30.896624303782094 ], [ 118.638337221303061, 30.896656611238505 ], [ 118.644942033105707, 30.898590104508322 ], [ 118.645052270059168, 30.8986223127222 ], [ 118.651659105244136, 30.900548900712433 ], [ 118.651769406421295, 30.900581002560276 ], [ 118.658378259958312, 30.902500684259788 ], [ 118.658488642851367, 30.902532684741512 ], [ 118.665099506708799, 30.904445457137836 ], [ 118.665209944543889, 30.904477348415629 ], [ 118.671822811689253, 30.906383210497864 ], [ 118.671933335669692, 30.906415001498697 ], [ 118.678548199072168, 30.908313950254353 ], [ 118.678658773333282, 30.908345630585785 ], [ 118.68527562495926, 30.910237665004026 ], [ 118.685386289740208, 30.910269246110882 ], [ 118.692005123559881, 30.912154363179198 ], [ 118.692115849712224, 30.912185836640283 ], [ 118.698736656691509, 30.914064034347298 ], [ 118.698847441830736, 30.914095399434032 ], [ 118.705470215937936, 30.915966676768999 ], [ 118.705581102673477, 30.915997945426636 ], [ 118.712205836878297, 30.917862298376193 ], [ 118.712316757813937, 30.917893451522559 ], [ 118.718943444081475, 30.919750880077032 ], [ 118.719054450779069, 30.919781932142282 ], [ 118.725683082078106, 30.921632433289389 ], [ 118.7257941587266, 30.921663379739471 ], [ 118.73242472802481, 30.923506951467768 ], [ 118.732535874544752, 30.923537792195305 ], [ 118.739168374809935, 30.925374432493456 ], [ 118.739279586763701, 30.925405166188909 ], [ 118.745914009962277, 30.927234873045563 ], [ 118.746025291658441, 30.927265500821296 ], [ 118.75266163075807, 30.929088272225055 ], [ 118.752772982109519, 30.929118793971302 ], [ 118.759411230077617, 30.930934627911221 ], [ 118.759522651014748, 30.93096504352296 ], [ 118.766162800818734, 30.932773937987374 ], [ 118.766274286945517, 30.932804246185647 ], [ 118.772916330551737, 30.934606199163799 ], [ 118.773027890416557, 30.934636402186314 ], [ 118.779671821793286, 30.936431411666693 ], [ 118.779783426559277, 30.936461501653181 ], [ 118.786429236670685, 30.938249566625643 ], [ 118.786540930878232, 30.938279555505215 ], [ 118.793188613693516, 30.940060672957724 ], [ 118.79330037284852, 30.940090554040957 ], [ 118.799949920333432, 30.941864721962727 ], [ 118.800061752867961, 30.941894497417191 ], [ 118.80671315899076, 30.943661713796921 ], [ 118.80682503618192, 30.943691375921251 ], [ 118.813478291906392, 30.945451639748924 ], [ 118.813590258232225, 30.94548120025534 ], [ 118.820245357527284, 30.947234508519049 ], [ 118.820357376774737, 30.947263957752551 ], [ 118.827014312606167, 30.949010309442411 ], [ 118.827126392285848, 30.949039649330022 ], [ 118.83378515561833, 30.950779042435173 ], [ 118.833897324204273, 30.950808280323585 ], [ 118.84055790900625, 30.952540711832171 ], [ 118.840670130251794, 30.952569838178555 ], [ 118.847332529489094, 30.954295307080557 ], [ 118.847444799131495, 30.954324320749908 ], [ 118.854109004768688, 30.956042826035755 ], [ 118.854221379063816, 30.956071741451758 ], [ 118.860887385070015, 30.957783279108597 ], [ 118.860999803515398, 30.957812080595257 ], [ 118.86766760085402, 30.959516649613576 ], [ 118.867780071591397, 30.959545339234332 ], [ 118.87444965322797, 30.961242938604315 ], [ 118.874562196275477, 30.961271521396462 ], [ 118.881233556177236, 30.962962149107263 ], [ 118.881346175307172, 30.962990625920348 ], [ 118.88801930443897, 30.964674278960697 ], [ 118.888131979629364, 30.964702644649677 ], [ 118.894806871957513, 30.966379322009828 ], [ 118.894919599005917, 30.966407575473685 ], [ 118.901596247495632, 30.968077276143987 ], [ 118.904730530438414, 30.96885859520879 ], [ 118.91472243321985, 30.970896763175205 ], [ 118.924898317026177, 30.972080393003555 ], [ 118.935159910756312, 30.972398065393264 ], [ 118.945408111187646, 30.971846724031408 ], [ 118.955543948174451, 30.970431704913644 ], [ 118.965469548406119, 30.968166683938001 ], [ 118.975089088028255, 30.965073543316233 ], [ 118.984309724561029, 30.961182158162902 ], [ 118.993042498786053, 30.956530105422992 ], [ 119.001203197614146, 30.951162298073058 ], [ 119.008713169386937, 30.945130548272772 ], [ 119.01550008359726, 30.938493063842916 ], [ 119.021498627626997, 30.931313883096909 ], [ 119.026651133790807, 30.923662253647869 ], [ 119.030908130728562, 30.915611961347494 ], [ 119.034228813994531, 30.907240615980463 ], [ 119.03658143154361, 30.898628900736039 ], [ 119.03794358069652, 30.889859792803108 ], [ 119.038302414067203, 30.88101776268449 ], [ 119.037654752853001, 30.872187959998882 ], [ 119.036007106797769, 30.863455393635821 ], [ 119.033375601047922, 30.854904114147871 ], [ 119.029785811004388, 30.846616406209939 ], [ 119.025272507136123, 30.83867199884574 ], [ 119.019879312551211, 30.831147300922623 ], [ 119.013658276905318, 30.824114669147669 ], [ 119.006669370976937, 30.817641715465758 ], [ 118.998979906927929, 30.811790660367656 ], [ 118.990663889911474, 30.806617738166246 ], [ 118.981801307271766, 30.802172659798156 ], [ 118.972477362104016, 30.798498138159086 ], [ 118.962781658404907, 30.795629480390712 ], [ 118.959775813805095, 30.794880058426607 ], [ 118.9532078102784, 30.793237199416808 ], [ 118.946656748855915, 30.791591304062578 ], [ 118.940107380650431, 30.789938557813976 ], [ 118.933559699571845, 30.788278958560358 ], [ 118.927013706471271, 30.786612507132798 ], [ 118.920469419161464, 30.784939208443923 ], [ 118.91392685872097, 30.783259067049972 ], [ 118.907386007921389, 30.781572077166867 ], [ 118.900846870628797, 30.779878242100427 ], [ 118.894309480773558, 30.778177569510113 ], [ 118.887773825100396, 30.7764700550721 ], [ 118.881239905706295, 30.774755700646818 ], [ 118.874707749503457, 30.77303451286074 ], [ 118.868177349120458, 30.771306488865928 ], [ 118.861648714673962, 30.76957163264138 ], [ 118.855121862999624, 30.767829947220001 ], [ 118.848596789919213, 30.766081431804242 ], [ 118.842073495372802, 30.764326086140681 ], [ 118.835551995384918, 30.762563915810265 ], [ 118.829032306705031, 30.760794923858548 ], [ 118.822514425205995, 30.759019109456755 ], [ 118.815998360905567, 30.757236475073228 ], [ 118.809484118583271, 30.755447022015385 ], [ 118.802971705096084, 30.753650752155917 ], [ 118.796461129492386, 30.75184766797469 ], [ 118.789952399745857, 30.750037771386609 ], [ 118.783445520519251, 30.748221063656921 ], [ 118.776940490868142, 30.746397544471311 ], [ 118.770437335623157, 30.744567221726868 ], [ 118.76393605477638, 30.742730093135261 ], [ 118.75743664301794, 30.740886159088721 ], [ 118.750939126351241, 30.739035426187893 ], [ 118.744443497992179, 30.737177891864967 ], [ 118.737949769465516, 30.735313560585549 ], [ 118.731457950915825, 30.733442433903548 ], [ 118.724968046981573, 30.731564514038133 ], [ 118.718480066872317, 30.72967980256232 ], [ 118.71199401389795, 30.727788301016037 ], [ 118.705509889735382, 30.725890009342756 ], [ 118.699027712099976, 30.723984933693327 ], [ 118.692547483635522, 30.722073073316533 ], [ 118.68606920771974, 30.720154430438431 ], [ 118.679592895771663, 30.718229007584565 ], [ 118.673118555710516, 30.716296807634809 ], [ 118.666646201151394, 30.714357833797866 ], [ 118.660166743647594, 30.712409352272779 ], [ 118.655815648277439, 30.711096768973736 ], [ 118.646561105850353, 30.70871328622934 ], [ 118.63709152461918, 30.707078455638641 ], [ 118.636975760202262, 30.707063239240217 ], [ 118.635114192937735, 30.706815112499761 ], [ 118.633340505178396, 30.706572754505906 ], [ 118.631567424811053, 30.70632453186192 ], [ 118.629794942230674, 30.70607044267453 ], [ 118.628023143672749, 30.705810498359014 ], [ 118.626252006627752, 30.705544693154305 ], [ 118.624481556389128, 30.705273031046442 ], [ 118.622711845617545, 30.704995517287745 ], [ 118.620942800083398, 30.704712139287071 ], [ 118.619174500680231, 30.704422909576163 ], [ 118.617406945567907, 30.704127824901654 ], [ 118.615640146128257, 30.703826887326379 ], [ 118.613874147160601, 30.70352010163257 ], [ 118.612108925243675, 30.703207462962666 ], [ 118.610344513017864, 30.702888975315915 ], [ 118.608580911258088, 30.702564637413957 ], [ 118.606818173387694, 30.702234457722017 ], [ 118.605056277053691, 30.701898429561812 ], [ 118.603295220317591, 30.701556552107959 ], [ 118.601535080246407, 30.701208838282206 ], [ 118.599775851221423, 30.700855284818342 ], [ 118.598017553047313, 30.700495894373411 ], [ 118.596260143528198, 30.700130655731819 ], [ 118.594503697842853, 30.69975958482247 ], [ 118.592748217009714, 30.699382677427121 ], [ 118.590993720209781, 30.698999938558416 ], [ 118.589240223386156, 30.698611367036154 ], [ 118.587487707245302, 30.698216959376108 ], [ 118.585736266093505, 30.69781673317938 ], [ 118.583985864713384, 30.697410678867325 ], [ 118.582236504339178, 30.69699879461734 ], [ 118.580488196598125, 30.696581081733097 ], [ 118.578740989034983, 30.696157549554457 ], [ 118.576994913913609, 30.69572820372526 ], [ 118.575249965562122, 30.695293040367332 ], [ 118.573506150698293, 30.694852059504594 ], [ 118.571763459939703, 30.694405256275147 ], [ 118.570021955674349, 30.693952645830212 ], [ 118.568281671976351, 30.693494233209037 ], [ 118.566542565964582, 30.693030005747978 ], [ 118.564804663936783, 30.69255996823259 ], [ 118.56306801213924, 30.692084131368215 ], [ 118.56133264105614, 30.691602500569051 ], [ 118.559598516594534, 30.69111506404802 ], [ 118.55786564739833, 30.690621822565909 ], [ 118.556134100715653, 30.690122793178009 ], [ 118.55440391288333, 30.689617983253008 ], [ 118.552675040573192, 30.689107377524842 ], [ 118.550947472759063, 30.688590971121162 ], [ 118.54922129184159, 30.688068786776491 ], [ 118.547496544484929, 30.687540835143036 ], [ 118.545773169777149, 30.687007094853843 ], [ 118.54405118955917, 30.686467571317909 ], [ 118.542330647189118, 30.685922275084604 ], [ 118.540611564353043, 30.685371210889517 ], [ 118.538893984100156, 30.684814389557559 ], [ 118.537177856669359, 30.684251791772908 ], [ 118.535463201782846, 30.683683422960907 ], [ 118.533750088852585, 30.683109302729815 ], [ 118.532038537174714, 30.682529435086426 ], [ 118.530328521703538, 30.681943808013941 ], [ 118.528620030648071, 30.681352416095311 ], [ 118.526913163593008, 30.68075529113808 ], [ 118.525207917537372, 30.680152428202309 ], [ 118.52350426753101, 30.679543816451115 ], [ 118.521802240715658, 30.678929462821973 ], [ 118.520101873460334, 30.678309378009825 ], [ 118.518403188179832, 30.677683566854693 ], [ 118.516706196252656, 30.677052031033764 ], [ 118.515010904947133, 30.676414769978059 ], [ 118.513317326647567, 30.675771786062267 ], [ 118.511625482189871, 30.675123083995292 ], [ 118.509935392426812, 30.674468669341035 ], [ 118.508247078243073, 30.673808546864535 ], [ 118.506560538217329, 30.673142713373963 ], [ 118.504875846924762, 30.672471195734122 ], [ 118.503192963868969, 30.671793973140076 ], [ 118.501511917328784, 30.671111056367767 ], [ 118.499832730266377, 30.670422449447525 ], [ 118.498155391166492, 30.669728146862976 ], [ 118.496480006036492, 30.669028188323548 ], [ 118.494806512168154, 30.668322543744129 ], [ 118.4931349084262, 30.667611211136396 ], [ 118.491465290422937, 30.666894227807862 ], [ 118.489797636333208, 30.666171580235087 ], [ 118.488131936891236, 30.665443262400046 ], [ 118.486468255585976, 30.664709298746622 ], [ 118.48480659235473, 30.663969685589468 ], [ 118.483146977365806, 30.663224433795282 ], [ 118.481489412119302, 30.662473539791993 ], [ 118.4798338678101, 30.661716988362716 ], [ 118.478180446331478, 30.660954823521934 ], [ 118.476529147763529, 30.660187040119908 ], [ 118.474879944216553, 30.659413623373275 ], [ 118.473232897132206, 30.658634598466445 ], [ 118.471587996706418, 30.657849957161858 ], [ 118.469945274097043, 30.657059711806905 ], [ 118.468304763318642, 30.656263874640562 ], [ 118.466666441469286, 30.655462431431037 ], [ 118.465030353627483, 30.654655401456157 ], [ 118.463396528623278, 30.653842794925282 ], [ 118.461764969852425, 30.653024610274382 ], [ 118.460135676158856, 30.652200843444017 ], [ 118.458508691764322, 30.651371514074963 ], [ 118.456884026797226, 30.650536622945268 ], [ 118.455261712509468, 30.64969618375282 ], [ 118.453641740339265, 30.648850187047525 ], [ 118.45202411254833, 30.64799863251886 ], [ 118.450408930314225, 30.647141569137418 ], [ 118.448796144448082, 30.646278966136737 ], [ 118.447185757765553, 30.645410823280724 ], [ 118.445577831334049, 30.644537169201811 ], [ 118.443972375353056, 30.643658006120642 ], [ 118.442369392428347, 30.642773331501665 ], [ 118.440768924374936, 30.641883165709196 ], [ 118.439170955188416, 30.640987494755151 ], [ 118.437575530854588, 30.640086343235104 ], [ 118.435982676241579, 30.639179718841106 ], [ 118.434392364952288, 30.638267605083939 ], [ 118.432804666551831, 30.637350037343957 ], [ 118.431219563329847, 30.636427001681472 ], [ 118.42963709359006, 30.635498517520432 ], [ 118.428057264388514, 30.634564584253866 ], [ 118.426480094547401, 30.633625210641608 ], [ 118.424905632891395, 30.632680421088832 ], [ 118.42333385577659, 30.631730197605233 ], [ 118.421764793693242, 30.630774555790268 ], [ 118.420198453094429, 30.629813494939658 ], [ 118.418634884673835, 30.628847044098382 ], [ 118.417074097002029, 30.627875202447704 ], [ 118.415516083425658, 30.626897964209384 ], [ 118.413960899869323, 30.625915359430071 ], [ 118.41240853334584, 30.624927376498682 ], [ 118.41085899451059, 30.623934018523485 ], [ 118.409312325996993, 30.622935309695386 ], [ 118.407768573802059, 30.621931275096038 ], [ 118.406227701994709, 30.620921887023286 ], [ 118.404689720855885, 30.619907149779365 ], [ 118.403154702005025, 30.618887106621944 ], [ 118.401622650479041, 30.617861756156589 ], [ 118.400093576812495, 30.616831102188655 ], [ 118.398567474454921, 30.615795135694452 ], [ 118.397044370298502, 30.614753872693875 ], [ 118.395524324319197, 30.613707349263031 ], [ 118.394007324225626, 30.612655552873186 ], [ 118.392493376882243, 30.611598484707315 ], [ 118.390982522951745, 30.610536169619024 ], [ 118.389474763756468, 30.609468603757151 ], [ 118.38797010936058, 30.608395791539817 ], [ 118.386468607452272, 30.607317762589044 ], [ 118.384970279826518, 30.606234528486105 ], [ 118.383475120999236, 30.605146080769401 ], [ 118.381983136920539, 30.604052420697805 ], [ 118.380494379055648, 30.602953582095605 ], [ 118.379008864450881, 30.601849572870453 ], [ 118.377526563043858, 30.600740366724555 ], [ 118.376047538921696, 30.599626009459399 ], [ 118.374571821425846, 30.598506516783821 ], [ 118.373099380095141, 30.597381862931364 ], [ 118.371606742848925, 30.596233992874584 ], [ 118.370607925139055, 30.59546158466712 ], [ 118.362638174817604, 30.589882678114943 ], [ 118.354074381710959, 30.585007418796003 ], [ 118.339130363193604, 30.577381126775645 ], [ 118.293868844277725, 30.538940831150448 ], [ 118.225334088741135, 30.476290648797672 ], [ 118.160799944942084, 30.407876562991 ], [ 118.160015971152305, 30.407054615648565 ], [ 118.109831195224871, 30.355029163208446 ], [ 118.10519334420195, 30.350532012009101 ], [ 118.051346001552332, 30.301668612488125 ], [ 118.04154495742317, 30.293839335865979 ], [ 117.998906685518037, 30.263903109418035 ], [ 117.991903278098448, 30.259391647988569 ], [ 117.902479285038311, 30.206625364230206 ], [ 117.838935379815695, 30.166490940882202 ], [ 117.830925543082202, 30.161903684639707 ], [ 117.822463246285096, 30.157977996632056 ], [ 117.754021850859772, 30.12964820653632 ], [ 117.743674680862924, 30.125941815340742 ], [ 117.645715512830691, 30.096063963489172 ], [ 117.640180570585187, 30.094523096065387 ], [ 117.590294887526468, 30.081951369579649 ], [ 117.587226277430389, 30.081221499165085 ], [ 117.562348863361606, 30.075656546454649 ], [ 117.50153128614447, 30.049780234407933 ], [ 117.494198479232708, 30.046957794765454 ], [ 117.435035960680338, 30.026507357947558 ], [ 117.425103955108796, 30.023567852235171 ], [ 117.340325794448859, 30.002540334073188 ], [ 117.308195178298121, 29.992125577995736 ], [ 117.234082377665871, 29.96359793942365 ], [ 117.169991125784151, 29.937818667092547 ], [ 117.160566703221576, 29.934502703942403 ], [ 117.150815008935098, 29.932006556600875 ], [ 117.140829734956867, 29.930354204143931 ], [ 117.130706799575961, 29.9295615191233 ], [ 117.120543432958016, 29.929636116240921 ], [ 117.110437250654869, 29.930577279745897 ], [ 117.100485323553784, 29.932375970226389 ], [ 117.090783252842741, 29.935014910734672 ], [ 117.081424258530731, 29.938468751450557 ], [ 117.072498289951483, 29.942704311361659 ], [ 117.064091166503601, 29.947680894724694 ], [ 117.056283756635537, 29.953350679375546 ], [ 117.049151202772975, 29.959659173283992 ], [ 117.042762199506711, 29.96654573510672 ], [ 117.037178331919918, 29.973944153884933 ], [ 117.032453480425175, 29.981783282467365 ], [ 117.028633297916869, 29.989987718719263 ], [ 117.025754764419801, 29.998478528108972 ], [ 117.023845823735996, 30.007174000851414 ], [ 117.022925105857624, 30.015990436434645 ], [ 117.02300173814406, 30.024842948067914 ], [ 117.024075247435277, 30.033646279369698 ], [ 117.02613555442926, 30.042315625465168 ], [ 117.029163060767473, 30.050767450587596 ], [ 117.033128828375894, 30.058920294279133 ], [ 117.037994849698777, 30.066695558363993 ], [ 117.043714406553875, 30.074018267022357 ], [ 117.050232514434086, 30.080817792526194 ], [ 117.057486448199754, 30.087028539506552 ], [ 117.06540634425275, 30.092590581004828 ], [ 117.073915873471535, 30.09745024001441 ], [ 117.082932978427706, 30.101560610739941 ], [ 117.147851444738635, 30.127680406184798 ], [ 117.149344616364104, 30.128268241094222 ], [ 117.227123838194075, 30.158214475488286 ], [ 117.23282825329062, 30.16023455509799 ], [ 117.271704923580614, 30.172837947591063 ], [ 117.279428473193548, 30.175044873587176 ], [ 117.363195659029984, 30.195826111466765 ], [ 117.413821182428336, 30.213328578342459 ], [ 117.480600299207751, 30.241745333880878 ], [ 117.490279977390458, 30.245344306364366 ], [ 117.500330105721588, 30.248073329797982 ], [ 117.533942019596196, 30.255593758195484 ], [ 117.579581356289211, 30.267095859487281 ], [ 117.669646961064018, 30.294569768333535 ], [ 117.724411709075341, 30.317245603887848 ], [ 117.781520878169445, 30.353336782389977 ], [ 117.784163898163598, 30.354951909350383 ], [ 117.871387189335167, 30.406453918933789 ], [ 117.90546168094356, 30.430398240491069 ], [ 117.952289527559273, 30.472946149937684 ], [ 117.999826517587124, 30.522304756021573 ], [ 118.066327497303249, 30.592918617443427 ], [ 118.071310250668347, 30.597829406264555 ], [ 118.143724616420087, 30.664115104710312 ], [ 118.146352617889391, 30.666433158118757 ], [ 118.202038084207487, 30.713777010630281 ], [ 118.21159132464372, 30.720961069241508 ], [ 118.222082617749706, 30.727091785588556 ], [ 118.239408204396668, 30.735939369006868 ], [ 118.240524338235971, 30.736781102627603 ], [ 118.240789770519612, 30.736980595231881 ], [ 118.24253869974153, 30.738290548001572 ], [ 118.242805241191917, 30.738489503517549 ], [ 118.244558484728699, 30.739793692583241 ], [ 118.2448260710499, 30.739992058517036 ], [ 118.246583608885842, 30.741290468835796 ], [ 118.246852204289127, 30.741488214919826 ], [ 118.248614017406169, 30.742780833450102 ], [ 118.248883654036376, 30.742977979634912 ], [ 118.250649723417467, 30.744264792334189 ], [ 118.250920434156754, 30.744461358448394 ], [ 118.252690740785667, 30.745742350274078 ], [ 118.252962466416747, 30.745938289300337 ], [ 118.254736991273901, 30.747213447210619 ], [ 118.255009742288451, 30.747408763055404 ], [ 118.256788465353765, 30.748678073007873 ], [ 118.257062234812523, 30.748872757007938 ], [ 118.258845137065308, 30.750136205960761 ], [ 118.259119989608934, 30.75033029995409 ], [ 118.260907052030689, 30.751587872864555 ], [ 118.261182904766272, 30.751781314313174 ], [ 118.262974107333875, 30.753032998139435 ], [ 118.263251006190913, 30.753225815516338 ], [ 118.265046330883337, 30.754471597216831 ], [ 118.265324275250677, 30.7546637860207 ], [ 118.267123701045165, 30.755903650552202 ], [ 118.267402663163622, 30.756095187712731 ], [ 118.269206172036448, 30.757329123034225 ], [ 118.269486119146805, 30.757519982612301 ], [ 118.271293690071332, 30.758747975681658 ], [ 118.271574733351599, 30.758938229452351 ], [ 118.27338634730593, 30.760160265227146 ], [ 118.273668390890847, 30.760349844151641 ], [ 118.275484028848425, 30.761565910590388 ], [ 118.275767117892343, 30.761754841233859 ], [ 118.277586759827514, 30.762964924294245 ], [ 118.277870830057111, 30.763153160099868 ], [ 118.279694455940685, 30.76435724774085 ], [ 118.279979541930345, 30.764544808156788 ], [ 118.281807131734084, 30.765742887336298 ], [ 118.282093302439705, 30.765929813523449 ], [ 118.283924836137686, 30.767121869198839 ], [ 118.284212002773046, 30.767308099086584 ], [ 118.286047462335645, 30.768494120217365 ], [ 118.286335606001018, 30.768679638217399 ], [ 118.288174969395712, 30.769859611761657 ], [ 118.288464157337842, 30.770044457486559 ], [ 118.290307405535344, 30.771218370402718 ], [ 118.290597617587224, 30.771402526938509 ], [ 118.292444730556511, 30.772570366184922 ], [ 118.292735968398716, 30.772753830691347 ], [ 118.294586926107996, 30.773915583226401 ], [ 118.294879121851864, 30.774098309473196 ], [ 118.296733904266205, 30.775253964256315 ], [ 118.297027198353121, 30.775436036094302 ], [ 118.298885785442451, 30.776585578083029 ], [ 118.299179983261794, 30.77676687108108 ], [ 118.301042353987185, 30.777910290235461 ], [ 118.301337626347305, 30.778090906179163 ], [ 118.303203762677313, 30.779228189457736 ], [ 118.303500003479272, 30.779408059519735 ], [ 118.305369882375544, 30.780539193880852 ], [ 118.305667165222147, 30.780718359030029 ], [ 118.307540768650611, 30.781843332433009 ], [ 118.307839044647579, 30.782021759299283 ], [ 118.309716350570071, 30.783140558702861 ], [ 118.310015577383979, 30.783318218655232 ], [ 118.311896566761163, 30.784430834019602 ], [ 118.312196846808945, 30.784607784140679 ], [ 118.314081498604182, 30.78571420142401 ], [ 118.314252702525849, 30.785814330963419 ], [ 118.256614812602422, 30.83570684859458 ], [ 118.252063879075408, 30.833833473243232 ], [ 118.229666329317254, 30.822429150200115 ], [ 118.218903763820521, 30.817649285656373 ], [ 118.195426435291381, 30.80866180528902 ], [ 118.176400317715832, 30.788601565690925 ], [ 118.167909087662679, 30.780666706437593 ], [ 118.145694252373787, 30.762246290929987 ], [ 118.145103096006366, 30.76175977897589 ], [ 118.11971517065551, 30.741021640185728 ], [ 118.112530910894762, 30.735663628546462 ], [ 118.104813791822551, 30.730890853838336 ], [ 118.083400714601069, 30.718875963172032 ], [ 118.074133909590103, 30.714240191207367 ], [ 118.045770534873597, 30.701676825832426 ], [ 118.033156837183611, 30.696965183169578 ], [ 118.012360116988063, 30.690561678948782 ], [ 117.998257708637396, 30.687159424672348 ], [ 117.97209674164786, 30.682524432186611 ], [ 117.961976223410318, 30.68117316355033 ], [ 117.951751321432596, 30.680684970493058 ], [ 117.941520234645907, 30.681064547503521 ], [ 117.931381222185792, 30.682308254671923 ], [ 117.921431667471722, 30.684404152149042 ], [ 117.911767150303433, 30.687332113700077 ], [ 117.902480535534266, 30.691064018313138 ], [ 117.893661086751536, 30.695564018100189 ], [ 117.88539361319269, 30.700788880019701 ], [ 117.877757657865558, 30.706688398261683 ], [ 117.870826734500582, 30.713205873472759 ], [ 117.864667620568156, 30.720278654367661 ], [ 117.859339713126857, 30.727838736678667 ], [ 117.854894453741679, 30.735813413842262 ], [ 117.851374828120811, 30.744125973318202 ], [ 117.848814945474189, 30.75269643198396 ], [ 117.847239701894225, 30.761442303653315 ], [ 117.846664531306885, 30.770279391435334 ], [ 117.847095246744217, 30.779122597383385 ], [ 117.848527973851034, 30.787886741686521 ], [ 117.850949177670017, 30.796487383530643 ], [ 117.854335782851408, 30.80484163570717 ], [ 117.858655386523367, 30.812868965073484 ], [ 117.863866562135954, 30.820491971073775 ], [ 117.869919251674048, 30.827637134711818 ], [ 117.876755242728748, 30.834235530626124 ], [ 117.884308726031279, 30.840223495254616 ], [ 117.892506928204966, 30.845543244484631 ], [ 117.901270813687745, 30.850143434663497 ], [ 117.910515849026368, 30.853979661390674 ], [ 117.920152822065049, 30.857014891118421 ], [ 117.930088707943113, 30.859219821248473 ], [ 117.949093934949047, 30.862586998730954 ], [ 117.956502747911401, 30.864868360283076 ], [ 117.973989925872985, 30.872616434276697 ], [ 117.98293128527034, 30.877636419042503 ], [ 118.001109194070324, 30.892500428671948 ], [ 118.018511738513325, 30.906947996207347 ], [ 118.043344554012776, 30.933169362556907 ], [ 118.049994946287669, 30.939544129848969 ], [ 118.05731839884595, 30.945345339217116 ], [ 118.065248704025137, 30.950520460231839 ], [ 118.084605386064354, 30.96194255637225 ], [ 118.092687986217101, 30.966259170227502 ], [ 118.101192549853693, 30.969925201444994 ], [ 118.128503356067185, 30.98038427641988 ], [ 118.149658328714168, 30.991159238861194 ], [ 118.156078782814163, 30.994108614371449 ], [ 118.158331375385089, 30.999507083425023 ], [ 118.162738027468095, 31.007501826830943 ], [ 118.16803401795282, 31.01508579139168 ], [ 118.1741684672605, 31.022185831562815 ], [ 118.181082369852177, 31.028733454632977 ], [ 118.188709159621183, 31.034665484796495 ], [ 118.195524238202722, 31.039001518201601 ], [ 118.200746736345707, 31.047457162086516 ], [ 118.208007550206929, 31.062105436770256 ], [ 118.2128935080476, 31.07067311829989 ], [ 118.218805009594803, 31.078748024319964 ], [ 118.234605288732169, 31.097984662543524 ], [ 118.238535733280557, 31.102465674116385 ], [ 118.245254138032948, 31.109647575228799 ], [ 118.254283523614447, 31.12077872125526 ], [ 118.263210837409432, 31.134403169009577 ], [ 118.263628657391465, 31.135034749329634 ], [ 118.284151278197569, 31.16575595965228 ], [ 118.291764743868356, 31.18077778688145 ], [ 118.297562270281048, 31.190544632908761 ], [ 118.304697127835311, 31.199633927794292 ], [ 118.316779055872374, 31.21316670427748 ], [ 118.309251485025868, 31.211513543409033 ], [ 118.299074055740519, 31.210172935585817 ], [ 118.288792867253122, 31.20969534866283 ], [ 118.2785066529798, 31.210085376963544 ], [ 118.268314195949898, 31.211339282393091 ], [ 118.258313388108377, 31.213445029748417 ], [ 118.248600297750798, 31.216382401080839 ], [ 118.239268253687328, 31.220123188067326 ], [ 118.230406954600866, 31.224631460625531 ], [ 118.22210161186706, 31.229863909299812 ], [ 118.214432133835928, 31.235770258257475 ], [ 118.207472359242843, 31.242293745071599 ], [ 118.201289347013841, 31.249371662836033 ], [ 118.195942729267031, 31.25693595956324 ], [ 118.191484133779895, 31.264913889263148 ], [ 118.187956681603623, 31.27322870859722 ], [ 118.18539456485388, 31.281800412548964 ], [ 118.183822709005511, 31.290546502157987 ], [ 118.183256523258592, 31.299382777031624 ], [ 118.183701741746091, 31.308224145081102 ], [ 118.185154357506974, 31.316985441731823 ], [ 118.187600650275684, 31.325582250731983 ], [ 118.191017308236184, 31.333931718634499 ], [ 118.195371642969675, 31.341953355053082 ], [ 118.197028456005597, 31.344650890600921 ], [ 118.210958336231599, 31.373618197783124 ], [ 118.225599225583792, 31.427211494200936 ], [ 118.235334131178291, 31.47101176588242 ], [ 118.237225475918123, 31.477994529894751 ], [ 118.239758378164524, 31.48482641084674 ], [ 118.274981090786056, 31.568103640212772 ], [ 118.237821826332137, 31.530486951543285 ], [ 118.168384612376414, 31.454403913708617 ], [ 118.162921745398336, 31.448883136558866 ], [ 118.121306940689351, 31.410070755451819 ], [ 118.115974051453506, 31.4054407183589 ], [ 117.999474856467501, 31.311185954195349 ], [ 117.991640915110906, 31.30543423103661 ], [ 117.983188985379144, 31.300368919336066 ], [ 117.974200360032867, 31.296038691011454 ], [ 117.964761451488044, 31.292485149930691 ], [ 117.954962965491305, 31.289742434992739 ], [ 117.944899035083296, 31.287836894527537 ], [ 117.934666322904135, 31.28678683503232 ], [ 117.924363100149506, 31.286602346571073 ], [ 117.914088310674373, 31.287285206455749 ], [ 117.903940628859274, 31.288828862104648 ], [ 117.894017519907464, 31.291218493244951 ], [ 117.884414311220979, 31.294431152893495 ], [ 117.87522328342115, 31.298435985824 ], [ 117.866532789422706, 31.303194522510939 ], [ 117.858426409748574, 31.308661045839621 ], [ 117.850982151984198, 31.314783027192203 ], [ 117.844271701910472, 31.321501627867903 ], [ 117.83835973343318, 31.328752261176433 ], [ 117.833303283938378, 31.336465209963986 ], [ 117.829151201153365, 31.344566293794973 ], [ 117.825943666979683, 31.352977579525781 ], [ 117.823711803098803, 31.361618128574662 ], [ 117.822477362426696, 31.370404773817622 ], [ 117.822445593962939, 31.37165494460865 ], [ 117.575936484145771, 30.845072379272853 ], [ 117.571652511467519, 30.83702986452689 ], [ 117.566476373955297, 30.829388185194443 ], [ 117.560479006681817, 30.822245788732161 ], [ 117.560249234609302, 30.820057682048986 ], [ 117.558327056706815, 30.811363174328267 ], [ 117.555427219492955, 30.802873073534567 ], [ 117.551577879034568, 30.794669077687047 ], [ 117.546816301314806, 30.78683011197867 ], [ 117.54132469636447, 30.779610643065737 ], [ 117.543833611537238, 30.77753237576248 ], [ 117.550499350969361, 30.770807742811979 ], [ 117.556368748664795, 30.763551059271091 ], [ 117.561385377783665, 30.755832319864894 ], [ 117.565501072346535, 30.747725958514433 ], [ 117.568676385375383, 30.739310127723638 ], [ 117.570880961436984, 30.730665942720197 ], [ 117.572093820288714, 30.721876697751998 ], [ 117.572303549236409, 30.713027062181233 ], [ 117.57150840272638, 30.704202264182552 ], [ 117.56971630861284, 30.695487269937196 ], [ 117.56694478144469, 30.68696596622538 ], [ 117.563220744004326, 30.678720354252103 ], [ 117.517088243643471, 30.589633883247743 ], [ 117.485291963369534, 30.523712345036756 ], [ 117.463890872770975, 30.420708333389086 ], [ 117.461591879301537, 30.412083485710301 ], [ 117.458329071512608, 30.403695384094647 ], [ 117.454134084699405, 30.395624738614689 ], [ 117.449047494967942, 30.387949185972637 ], [ 117.443118421771516, 30.380742545210932 ], [ 117.436404049836426, 30.374074110665457 ], [ 117.428969075268, 30.368007988821972 ], [ 117.420885081286357, 30.362602485301785 ], [ 117.412229849644831, 30.357909547714439 ], [ 117.403086614327378, 30.353974269577705 ], [ 117.393543264603338, 30.350834459924236 ], [ 117.38369150493503, 30.348520282593736 ], [ 117.373625979586734, 30.347053968556839 ], [ 117.363443370070769, 30.346449603935721 ], [ 117.353241473783228, 30.34671299568409 ], [ 117.343118272335516, 30.347841616170271 ], [ 117.333170998169351, 30.34982462717841 ], [ 117.323495208056954, 30.352642983109291 ], [ 117.314183872036196, 30.356269612431063 ], [ 117.305326486204095, 30.360669675705637 ], [ 117.29700821760666, 30.365800897806601 ], [ 117.289309089198042, 30.371613971252767 ], [ 117.282303212522805, 30.378053026915602 ], [ 117.276058075378629, 30.385056167723839 ], [ 117.270633891263472, 30.392556060389175 ], [ 117.266083016889809, 30.400480579620858 ], [ 117.262449443469848, 30.408753498786293 ], [ 117.259768366837392, 30.417295220517769 ], [ 117.258065840777363, 30.426023540363936 ], [ 117.25735851719368, 30.434854436245502 ], [ 117.257653475954982, 30.443702876199588 ], [ 117.258948146430015, 30.452483636692168 ], [ 117.282134040611794, 30.565201296600929 ], [ 117.284720067825319, 30.574730009895898 ], [ 117.288484704440876, 30.58396005238167 ], [ 117.310165546511911, 30.629113306164559 ], [ 117.261823822517968, 30.600642992911826 ], [ 117.256930837236908, 30.597928953757869 ], [ 117.247707673499178, 30.593120587889899 ], [ 117.247683587498685, 30.593109384864491 ], [ 117.247660878815395, 30.593096203703244 ], [ 117.16658555101435, 30.550829944507107 ], [ 117.106128425161643, 30.515776083899006 ], [ 117.02655683243016, 30.462011444826068 ], [ 117.026526380898147, 30.461992857616071 ], [ 117.026498161711231, 30.46197179171347 ], [ 116.992621854429743, 30.439083256146134 ], [ 116.988484519556621, 30.436426500500257 ], [ 116.873173292428348, 30.366035704372926 ], [ 116.775716434171258, 30.3032687158504 ], [ 116.765985978628365, 30.297699965102364 ], [ 116.755599243042681, 30.293110666893998 ], [ 116.639763190277293, 30.248761866954318 ], [ 116.526731533785195, 30.196981186718915 ], [ 116.520053656443906, 30.19417747960691 ], [ 116.400936506292979, 30.148571007081664 ], [ 116.395236188786328, 30.146558022458219 ], [ 116.270217623407277, 30.10603951676163 ], [ 116.269612869847677, 30.105845007817237 ], [ 116.182481347889436, 30.078051201645867 ], [ 116.154228539210834, 30.064030916235474 ], [ 116.145153521852691, 30.060025506039725 ], [ 116.135671521693823, 30.056812464984272 ], [ 116.125873664343999, 30.054422655929468 ], [ 116.115854085272858, 30.052879030650004 ], [ 116.105709031762174, 30.052196411204068 ], [ 116.095535945408969, 30.052381348855878 ], [ 116.085432533658505, 30.053432061847925 ], [ 116.075495838934302, 30.055338452589798 ], [ 116.065821313946373, 30.058082204096543 ], [ 116.056501911710512, 30.06163695477802 ], [ 116.04762719869089, 30.065968549955397 ], [ 116.039282499289342, 30.071035367770957 ], [ 116.031548079652964, 30.076788716465064 ], [ 116.02449837844658, 30.083173299327981 ], [ 116.018201291852549, 30.090127742998309 ], [ 116.012717519607008, 30.097585184180303 ], [ 116.008099978370296, 30.105473909294169 ], [ 116.004393288152812, 30.113718041062334 ], [ 116.003825509216568, 30.115470958211507 ], [ 116.00299095599344, 30.115859856799577 ], [ 115.994531431602255, 30.12078582873372 ], [ 115.986667157250864, 30.126408415905811 ], [ 115.979473811729804, 30.132673580097958 ], [ 115.973020664058311, 30.139521098107057 ], [ 115.967369906701776, 30.146885137383517 ], [ 115.962576054957154, 30.154694885718961 ], [ 115.958685418348338, 30.162875229082328 ], [ 115.955735649254962, 30.171347471234967 ], [ 115.953755373321655, 30.180030088339077 ], [ 115.953560976489214, 30.18175749203532 ], [ 115.952535883051127, 30.182252385809957 ], [ 115.944157730242438, 30.187289192161032 ], [ 115.93638730882013, 30.193014669723013 ], [ 115.929299401120304, 30.199373790443008 ], [ 115.922962268484582, 30.206305426715574 ], [ 115.917436993886852, 30.213742935712812 ], [ 115.912776891705931, 30.221614796880434 ], [ 115.909026990397308, 30.229845296624593 ], [ 115.906223593189551, 30.238355253752076 ], [ 115.904393921246623, 30.247062778821654 ], [ 115.903555843004241, 30.255884060217522 ], [ 115.903717692608566, 30.264734169476046 ], [ 115.904878179566737, 30.27352787818274 ], [ 115.907026390865198, 30.282180478614613 ], [ 115.910141885932447, 30.29060860023392 ], [ 115.914194883921823, 30.298731014145808 ], [ 115.919146541884004, 30.306469417715725 ], [ 115.924949321486267, 30.31374919170235 ], [ 115.931547441035733, 30.320500122498874 ], [ 115.938877408683751, 30.326657082388543 ], [ 115.946868631835684, 30.332160661106006 ], [ 115.955444096982092, 30.336957742453798 ], [ 115.975525633425434, 30.347013177961305 ], [ 116.016199001261882, 30.381591764793889 ], [ 116.086700696451004, 30.441535878439939 ], [ 116.090615286417744, 30.444694287250734 ], [ 116.163489086482031, 30.50047746355294 ], [ 116.260548593641573, 30.579896984731359 ], [ 116.268766447931029, 30.585947522037326 ], [ 116.312422067522263, 30.614838514558851 ], [ 116.363474341126306, 30.660947471719005 ], [ 116.446392274117528, 30.748232068935714 ], [ 116.44839949841807, 30.750279552458917 ], [ 116.53849444155621, 30.839342100861046 ], [ 116.611920069023569, 30.915760170993142 ], [ 116.621421870626207, 30.92440561691307 ], [ 116.707832231493128, 30.993201500405178 ], [ 116.764966164671947, 31.040541021663831 ], [ 116.707205995244678, 31.065360733814472 ], [ 116.583504635635009, 31.088505906301229 ], [ 116.575909735824411, 31.090180954368261 ], [ 116.495840536730384, 31.110583339228015 ], [ 116.486599432140991, 31.113343786254255 ], [ 116.368036263010907, 31.154109459048321 ], [ 116.365573761518746, 31.154985961929942 ], [ 116.282588887289307, 31.185553499696315 ], [ 116.273426614322034, 31.189386634806581 ], [ 116.264739315649678, 31.193965235391808 ], [ 116.256608820480537, 31.199246206864416 ], [ 116.183347109174292, 31.251769232407067 ], [ 116.177396214441913, 31.248586244176256 ], [ 116.14567528312115, 31.221649020803763 ], [ 116.103749926540985, 31.180606856641074 ], [ 116.055026250693672, 31.120177550561092 ], [ 116.049097043070333, 31.113504194498805 ], [ 116.042472747067862, 31.107334070507569 ], [ 115.99975684360102, 31.07106554763407 ], [ 115.973140703762539, 31.043473823232784 ], [ 115.966195002196415, 31.036949937760372 ], [ 115.958541048207309, 31.03104324634679 ], [ 115.950252530073854, 31.025810515770935 ], [ 115.941409193746409, 31.021302025801226 ], [ 115.932096077835709, 31.017561089328012 ], [ 115.922402699549849, 31.014623639282938 ], [ 115.912422199230207, 31.012517886171473 ], [ 115.902250451472668, 31.01126404938227 ], [ 115.891985151085237, 31.010874164748891 ], [ 115.881724882333671, 31.01135197013171 ], [ 115.87156818005684, 31.012692870065827 ], [ 115.861612591294943, 31.014883979791307 ], [ 115.851953746069256, 31.017904248249589 ], [ 115.842684445874497, 31.021724658902336 ], [ 115.833893778304628, 31.02630850650954 ], [ 115.825666266021074, 31.031611747301316 ], [ 115.818081057993993, 31.037583419294801 ], [ 115.811211170604068, 31.044166128853227 ], [ 115.805122785782345, 31.051296598960352 ], [ 115.799874612892609, 31.058906274098792 ], [ 115.795517320524525, 31.066921976078461 ], [ 115.792093043771587, 31.075266604666773 ], [ 115.789634971914765, 31.08385987643144 ], [ 115.788167020727087, 31.092619094822272 ], [ 115.787703592859202, 31.10145994419635 ], [ 115.788249428965827, 31.110297300234048 ], [ 115.789799551395049, 31.119046049005291 ], [ 115.792339301390385, 31.127621906829443 ], [ 115.795844469861891, 31.135942233030139 ], [ 115.800281520868666, 31.143926827720342 ], [ 115.80560790603694, 31.151498706863599 ], [ 115.811772467219953, 31.158584847045628 ], [ 115.841679991122845, 31.189643130976076 ] ], [ [ 116.91635999664193, 30.915705648994866 ], [ 116.916341579211036, 30.915688850523949 ], [ 116.852062662018909, 30.862499339571347 ], [ 116.850473168728143, 30.861210133956856 ], [ 116.76835889674588, 30.795916124778181 ], [ 116.698427120174131, 30.723254980657277 ], [ 116.696627794493153, 30.721433247380773 ], [ 116.606604186169704, 30.632586976677199 ], [ 116.572276834661437, 30.596539589467003 ], [ 116.629210123747427, 30.615666152280813 ], [ 116.665576123792079, 30.634877144237926 ], [ 116.70922588276197, 30.670665090238884 ], [ 116.789973493236275, 30.737835496684124 ], [ 116.854472029982659, 30.80527688032716 ], [ 116.862126932776505, 30.815667083100124 ], [ 116.894799317817061, 30.860021222357052 ], [ 116.914897843945297, 30.894069072951947 ], [ 116.919796617685506, 30.90147567113134 ], [ 116.94846437833867, 30.940396197163874 ], [ 116.922748359585626, 30.920990759821283 ], [ 116.916380226127629, 30.915720819076824 ], [ 116.91635999664193, 30.915705648994866 ] ], [ [ 116.993965402684964, 30.667918981565101 ], [ 117.052504214199743, 30.701880459895545 ], [ 117.056668365104628, 30.704172884234392 ], [ 117.139916447547463, 30.747596497851927 ], [ 117.146632943395247, 30.751100040359351 ], [ 117.21713548233474, 30.792635406656185 ], [ 117.302423989032121, 30.855502613267916 ], [ 117.308845645401306, 30.859867925980968 ], [ 117.315643605811658, 30.863786654575556 ], [ 117.376261609792579, 30.895817987369849 ], [ 117.378444724655168, 30.903760786208679 ], [ 117.381780114028828, 30.912131956330928 ], [ 117.648289649716958, 31.483611772108265 ], [ 117.65261023707798, 31.491650455418451 ], [ 117.657830327036322, 31.499287311591274 ], [ 117.663899783196001, 31.506448686428456 ], [ 117.670760237686807, 31.513065496011389 ], [ 117.678345649961159, 31.519073896486287 ], [ 117.686582941605863, 31.52441590356397 ], [ 117.695392701105064, 31.529039955588008 ], [ 117.704689951734451, 31.532901414566957 ], [ 117.714384975074395, 31.535963000170682 ], [ 117.724384182013978, 31.538195152349761 ], [ 117.731880335098083, 31.539209598513693 ], [ 117.694451598106056, 31.562608115323041 ], [ 117.630087045921485, 31.601843284909467 ], [ 117.62576356477463, 31.604622168795828 ], [ 117.600095738242047, 31.622012331634529 ], [ 117.599911710711112, 31.62170019370949 ], [ 117.505540048360203, 31.477401765658144 ], [ 117.448094838597285, 31.340235021532358 ], [ 117.444709967141918, 31.333110742964436 ], [ 117.440630556965061, 31.326259879032037 ], [ 117.435886403031361, 31.31973222230917 ], [ 117.388548190907713, 31.260341762424453 ], [ 117.351847156267269, 31.202744360398068 ], [ 117.348800951608851, 31.198270385188742 ], [ 117.288999391702049, 31.115869848135425 ], [ 117.255105396775747, 31.038925654489027 ], [ 117.251705292436114, 31.032069081694384 ], [ 117.247659715209977, 31.02547761034581 ], [ 117.187972920525411, 30.937157010976382 ], [ 117.185181137920324, 30.933253032872372 ], [ 117.15884537918609, 30.898422038705625 ], [ 117.139216403008589, 30.863909963617022 ], [ 117.133503127997372, 30.855134847531367 ], [ 117.098891588404683, 30.80826958954605 ], [ 117.078723982044025, 30.774212591976774 ], [ 117.073767487030935, 30.766741431569507 ], [ 117.038351559803672, 30.718783122588164 ], [ 117.038340022952809, 30.718769063492577 ], [ 117.038330130052259, 30.718754098373896 ], [ 117.027161962279351, 30.703631557234278 ], [ 117.019529532712241, 30.694585218154533 ], [ 116.993965402684964, 30.667918981565101 ] ], [ [ 116.571662656088563, 31.279407969355368 ], [ 116.537853908899848, 31.293933975133903 ], [ 116.532655746490065, 31.296325124467856 ], [ 116.48611407556956, 31.319185174746259 ], [ 116.44902189301564, 31.333044591932197 ], [ 116.438463697722256, 31.337609420531166 ], [ 116.364887405735246, 31.373971220812379 ], [ 116.361071597309163, 31.375948648740167 ], [ 116.359932512252982, 31.376567562355085 ], [ 116.35436491796527, 31.372529284693908 ], [ 116.348592306498148, 31.368290613329815 ], [ 116.379453475982999, 31.346139085692961 ], [ 116.447154964496647, 31.321190997015858 ], [ 116.560103817094117, 31.28235030461969 ], [ 116.571662656088563, 31.279407969355368 ] ], [ [ 117.847393244398148, 31.473221872625349 ], [ 117.848886451241341, 31.468288182831401 ], [ 117.850486755723693, 31.459545050603861 ], [ 117.851079419613768, 31.450709554249293 ], [ 117.850659018684041, 31.441866793172149 ], [ 117.849981171727237, 31.437709779773108 ], [ 117.855079688467427, 31.442273337322654 ], [ 117.889017230096059, 31.469793596122354 ], [ 117.883874182276003, 31.469332793309036 ], [ 117.873548846912527, 31.46927922546794 ], [ 117.86326695370758, 31.470092528604049 ], [ 117.85312724444519, 31.471764897187388 ], [ 117.847393244398148, 31.473221872625349 ] ], [ [ 118.353911261830703, 31.904388663083449 ], [ 118.384910626336904, 31.92505987876828 ], [ 118.439637133664547, 31.971603686115202 ], [ 118.445234276292922, 31.976028326922226 ], [ 118.461265041542219, 31.987809391583983 ], [ 118.426763851115425, 31.976429044267917 ], [ 118.424456751114633, 31.973604323700556 ], [ 118.417720037619816, 31.966872945556567 ], [ 118.410242753981692, 31.960736403368333 ], [ 118.246606071933314, 31.838763960548178 ], [ 118.236159492534824, 31.831892760259052 ], [ 118.111383514144151, 31.759822294185398 ], [ 118.109727570920327, 31.75888352721994 ], [ 117.999465855527802, 31.697554028726444 ], [ 117.999068916145049, 31.697295404054934 ], [ 117.997435525962246, 31.69622385698429 ], [ 117.995805067777937, 31.695146884168061 ], [ 117.994177609325106, 31.69406452668235 ], [ 117.99255317311183, 31.692976795145274 ], [ 117.990931747049473, 31.691883677765933 ], [ 117.989313361399624, 31.690785191954351 ], [ 117.987698047469109, 31.689681354573807 ], [ 117.986085795031684, 31.688572154954979 ], [ 117.98447662989733, 31.687457607851595 ], [ 117.982870591928545, 31.686337736809158 ], [ 117.981267676336259, 31.685212534347084 ], [ 117.979667894480414, 31.68408200544723 ], [ 117.978071295732349, 31.682946181284105 ], [ 117.976477886577129, 31.681805061803402 ], [ 117.97488766057505, 31.68065863931113 ], [ 117.973300664210868, 31.67950694380627 ], [ 117.97171690277392, 31.678349974513722 ], [ 117.970136372047534, 31.677187725437978 ], [ 117.968559131260108, 31.676020236776605 ], [ 117.966985191286327, 31.674847511403271 ], [ 117.965414530887784, 31.673669530567206 ], [ 117.963847217798474, 31.672486341912762 ], [ 117.962283251573282, 31.671297939433575 ], [ 117.960722612579488, 31.670104306065081 ], [ 117.959165373967352, 31.668905494108838 ], [ 117.957611538703404, 31.667701500601954 ], [ 117.956061106387665, 31.666492322509967 ], [ 117.954514084804686, 31.665277961525117 ], [ 117.952970537333726, 31.664058465226088 ], [ 117.951430453752053, 31.662833818554777 ], [ 117.949893840891463, 31.661604026544257 ], [ 117.948360741361185, 31.6603691167007 ], [ 117.946831148165515, 31.659129081537589 ], [ 117.945305100740001, 31.657883947954886 ], [ 117.943782601094739, 31.656633714422743 ], [ 117.942263680004331, 31.655378402003144 ], [ 117.9407483528949, 31.654118019605022 ], [ 117.939236610244194, 31.652852555094512 ], [ 117.937728494197955, 31.651582041457029 ], [ 117.936224039984296, 31.65030650275882 ], [ 117.934723232749874, 31.649025923085912 ], [ 117.933226100129303, 31.647740322374137 ], [ 117.931732663588789, 31.646449714910673 ], [ 117.930242920496042, 31.64515409460261 ], [ 117.928756913409586, 31.643853495576266 ], [ 117.927274672496964, 31.642547938882831 ], [ 117.925802093617392, 31.641242647077888 ], [ 117.940350641179094, 31.632117317032193 ], [ 117.94838132353317, 31.62654026274874 ], [ 117.955733467641679, 31.620316138403354 ], [ 117.962336272189418, 31.613505007076885 ], [ 117.968126208477656, 31.60617258179251 ], [ 117.973047629866642, 31.598389588105054 ], [ 117.977053303236929, 31.590231078728394 ], [ 117.980104857530733, 31.58177570696548 ], [ 117.982173145303832, 31.573104966082632 ], [ 117.983238514117957, 31.564302402073327 ], [ 117.983290985526267, 31.55545280748359 ], [ 117.982377052212442, 31.547069907048577 ], [ 118.005018582795614, 31.568213375812856 ], [ 118.073038500246227, 31.642877599011712 ], [ 118.075557765255297, 31.645534398649282 ], [ 118.23170271109349, 31.803584679039353 ], [ 118.235065954385817, 31.806820025583374 ], [ 118.318474361777376, 31.883184065345375 ], [ 118.325913275105151, 31.889349352123755 ], [ 118.334025597215984, 31.894862302986798 ], [ 118.342733128131627, 31.899669707438605 ], [ 118.351951881968162, 31.903725158880675 ], [ 118.353911261830703, 31.904388663083449 ] ], [ [ 117.463235934666031, 31.899263643298475 ], [ 117.475777822271539, 31.916160296963703 ], [ 117.476235412660927, 31.917008144753105 ], [ 117.432833727052639, 31.913247094796887 ], [ 117.446840416510852, 31.906307570841879 ], [ 117.463235934666031, 31.899263643298475 ] ] ], [ [ [ 115.782597387570931, 34.020296529491567 ], [ 115.791350649318147, 34.013550549403661 ], [ 115.85618499315936, 33.957694081177735 ], [ 115.863944563575245, 33.950222175676345 ], [ 115.936490181957623, 33.871986779505598 ], [ 116.015807088159903, 33.793464384378915 ], [ 116.136644751326642, 33.68935475446542 ], [ 116.139912333059883, 33.686405453592378 ], [ 116.233868743946474, 33.597580108958546 ], [ 116.266705941365601, 33.569289840342378 ], [ 116.341117218877102, 33.512908937520784 ], [ 116.461385786469791, 33.422637723559987 ], [ 116.466627524189207, 33.418419949284022 ], [ 116.50319026328151, 33.38692289989735 ], [ 116.647740675161728, 33.299867003526465 ], [ 116.753384324001431, 33.243078394848474 ], [ 116.818517189896269, 33.208067342770377 ], [ 116.819454704628697, 33.207557139489346 ], [ 116.935608680957202, 33.143519287345825 ], [ 117.076486929818486, 33.081774645725034 ], [ 117.086772415621127, 33.112190069826077 ], [ 117.088084257195732, 33.11578182144833 ], [ 117.118506914143694, 33.193212580678441 ], [ 117.123026556844053, 33.202818671286956 ], [ 117.164670889317975, 33.278281566379206 ], [ 117.197047961880997, 33.357089556779975 ], [ 117.210167662109086, 33.467755214665289 ], [ 117.211073035264903, 33.473500392308821 ], [ 117.233643189745848, 33.588028222641526 ], [ 117.235907866893982, 33.596776259417389 ], [ 117.239198491774715, 33.605293161726301 ], [ 117.309907711269474, 33.761049939525599 ], [ 117.328810751880567, 33.80584408633942 ], [ 117.3565965819882, 33.871688912274074 ], [ 117.362251924400226, 33.882687160328594 ], [ 117.392799013822611, 33.93261003023833 ], [ 117.393626680023061, 33.933934539902587 ], [ 117.460308342237937, 34.038371310384349 ], [ 117.465756468390609, 34.045967303651935 ], [ 117.472073782923232, 34.053081858844486 ], [ 117.479199538911516, 34.059646330891198 ], [ 117.487065141255883, 34.065597367598599 ], [ 117.49559480606996, 34.070877524893284 ], [ 117.504706291767192, 34.075435825159978 ], [ 117.514311694760096, 34.079228253097689 ], [ 117.524318301972087, 34.082218184126546 ], [ 117.534629491722882, 34.08437674104195 ], [ 117.545145674001375, 34.085683075326692 ], [ 117.555765260692695, 34.086124570284916 ], [ 117.566385655981918, 34.085696963949111 ], [ 117.576904256925772, 34.08440439052076 ], [ 117.587219454067622, 34.082259339929919 ], [ 117.597231621971133, 34.079282535927938 ], [ 117.606844089666865, 34.075502733950856 ], [ 117.615964081235063, 34.07095644080146 ], [ 117.624503617096309, 34.065687558982475 ], [ 117.632380367026727, 34.059746959267187 ], [ 117.63951844646374, 34.053191985804915 ], [ 117.645849148304464, 34.046085898722829 ], [ 117.651311603116355, 34.038497259792315 ], [ 117.655853361464764, 34.030499267274891 ], [ 117.659430892905604, 34.022169046541578 ], [ 117.662009997080986, 34.013586903468351 ], [ 117.663566123278486, 34.004835547944779 ], [ 117.664084595760428, 33.995999295090918 ], [ 117.663560743124705, 33.987163251958954 ], [ 117.661999930914746, 33.978412497598207 ], [ 117.659417497642025, 33.969831264388361 ], [ 117.655838595307927, 33.961502128494807 ], [ 117.651297936409975, 33.953505217175419 ], [ 117.584873719329963, 33.849830855100258 ], [ 117.557928977447958, 33.805957271394348 ], [ 117.532400016293693, 33.745792207472775 ], [ 117.51294182168678, 33.699937289535114 ], [ 117.51203308876859, 33.697874685164045 ], [ 117.444369661322497, 33.549601698099984 ], [ 117.423867966834479, 33.446834352433804 ], [ 117.409559783761409, 33.328566899254874 ], [ 117.407572951068516, 33.31819003411794 ], [ 117.404161927505612, 33.308077680002256 ], [ 117.365695746352174, 33.214977175488919 ], [ 117.361570571386167, 33.206422238876073 ], [ 117.320069334450636, 33.131525464300005 ], [ 117.292134166000125, 33.060836592994534 ], [ 117.267534577822005, 32.988549782119712 ], [ 117.266002057533612, 32.984419321642349 ], [ 117.235491938297358, 32.908550892975128 ], [ 117.18446589851645, 32.757438598133383 ], [ 117.170395970458699, 32.708698019537742 ], [ 117.167420015261484, 32.700214243475934 ], [ 117.16347555060031, 32.692017820375519 ], [ 117.158600779281187, 32.684187597629276 ], [ 117.152842817881705, 32.676798880248164 ], [ 117.146257236549218, 32.669922709646414 ], [ 117.138907519385725, 32.663625183923322 ], [ 117.130864450778944, 32.65796682601728 ], [ 117.122205433671738, 32.653002005637646 ], [ 117.113013746330864, 32.648778420359427 ], [ 117.103377744684224, 32.645336640700627 ], [ 117.093390017741257, 32.642709723396422 ], [ 117.083146503985603, 32.640922896444813 ], [ 117.07274557694339, 32.639993318829795 ], [ 117.062287108371663, 32.639929917135298 ], [ 117.051871517689307, 32.64073330055438 ], [ 117.041598816378695, 32.642395755075214 ], [ 117.037011787624508, 32.643541610228937 ], [ 116.992995230891282, 32.54173287616171 ], [ 116.989641116556314, 32.53485806245736 ], [ 116.911411973133283, 32.391298846612393 ], [ 116.906582225301818, 32.383455411367969 ], [ 116.900870588175124, 32.376051178598757 ], [ 116.894332187329539, 32.369157341372933 ], [ 116.88703005509727, 32.362840169825361 ], [ 116.879034521147929, 32.357160377582481 ], [ 116.870422535000287, 32.352172541801067 ], [ 116.861276926990456, 32.34792458222622 ], [ 116.851685614731679, 32.34445730410949 ], [ 116.84174076254719, 32.341804009222798 ], [ 116.831537901735373, 32.339990178564776 ], [ 116.821175019840965, 32.339033229686684 ], [ 116.810751627349788, 32.338942350873644 ], [ 116.800367810403415, 32.339718413705974 ], [ 116.790123278237786, 32.34135396480373 ], [ 116.780116414092461, 32.343833296828528 ], [ 116.770443338307288, 32.347132598088152 ], [ 116.761196992230893, 32.351220179365008 ], [ 116.752466251397294, 32.356056775877221 ], [ 116.744335076198084, 32.361595921584865 ], [ 116.736881707977432, 32.367784392380507 ], [ 116.730177918110627, 32.374562714057561 ], [ 116.724288317195374, 32.381865730338689 ], [ 116.719269730989154, 32.389623225673084 ], [ 116.715170649166524, 32.397760596983517 ], [ 116.712030752351637, 32.406199568064615 ], [ 116.709880522202099, 32.414858939909053 ], [ 116.708740938593465, 32.423655369871796 ], [ 116.708623267168448, 32.432504172279657 ], [ 116.709528939694081, 32.441320132856362 ], [ 116.711449528803783, 32.450018329167101 ], [ 116.714366817809136, 32.458514949193365 ], [ 116.718252965346011, 32.466728100129934 ], [ 116.794400562667377, 32.607023286312881 ], [ 116.795142174147159, 32.608749381965602 ], [ 116.757576497205648, 32.619513697496366 ], [ 116.709395920891382, 32.627546403903928 ], [ 116.640924842996341, 32.62249448067093 ], [ 116.630076618931355, 32.622160354103578 ], [ 116.619244442267203, 32.622761110922255 ], [ 116.608540408869189, 32.624290531552468 ], [ 116.503209495477464, 32.644003680030835 ], [ 116.411049274774513, 32.654517553622668 ], [ 116.403044770170311, 32.655691667080482 ], [ 116.249458168078533, 32.683249775992991 ], [ 116.239959748240892, 32.685337731986408 ], [ 116.230728052295063, 32.688154733377623 ], [ 116.221841101495642, 32.691676976361023 ], [ 116.127677606949831, 32.733510234542841 ], [ 116.059621385833651, 32.756912643282256 ], [ 116.050125707802408, 32.760642606025584 ], [ 116.041107566952761, 32.765140364004623 ], [ 116.032653660362143, 32.770362709045358 ], [ 116.0248453051383, 32.776259465602251 ], [ 116.024673635341387, 32.776417269621675 ], [ 116.024671548303914, 32.776417587189286 ], [ 115.983728576293686, 32.781887231072339 ], [ 115.950221034575648, 32.779116175334146 ], [ 115.934411389027005, 32.776159141259228 ], [ 115.924985670733903, 32.743425348171684 ], [ 115.924870461801049, 32.743029010843301 ], [ 115.908098551636556, 32.685853277961613 ], [ 115.905163344978561, 32.677565085983844 ], [ 115.896950167418083, 32.657860297752805 ], [ 115.882630715598395, 32.599575514086389 ], [ 115.873702754623665, 32.527802396408767 ], [ 115.873061634168437, 32.523596711625395 ], [ 115.867691522046727, 32.493877340412666 ], [ 115.865607322877779, 32.485207334285967 ], [ 115.862530985053056, 32.476752154515303 ], [ 115.858492386935836, 32.46859316424537 ], [ 115.853530637391287, 32.460808854592472 ], [ 115.847693690964519, 32.453474091991943 ], [ 115.841037879595191, 32.446659401067734 ], [ 115.833627365622405, 32.440430289781617 ], [ 115.825533521509414, 32.434846623194893 ], [ 115.816834242349486, 32.42996205169721 ], [ 115.807613197771445, 32.42582349902851 ], [ 115.797959030367622, 32.422470714846966 ], [ 115.787964508200318, 32.419935895983699 ], [ 115.777725639311399, 32.418243379879264 ], [ 115.767340756461365, 32.417409413022447 ], [ 115.756909580558286, 32.417441996515699 ], [ 115.746532271400326, 32.418340810178933 ], [ 115.736308474455583, 32.420097215878478 ], [ 115.726336372426942, 32.42269434004006 ], [ 115.716711750315014, 32.426107234576087 ], [ 115.707527082578039, 32.430303114735942 ], [ 115.698870650818037, 32.435241671678412 ], [ 115.690825700172667, 32.4408754568747 ], [ 115.683469642286227, 32.447150334781803 ], [ 115.676873312354999, 32.454005999588126 ], [ 115.671100287298572, 32.461376551228781 ], [ 115.666206271607194, 32.469191125303446 ], [ 115.662238556843704, 32.477374571011048 ], [ 115.659235560153604, 32.485848170745484 ], [ 115.657226446453294, 32.49453039458205 ], [ 115.65623083822878, 32.503337682528432 ], [ 115.656258616093083, 32.512185247121536 ], [ 115.657309812419669, 32.5209878887256 ], [ 115.66223752847651, 32.548617459790151 ], [ 115.671287984611268, 32.622776468761344 ], [ 115.672909544262836, 32.631677325288585 ], [ 115.689613196601414, 32.700318173269224 ], [ 115.693418428125142, 32.711941749480104 ], [ 115.702261269297608, 32.733275483504677 ], [ 115.717626318033979, 32.786071959686701 ], [ 115.744254548755123, 32.879241275207313 ], [ 115.756979730801305, 32.934434229441358 ], [ 115.759713054376604, 32.943656737875095 ], [ 115.782116597657179, 33.005192527143286 ], [ 115.789413166470254, 33.07581547446506 ], [ 115.79093631195812, 33.085021171327931 ], [ 115.793577683891769, 33.094045870712634 ], [ 115.815763306107357, 33.155870487352722 ], [ 115.820986852082456, 33.167465647445148 ], [ 115.857389189203204, 33.233984538573402 ], [ 115.859078832039813, 33.236927779458746 ], [ 115.901821940476481, 33.307993368530347 ], [ 115.942317554298484, 33.421897427749123 ], [ 115.977043490069178, 33.568040128892122 ], [ 115.85843946790547, 33.670064899521186 ], [ 115.853326609172399, 33.674776708049663 ], [ 115.770015404699308, 33.757105373671848 ], [ 115.767092709178769, 33.760118757621889 ], [ 115.696704332448448, 33.835877931928266 ], [ 115.640148135184518, 33.884531313075385 ], [ 115.55205274619081, 33.945123114705815 ], [ 115.544203408495576, 33.951076901908401 ], [ 115.53709100933311, 33.957642738161397 ], [ 115.530784067381646, 33.964757523133642 ], [ 115.525343406473894, 33.972352866368567 ], [ 115.5208215666661, 33.980355740985871 ], [ 115.51726229282373, 33.988689182344515 ], [ 115.514700105848831, 33.997273025115959 ], [ 115.513159960958987, 34.006024671829266 ], [ 115.512656996658237, 34.014859885622378 ], [ 115.513196377222215, 34.023693599671923 ], [ 115.51477323066338, 34.032440735579414 ], [ 115.517372683243281, 34.041017022868637 ], [ 115.520969990678367, 34.049339811700278 ], [ 115.525530765241612, 34.05732887093626 ], [ 115.531011297007751, 34.064907163789769 ], [ 115.537358966537056, 34.072001593478866 ], [ 115.544512745348044, 34.078543711558979 ], [ 115.552403779609222, 34.084470381945145 ], [ 115.560956051590992, 34.089724394041774 ], [ 115.570087112577411, 34.094255018877718 ], [ 115.579708880152637, 34.098018502688824 ], [ 115.589728492061894, 34.100978492997903 ], [ 115.600049208208404, 34.103106392903754 ], [ 115.610571351804495, 34.104381640002686 ], [ 115.621193280242537, 34.104791907117949 ], [ 115.631812375911025, 34.104333222797514 ], [ 115.642326046946792, 34.103010010349756 ], [ 115.652632727799258, 34.100835045010491 ], [ 115.6626328694786, 34.0978293296629 ], [ 115.672229909480336, 34.094021890357425 ], [ 115.681331211607414, 34.089449493687816 ], [ 115.689848966256491, 34.08415628886744 ], [ 115.782597387570931, 34.020296529491567 ] ], [ [ 117.013402608015184, 32.909049572599244 ], [ 117.009296998989015, 32.909877862641324 ], [ 116.999382309602694, 32.912769259611544 ], [ 116.98985059370024, 32.916465711817295 ], [ 116.832082696348095, 32.985588339691951 ], [ 116.822723968699236, 32.990200449114909 ], [ 116.702610138620003, 33.056380061539173 ], [ 116.63796593488361, 33.091105410350686 ], [ 116.637868942336638, 33.091157528182919 ], [ 116.529829919131714, 33.149194085438523 ], [ 116.525005190190583, 33.151939752766033 ], [ 116.370452176538024, 33.244938829419105 ], [ 116.362970871398545, 33.24986534463747 ], [ 116.356036925312807, 33.25532841692128 ], [ 116.315349003067809, 33.290332877772713 ], [ 116.197584395946933, 33.378618169929709 ], [ 116.197099375586419, 33.378983391997338 ], [ 116.158342682176169, 33.408329471097204 ], [ 116.15212560757648, 33.382392954172829 ], [ 116.14968106547046, 33.374198631255886 ], [ 116.104728903111891, 33.248589962001176 ], [ 116.101574234544472, 33.241006016805748 ], [ 116.09762924174629, 33.233688050704508 ], [ 116.051305169279914, 33.156958114219336 ], [ 116.01869715648354, 33.097617898589199 ], [ 116.001750995730205, 33.050701369566433 ], [ 115.994263298947814, 32.979870043295747 ], [ 115.992671338919507, 32.9704546713604 ], [ 115.990372284168402, 32.962771278609672 ], [ 115.994604324186255, 32.962665483654945 ], [ 116.003600076513479, 32.961794124147794 ], [ 116.05923376002066, 32.954366810909455 ], [ 116.061465887778127, 32.95404781114987 ], [ 116.121087837088865, 32.944962894093024 ], [ 116.131309278572147, 32.942961127368079 ], [ 116.141248227530951, 32.940123418590801 ], [ 116.150808719221317, 32.936477170038103 ], [ 116.159898474018803, 32.932057589680319 ], [ 116.168429794097051, 32.926907348510426 ], [ 116.176320414098271, 32.921076165406035 ], [ 116.183494297369549, 32.914620323686869 ], [ 116.189882369944499, 32.90760212420475 ], [ 116.190643190881261, 32.906570611666076 ], [ 116.213085496638485, 32.8988453584588 ], [ 116.222443117526467, 32.895168319720028 ], [ 116.308169024473614, 32.857078148830034 ], [ 116.443536348321828, 32.832784933484405 ], [ 116.536219954057259, 32.822209962538814 ], [ 116.544912941911889, 32.820903415824148 ], [ 116.638696159420121, 32.803360252909854 ], [ 116.705955802101059, 32.808315044492041 ], [ 116.715943188028547, 32.808651086177811 ], [ 116.725923971714749, 32.808196183969123 ], [ 116.735810427100418, 32.806954334689266 ], [ 116.80579304521288, 32.795289279865564 ], [ 116.819349666779331, 32.792230731424254 ], [ 116.884743740922588, 32.773484555706666 ], [ 116.885399725049254, 32.773933810345603 ], [ 116.894144218907286, 32.778805303313611 ], [ 116.903412701914263, 32.782928588113293 ], [ 116.913115742093538, 32.786263850264447 ], [ 116.92315967651902, 32.788778880337439 ], [ 116.933447521726805, 32.790449387607318 ], [ 116.943879917569774, 32.791259236693818 ], [ 116.954356095041533, 32.791200604801112 ], [ 116.964774858322727, 32.790274057970414 ], [ 116.973781650455578, 32.78870679484902 ], [ 116.977502596866245, 32.801695080905404 ], [ 116.978534114280691, 32.805016952589988 ], [ 117.013402608015184, 32.909049572599244 ] ] ] ] } },
{ "type": "Feature", "properties": { "distance_km": 30 }, "geometry": { "type": "Polygon", "coordinates": [ [ [ 115.308875006432487, 31.774907624534777 ], [ 115.30929231224043, 31.780104895517496 ], [ 115.314448147423533, 31.806279700671173 ], [ 115.32258680623562, 31.831896459028282 ], [ 115.333632220624608, 31.856707988256076 ], [ 115.347480049046197, 31.880474673872154 ], [ 115.36399860130328, 31.902966801932696 ], [ 115.383030040366421, 31.923966802899582 ], [ 115.40439185234159, 31.943271383882013 ], [ 115.427878572545765, 31.960693527289976 ], [ 115.453263752464551, 31.976064335045759 ], [ 115.480302149253347, 31.98923469887503 ], [ 115.508732116473098, 32.000076778831527 ], [ 115.538278171986121, 32.008485274089907 ], [ 115.56865371643427, 32.014378472149005 ], [ 115.599563873550807, 32.01769906489983 ], [ 115.630708421761867, 32.018414722499358 ], [ 115.661784785166162, 32.016518418618659 ], [ 115.671582965647644, 32.01508657451479 ], [ 115.664958500930609, 32.022461845789316 ], [ 115.648534753516856, 32.045020447532238 ], [ 115.634778252432071, 32.068839801921186 ], [ 115.623823012470226, 32.093691433131667 ], [ 115.615776461554589, 32.119336788210937 ], [ 115.610718334238385, 32.145529503909891 ], [ 115.608699819274378, 32.172017754861301 ], [ 115.609742972571823, 32.198546661494873 ], [ 115.61384040471286, 32.224860735248491 ], [ 115.620955249840534, 32.250706337982017 ], [ 115.625925658545142, 32.263115530363372 ], [ 115.62534547067888, 32.263321148832951 ], [ 115.597827234894822, 32.275888050181493 ], [ 115.57188319076117, 32.29068032767745 ], [ 115.547762098362355, 32.307556520599285 ], [ 115.525695651642565, 32.326355176245933 ], [ 115.505896271365685, 32.346896364510187 ], [ 115.488555064462574, 32.368983368787028 ], [ 115.473839969090307, 32.392404538475688 ], [ 115.461894103656718, 32.416935286802328 ], [ 115.452834336813112, 32.44234021626 ], [ 115.446750093983098, 32.468375352643939 ], [ 115.443702414347953, 32.494790467469791 ], [ 115.443723270363108, 32.521331467513029 ], [ 115.446815159801488, 32.547742829316135 ], [ 115.450940671799302, 32.571183814576003 ], [ 115.459312478488371, 32.641133223722022 ], [ 115.464115451143769, 32.667842078009024 ], [ 115.480663784588131, 32.736505993856234 ], [ 115.492004195960902, 32.771393072360233 ], [ 115.497431682475977, 32.784560645035995 ], [ 115.510137161935518, 32.828568146850863 ], [ 115.535329426831623, 32.91744659474314 ], [ 115.547022104988812, 32.968687022817832 ], [ 115.555160467886111, 32.996366359818751 ], [ 115.570820725976972, 33.039666267580124 ], [ 115.576028157605677, 33.091267151922615 ], [ 115.580532036366776, 33.118890227172521 ], [ 115.588395294721494, 33.145975819813231 ], [ 115.610447362433874, 33.207833180653665 ], [ 115.626048412192361, 33.242641821643211 ], [ 115.662330280110695, 33.309214157309903 ], [ 115.667383722544045, 33.318051298568932 ], [ 115.701374298710306, 33.374784336260085 ], [ 115.733303753350825, 33.465190833532041 ], [ 115.743865852561086, 33.51014411302279 ], [ 115.704177679489149, 33.544195352786232 ], [ 115.688835839071501, 33.558311177042057 ], [ 115.605487759689794, 33.640529398500789 ], [ 115.596714501964314, 33.649557676008044 ], [ 115.533550001784093, 33.717412061802243 ], [ 115.493552241363233, 33.751771303264064 ], [ 115.41470157948244, 33.80594476732859 ], [ 115.391162131415797, 33.823778922067078 ], [ 115.369820428644701, 33.843448862714375 ], [ 115.350882177882042, 33.86476633769685 ], [ 115.334530493775191, 33.887527201897221 ], [ 115.320924109661092, 33.911513338738153 ], [ 115.310195802964373, 33.936494719211112 ], [ 115.302451051960034, 33.96223157961154 ], [ 115.297766939113146, 33.988476698473853 ], [ 115.296191314481447, 34.014977752061668 ], [ 115.297742230713339, 34.041479726776323 ], [ 115.302407658989353, 34.067727366016619 ], [ 115.310145492838714, 34.093467628371606 ], [ 115.320883844121994, 34.118452133573953 ], [ 115.334521632621474, 34.142439572402651 ], [ 115.350929467645997, 34.165198056715312 ], [ 115.369950816867942, 34.18650738602841 ], [ 115.391403454310307, 34.206161207561003 ], [ 115.415081176041454, 34.223969047422401 ], [ 115.440755768765385, 34.239758191662887 ], [ 115.46817921319105, 34.253375397218917 ], [ 115.497086100881035, 34.264688414364969 ], [ 115.527196240294671, 34.273587304122451 ], [ 115.558217425022463, 34.279985536154925 ], [ 115.589848334820118, 34.283820854973712 ], [ 115.621781538053042, 34.285055904760881 ], [ 115.653706562614232, 34.283678605752684 ], [ 115.685313001308444, 34.27970227787565 ], [ 115.71629361714929, 34.27316551014934 ], [ 115.746347413990847, 34.264131777217756 ], [ 115.775182638432113, 34.252688807201487 ], [ 115.802519679956475, 34.238947707828721 ], [ 115.828093837794171, 34.223041860463454 ], [ 115.92089630054241, 34.159080045110784 ], [ 115.947163683476589, 34.138811209558831 ], [ 116.011995749513929, 34.08287353386703 ], [ 116.035265252104793, 34.060427075660236 ], [ 116.104911833568195, 33.98516464088874 ], [ 116.176282589531539, 33.914380957380907 ], [ 116.291804460642922, 33.814695636236706 ], [ 116.301605361991122, 33.805835294557774 ], [ 116.392158503924151, 33.72008542955578 ], [ 116.416573983848323, 33.699020000631116 ], [ 116.485336607798445, 33.646852843461694 ], [ 116.605158771980882, 33.556809400832066 ], [ 116.620886245628071, 33.544137448502212 ], [ 116.644126342954024, 33.524091529267025 ], [ 116.768517661768627, 33.449104369889817 ], [ 116.869250297316256, 33.394915923169471 ], [ 116.934353065726256, 33.359897449552314 ], [ 116.937168442946614, 33.358364240058556 ], [ 116.964007824788666, 33.343574741791265 ], [ 116.965139789450333, 33.345632732167481 ], [ 116.985616092827101, 33.395763032161973 ], [ 116.996028097300012, 33.485422451283149 ], [ 116.998702727626792, 33.502662636786468 ], [ 117.021000284275061, 33.617229012175166 ], [ 117.027733581991043, 33.643484610358094 ], [ 117.037551340870209, 33.669051534800651 ], [ 117.107018730877783, 33.822866544020108 ], [ 117.124943004284845, 33.865579413084795 ], [ 117.152576291573098, 33.931432438083768 ], [ 117.169480196211694, 33.9644543740812 ], [ 117.19994453098019, 34.014424781026285 ], [ 117.202421065471995, 34.018402160658788 ], [ 117.268936061350004, 34.12294209421129 ], [ 117.285248762689449, 34.145754655255473 ], [ 117.304181293075573, 34.16712494691204 ], [ 117.325552184792599, 34.186846004073587 ], [ 117.349155920682662, 34.204726697911063 ], [ 117.374764899997217, 34.220593623515619 ], [ 117.402131639727685, 34.234292817087443 ], [ 117.430991189985704, 34.24569128423957 ], [ 117.461063739017661, 34.254678322852243 ], [ 117.492057380728795, 34.261166626021222 ], [ 117.523671015215243, 34.26509315296326 ], [ 117.555597350828322, 34.266419758247579 ], [ 117.587525974767004, 34.265133572374346 ], [ 117.61914645815628, 34.26124712948365 ], [ 117.650151461048779, 34.254798240804583 ], [ 117.680239802796521, 34.245849615303293 ], [ 117.709119463779302, 34.234488231811405 ], [ 117.736510485533699, 34.220824469671051 ], [ 117.762147737868048, 34.204991007575046 ], [ 117.78403664869721, 34.188461135686453 ], [ 117.789843130986043, 34.19942234283856 ], [ 117.805519646262084, 34.222545841083551 ], [ 117.823858113401442, 34.244278684066664 ], [ 117.844682890084684, 34.264410420117294 ], [ 117.867793825406281, 34.282745964357687 ], [ 117.892968169842007, 34.299107524416321 ], [ 117.919962725681202, 34.313336360090567 ], [ 117.948516217158428, 34.325294358113275 ], [ 117.978351856470766, 34.334865404996521 ], [ 118.009180079083777, 34.34195654298766 ], [ 118.040701419269382, 34.346498896455429 ], [ 118.072609494745024, 34.34844835849561 ], [ 118.104594067653707, 34.347786030174824 ], [ 118.136344147972437, 34.344518407576146 ], [ 118.167551104805014, 34.33867731462923 ], [ 118.197911750907451, 34.330319582557422 ], [ 118.227131366225251, 34.319526479607369 ], [ 118.25492662716924, 34.306402897498693 ], [ 118.281028409802701, 34.291076303700457 ], [ 118.305184437012926, 34.273695471165091 ], [ 118.3271617420463, 34.254428999495296 ], [ 118.333079336879578, 34.248096438118715 ], [ 118.345355663905337, 34.242505001446254 ], [ 118.37172431852224, 34.227521468806884 ], [ 118.396187885951875, 34.210458595723019 ], [ 118.418510352365161, 34.191481913907509 ], [ 118.438476904834744, 34.17077538833918 ], [ 118.455895991929424, 34.148539598320944 ], [ 118.470601137876372, 34.124989760548033 ], [ 118.482452494191264, 34.10035361500681 ], [ 118.491338116031045, 34.074869195671759 ], [ 118.497174953894969, 34.048782508839871 ], [ 118.499909554635053, 34.022345142542626 ], [ 118.499518468976234, 33.995811830813594 ], [ 118.496008365847189, 33.96943799667477 ], [ 118.486608946985271, 33.920719570086142 ], [ 118.481394676888172, 33.886389559490752 ], [ 118.478054694202882, 33.868967083424934 ], [ 118.459072013791939, 33.787059792467545 ], [ 118.454884538963498, 33.771459000330196 ], [ 118.435094711598836, 33.706690537563659 ], [ 118.42138666748248, 33.636978049240831 ], [ 118.397320945044115, 33.510640719878531 ], [ 118.390557002095349, 33.467052270562903 ], [ 118.390283310626032, 33.465330759321255 ], [ 118.384615249382705, 33.430516162137231 ], [ 118.411199083782932, 33.443138828568678 ], [ 118.439908842623723, 33.453818174845978 ], [ 118.628599388311997, 33.514755993768709 ], [ 118.660768067174544, 33.53222504919075 ], [ 118.68817479298778, 33.545544421512858 ], [ 118.717015930987387, 33.556543277391732 ], [ 118.747011776053114, 33.565114856924602 ], [ 118.777871128974795, 33.571175958314456 ], [ 118.809294191486075, 33.57466776519307 ], [ 118.840975555509289, 33.575556430870961 ], [ 118.872607253739545, 33.573833413140164 ], [ 118.903881837791758, 33.569515556027298 ], [ 118.934495449741647, 33.562644917720078 ], [ 118.964150853022929, 33.553288346723647 ], [ 118.992560389289508, 33.541536811099178 ], [ 119.019448828995408, 33.527504488352783 ], [ 119.044556085063448, 33.511327626136698 ], [ 119.06763976104908, 33.493163186359034 ], [ 119.088477507620979, 33.473187287540512 ], [ 119.106869163902431, 33.451593462279156 ], [ 119.122638663190344, 33.428590748463513 ], [ 119.135635685720274, 33.404401634398525 ], [ 119.145737044407426, 33.379259879263472 ], [ 119.152847792806057, 33.353408231306432 ], [ 119.156902047823024, 33.32709606689366 ], [ 119.157863522952027, 33.300576973984491 ], [ 119.155725770905931, 33.274106303798376 ], [ 119.150512137485237, 33.247938714397527 ], [ 119.142275431295388, 33.22232572963793 ], [ 119.131097316497204, 33.197513336461995 ], [ 119.117087438126291, 33.173739642834448 ], [ 119.100382291644706, 33.151232617774518 ], [ 119.081143850294694, 33.130207933932148 ], [ 119.059557965507267, 33.110866932006815 ], [ 119.035832557098971, 33.093394725030983 ], [ 119.010195611270987, 33.077958459149492 ], [ 118.949901391562506, 33.045256597080204 ], [ 118.920888790962834, 33.031247300340439 ], [ 118.890311232542942, 33.019848565792962 ], [ 118.756990361046292, 32.97688050330153 ], [ 118.755909094920554, 32.975764640677433 ], [ 118.663789568412056, 32.892186062856311 ], [ 118.668502913503545, 32.888973196634225 ], [ 118.689286835169156, 32.871966237564962 ], [ 118.73029033472325, 32.835207444559551 ], [ 118.768809418648317, 32.804074953271162 ], [ 118.775605515464065, 32.79841226489696 ], [ 118.825921662749849, 32.755184196786004 ], [ 118.846805637912965, 32.735366411982149 ], [ 118.86528163224321, 32.713911510085126 ], [ 118.88117267195895, 32.691027172276087 ], [ 118.89432715972022, 32.666934736505247 ], [ 118.904620276866837, 32.641867029392579 ], [ 118.911955111566769, 32.616066093423846 ], [ 118.916263505041613, 32.589780832476961 ], [ 118.916315610156531, 32.588669538529054 ], [ 118.927998306960788, 32.585665206886667 ], [ 118.956948414183046, 32.575496225269944 ], [ 118.984574207592203, 32.562967740366645 ], [ 119.010608237311729, 32.548201416004119 ], [ 119.034798869740101, 32.531340554288832 ], [ 119.056912745445132, 32.512548672373313 ], [ 119.076737040406812, 32.492007882985668 ], [ 119.094081508399384, 32.469917096121492 ], [ 119.108780285267969, 32.446490060992552 ], [ 119.120693438974499, 32.421953268764405 ], [ 119.12970825250008, 32.396543737786082 ], [ 119.135740229931528, 32.370506703918217 ], [ 119.138733819274094, 32.344093239203353 ], [ 119.138662848669441, 32.317557822501307 ], [ 119.13553067571533, 32.291155885842379 ], [ 119.129370052444386, 32.265141360146124 ], [ 119.120242711197662, 32.239764243628436 ], [ 119.108238679111352, 32.215268215689242 ], [ 119.093475331198718, 32.191888318355993 ], [ 119.076096194063098, 32.169848726469262 ], [ 119.056269514114533, 32.14936062675293 ], [ 119.034186605790879, 32.13062022472711 ], [ 119.000415588274493, 32.104624615762866 ], [ 118.897253472532427, 32.024590190119504 ], [ 118.883282948960556, 32.012195719989577 ], [ 118.843326464093721, 31.976761069458608 ], [ 118.847863475517414, 31.95395165429742 ], [ 118.850033445131345, 31.927475847705658 ], [ 118.84915010874559, 31.90094605879969 ], [ 118.846595178746696, 31.883812221010274 ], [ 118.86439958465462, 31.876713632285593 ], [ 118.891146594621077, 31.863171211752519 ], [ 118.916200856872649, 31.847451914790039 ], [ 118.939320423194957, 31.829708215677911 ], [ 118.960282489574283, 31.810112108231742 ], [ 118.978885546338958, 31.788853405772326 ], [ 118.994951302921791, 31.766137870490176 ], [ 119.008326369477103, 31.742185191915222 ], [ 119.018883680700512, 31.717226835526343 ], [ 119.026523650383012, 31.691503783594129 ], [ 119.031175048424217, 31.665264191143471 ], [ 119.032795595170796, 31.638760980454101 ], [ 119.031372271003391, 31.612249397794983 ], [ 119.026921342015868, 31.585984556124501 ], [ 119.019488105393421, 31.560218987294274 ], [ 119.009146360673, 31.535200226888691 ], [ 118.962517320497327, 31.437719641575743 ], [ 118.954366825580621, 31.422086877017652 ], [ 118.879492577280374, 31.289632232654064 ], [ 118.867077887212673, 31.269780660128269 ], [ 118.779271896068792, 31.142164202479488 ], [ 118.769324235595406, 31.1286132274412 ], [ 118.763187039652692, 31.120775025594938 ], [ 118.765994764520741, 31.121511432603107 ], [ 118.76633157118016, 31.121599587676791 ], [ 118.773001582545632, 31.123341655415278 ], [ 118.773338657088132, 31.123429503891284 ], [ 118.780010507103114, 31.125164596753471 ], [ 118.78034774060275, 31.125252109958232 ], [ 118.787021422163889, 31.126980226913801 ], [ 118.787358801807784, 31.127067401436026 ], [ 118.794034306808143, 31.128788541455176 ], [ 118.794372001647957, 31.128875420631278 ], [ 118.801049323994107, 31.130589579675739 ], [ 118.80138715221247, 31.13067611640459 ], [ 118.80806628279403, 31.132383293444871 ], [ 118.808404268854389, 31.132469493925317 ], [ 118.81508520056704, 31.134169687931529 ], [ 118.815423404623942, 31.134255567297515 ], [ 118.822106131368812, 31.135948776237111 ], [ 118.822444564755841, 31.136034337040151 ], [ 118.829129077426686, 31.137720557878612 ], [ 118.829467679973163, 31.13780578465899 ], [ 118.836153972468281, 31.139485016366731 ], [ 118.836492731542705, 31.139569905815357 ], [ 118.843180796756954, 31.141242147363016 ], [ 118.846485146892903, 31.142065767684784 ], [ 118.876514029504847, 31.148189236573586 ], [ 118.907098465952473, 31.151744379540752 ], [ 118.937941437591249, 31.152696770085335 ], [ 118.96874337368881, 31.151037262065454 ], [ 118.999205136066706, 31.146782076893931 ], [ 119.029030998102613, 31.139972637902513 ], [ 119.057931585447122, 31.130675153850301 ], [ 119.085626746406419, 31.118979956307331 ], [ 119.111848321007528, 31.10500059832227 ], [ 119.136342779261582, 31.088872724344991 ], [ 119.158873701043888, 31.070752723782803 ], [ 119.179224072262329, 31.050816182792975 ], [ 119.197198374534111, 31.029256150926106 ], [ 119.212624448381575, 31.006281241013802 ], [ 119.225355112921079, 30.982113582224144 ], [ 119.23526952809668, 30.956986647480171 ], [ 119.242274288648773, 30.931142977444885 ], [ 119.246304242136546, 30.904831824021706 ], [ 119.247323026419892, 30.87830673680687 ], [ 119.245323324992, 30.851823116168479 ], [ 119.240326841412823, 30.825635756626596 ], [ 119.232383996789821, 30.799996403983869 ], [ 119.221573356770293, 30.775151349221971 ], [ 119.208000796830007, 30.751339081549851 ], [ 119.19179841676673, 30.728788022182627 ], [ 119.173123217218276, 30.707714359459398 ], [ 119.152155552746635, 30.68832000478999 ], [ 119.12909737754768, 30.670790687667193 ], [ 119.104170301185903, 30.655294206608076 ], [ 119.07761347291914, 30.641978851405085 ], [ 119.049681314179878, 30.630972010488652 ], [ 119.020641119635457, 30.622378975537604 ], [ 119.017722298560017, 30.621651094915237 ], [ 119.011359675602691, 30.620059270639647 ], [ 119.00504430680725, 30.618472259736905 ], [ 118.998730508854621, 30.616878633426236 ], [ 118.992418251515105, 30.615278383384865 ], [ 118.986107519298585, 30.613671506095034 ], [ 118.979798353793043, 30.612058012335272 ], [ 118.97349080391551, 30.610437913695488 ], [ 118.967184800310974, 30.60881119090589 ], [ 118.960880342540108, 30.607177845874485 ], [ 118.954577516221462, 30.605537899540071 ], [ 118.948276267738876, 30.603891336968225 ], [ 118.941976591356436, 30.602238157733368 ], [ 118.935678549756631, 30.600578377703979 ], [ 118.929382106932394, 30.598911986364232 ], [ 118.923087281186881, 30.597238989639848 ], [ 118.916794104963373, 30.595559394614991 ], [ 118.910502553804932, 30.593873194916664 ], [ 118.90421261161049, 30.592180385806543 ], [ 118.897924314303708, 30.590480977989245 ], [ 118.891637694218844, 30.588774978626624 ], [ 118.885352726951453, 30.587062381225358 ], [ 118.879069426605355, 30.585343189206359 ], [ 118.872787793426042, 30.583617402466469 ], [ 118.866507834059973, 30.581885022645924 ], [ 118.860229561740923, 30.580146053210044 ], [ 118.853952984209513, 30.578400495854634 ], [ 118.847678101595562, 30.576648350415713 ], [ 118.841404897025768, 30.574889611939383 ], [ 118.83513343091677, 30.573124298098524 ], [ 118.82886368745325, 30.571352402087456 ], [ 118.822595636486056, 30.569573917020481 ], [ 118.816329344116625, 30.567788860728037 ], [ 118.810064772052385, 30.56599722152405 ], [ 118.803801942846007, 30.5641990068006 ], [ 118.797540870849488, 30.562394219197095 ], [ 118.791281556085778, 30.560582859402992 ], [ 118.785024012079504, 30.558764930108477 ], [ 118.778768232819075, 30.556940429951371 ], [ 118.772514213504863, 30.555109356812231 ], [ 118.766261986978961, 30.55327172105638 ], [ 118.760011551330081, 30.551427520477095 ], [ 118.753762898799195, 30.549576753785789 ], [ 118.747516051530823, 30.547719426527276 ], [ 118.74127101721065, 30.545855541320279 ], [ 118.735027824765226, 30.543985105817121 ], [ 118.728759236188068, 30.542099927207882 ], [ 118.724506216185532, 30.540816857869828 ], [ 118.69707452317833, 30.533738722901703 ], [ 118.66901254055405, 30.528856768440981 ], [ 118.667533884213171, 30.528659841907583 ], [ 118.665283066632981, 30.52834836932826 ], [ 118.663292709204555, 30.52805957568885 ], [ 118.661302038214956, 30.527757347054127 ], [ 118.659310963750784, 30.527441637814178 ], [ 118.657319433646762, 30.527112406950931 ], [ 118.655327554370984, 30.52676963754061 ], [ 118.653335278138798, 30.526413285601183 ], [ 118.651342599625124, 30.526043313672567 ], [ 118.64934949664719, 30.525659678799133 ], [ 118.647356032621602, 30.525262354480969 ], [ 118.645362188516572, 30.524851295307219 ], [ 118.64336790581963, 30.524426447941934 ], [ 118.641373254665595, 30.523987783331062 ], [ 118.639378304891522, 30.523535273183285 ], [ 118.637383006298734, 30.523068859727928 ], [ 118.635387308833259, 30.522588485077357 ], [ 118.633391365870096, 30.522094137754117 ], [ 118.631395083773413, 30.521585745011784 ], [ 118.629398524809389, 30.521063273013326 ], [ 118.627401725431582, 30.520526678799886 ], [ 118.625404701987705, 30.519975915038316 ], [ 118.623407453946356, 30.519410926697759 ], [ 118.621410063657251, 30.518831683370397 ], [ 118.619412517667882, 30.518238123599634 ], [ 118.617414859001585, 30.517630204698708 ], [ 118.615417157625998, 30.517007888140881 ], [ 118.613419403120204, 30.516371112864697 ], [ 118.61142165707885, 30.515719836903905 ], [ 118.609423948407297, 30.515054009366761 ], [ 118.607426332864975, 30.51437358540451 ], [ 118.605428867397833, 30.513678522075914 ], [ 118.603431611100234, 30.512968774673002 ], [ 118.601434555503587, 30.512244275527863 ], [ 118.599437845724111, 30.511505010777242 ], [ 118.597441479091898, 30.510750912059219 ], [ 118.595445476754435, 30.509981919338408 ], [ 118.593449955213515, 30.509198008242528 ], [ 118.591454986696377, 30.508399137127622 ], [ 118.58946056491412, 30.507585232324026 ], [ 118.587466859031309, 30.506756291907358 ], [ 118.585473901413863, 30.505912255660782 ], [ 118.583481674703123, 30.50505304367185 ], [ 118.581490359441062, 30.50417865896771 ], [ 118.579500053079272, 30.503289069669624 ], [ 118.577510719723961, 30.502384183189807 ], [ 118.575522461442787, 30.50146397008087 ], [ 118.5735354481305, 30.500528430635786 ], [ 118.571549710763506, 30.499577501836015 ], [ 118.569565313450113, 30.4986111350333 ], [ 118.567582384535129, 30.49762931359448 ], [ 118.565601006952065, 30.496631997541961 ], [ 118.563621252578486, 30.495619142664655 ], [ 118.561643193914762, 30.494590703416964 ], [ 118.55966699471746, 30.493546683615719 ], [ 118.557692733695831, 30.492487040472685 ], [ 118.555720443703464, 30.491411709045913 ], [ 118.553750309818028, 30.490320705203434 ], [ 118.551782429830013, 30.489213998577583 ], [ 118.549816872931061, 30.488091542268716 ], [ 118.547853728465142, 30.486953301398774 ], [ 118.54589312471245, 30.485799263299189 ], [ 118.543935223689502, 30.484629436564202 ], [ 118.541980092372469, 30.483443772766584 ], [ 118.540027838225811, 30.482242249696846 ], [ 118.538078620421473, 30.481024875858289 ], [ 118.536132486457348, 30.479791591722542 ], [ 118.534189605633188, 30.478542415140588 ], [ 118.532250074972751, 30.477277317369278 ], [ 118.530314022902644, 30.475996292432324 ], [ 118.528381622971935, 30.4746993633232 ], [ 118.526452925226891, 30.473386472272892 ], [ 118.524528081308048, 30.472057630702764 ], [ 118.522607241402326, 30.470712849572806 ], [ 118.520690477007207, 30.469352085957489 ], [ 118.5187779825837, 30.467975385428677 ], [ 118.516869881316765, 30.466582742075577 ], [ 118.51496625108723, 30.465174119674543 ], [ 118.513067284683387, 30.463749566292599 ], [ 118.51110217966631, 30.462255140790102 ], [ 118.508980586221739, 30.46062160466062 ], [ 118.485265003707823, 30.444076436388112 ], [ 118.468224837532503, 30.434390630219919 ], [ 118.442337695283797, 30.412426017856738 ], [ 118.381569299209602, 30.356949723497824 ], [ 118.321785070909144, 30.293670630453011 ], [ 118.319432099313516, 30.291207664614589 ], [ 118.269226610785751, 30.239243184187778 ], [ 118.255310031450747, 30.225768057006174 ], [ 118.201460724866806, 30.176965647922451 ], [ 118.172065794292649, 30.153508685971307 ], [ 118.12945127954174, 30.123613765804507 ], [ 118.108456156942239, 30.110098545751775 ], [ 118.021777075425476, 30.058983663889023 ], [ 117.960890654494307, 30.020552522813833 ], [ 117.936882875092863, 30.006810854905865 ], [ 117.911526020711364, 29.995051755422292 ], [ 117.843173606391446, 29.966765982910523 ], [ 117.812176090280786, 29.95566434640325 ], [ 117.714365899242722, 29.925834301066825 ], [ 117.697787059313256, 29.921219141030676 ], [ 117.64798158257382, 29.908667743787337 ], [ 117.638790742085448, 29.90648168194339 ], [ 117.634361010236816, 29.905491137529264 ], [ 117.592555909307137, 29.887705020121526 ], [ 117.570587149398818, 29.879251097295509 ], [ 117.511509258904127, 29.858833468296044 ], [ 117.481758603876571, 29.850029281046872 ], [ 117.404914820086518, 29.830973189124318 ], [ 117.386189176801054, 29.824904292411532 ], [ 117.319289963849997, 29.799158545480136 ], [ 117.256765644778213, 29.774016455453356 ], [ 117.228531973932661, 29.764084683648829 ], [ 117.199323057369398, 29.756608740036327 ], [ 117.169418212540492, 29.751660091527661 ], [ 117.13910325527489, 29.749286039647313 ], [ 117.10866782944278, 29.749509278139016 ], [ 117.078402704190665, 29.752327680654513 ], [ 117.048597061609726, 29.757714320353024 ], [ 117.019535797751729, 29.765617721254255 ], [ 116.991496859842641, 29.775962339202174 ], [ 116.964748642369344, 29.788649268323997 ], [ 116.939547464422802, 29.803557166919987 ], [ 116.916135150267024, 29.820543394806471 ], [ 116.894736734565143, 29.83944535227004 ], [ 116.875558313014295, 29.860082008984989 ], [ 116.858785058321814, 29.882255609512878 ], [ 116.844579420476066, 29.905753540353473 ], [ 116.833079529122003, 29.930350341963422 ], [ 116.824397814530968, 29.955809847715795 ], [ 116.81861986214642, 29.98188743045349 ], [ 116.815803513983951, 30.008332336107276 ], [ 116.81597822826302, 30.034890082818833 ], [ 116.819144706540712, 30.061304903146119 ], [ 116.825274795313547, 30.08732220624978 ], [ 116.834311666556516, 30.112691036477777 ], [ 116.842386179428175, 30.129357779130853 ], [ 116.83926235679634, 30.127977610559142 ], [ 116.73013286454983, 30.086214007297176 ], [ 116.623568482809858, 30.037414509422227 ], [ 116.60355960440971, 30.029017172010761 ], [ 116.484599646982119, 29.983487079696356 ], [ 116.46752232579918, 29.977458416102706 ], [ 116.342683849314298, 29.937010252006438 ], [ 116.340872205558213, 29.93642774260935 ], [ 116.270081188788453, 29.91385871707622 ], [ 116.256865957944029, 29.90730318935903 ], [ 116.229672527389596, 29.895306604199337 ], [ 116.201266296432593, 29.88568420314127 ], [ 116.171919123894853, 29.878527944161139 ], [ 116.141911649128289, 29.873906186276365 ], [ 116.111530664402608, 29.871863051946047 ], [ 116.08106643558871, 29.872418016511361 ], [ 116.050809993913745, 29.875565728122986 ], [ 116.021050421686169, 29.881276059622927 ], [ 115.992072154901877, 29.889494391862449 ], [ 115.964152325541718, 29.900142125959093 ], [ 115.937558166159121, 29.913117420033696 ], [ 115.912544499030957, 29.928296144036356 ], [ 115.889351331701292, 29.945533044378841 ], [ 115.868201580176333, 29.964663108251077 ], [ 115.849298940328694, 29.985503115722871 ], [ 115.837828316667256, 30.001067546035959 ], [ 115.825755611766439, 30.011568621187259 ], [ 115.806386914680303, 30.032087650256834 ], [ 115.789414928523342, 30.054157313242172 ], [ 115.77500393345251, 30.077566031895735 ], [ 115.773923894195235, 30.079828446366175 ], [ 115.773384624983692, 30.080311525923413 ], [ 115.75436235252387, 30.101082941564201 ], [ 115.737765243632111, 30.123373174101129 ], [ 115.723754035818146, 30.146968514610194 ], [ 115.712464978224048, 30.171642599712754 ], [ 115.704008471029354, 30.197158557900138 ], [ 115.698467939541345, 30.223271261339789 ], [ 115.695898956059622, 30.24972966264367 ], [ 115.696328620709252, 30.276279195075002 ], [ 115.699755210335098, 30.302664213828496 ], [ 115.706148102250907, 30.3286304553592 ], [ 115.715447977149239, 30.353927491269825 ], [ 115.727567302805568, 30.378311153012071 ], [ 115.74239109738555, 30.401545903628993 ], [ 115.759777968207189, 30.423407132975207 ], [ 115.779561418755236, 30.443683353310998 ], [ 115.801551413643097, 30.462178272884014 ], [ 115.825536188107094, 30.478712726092315 ], [ 115.84797836054932, 30.49127630868114 ], [ 115.870317950871708, 30.510288938643274 ], [ 115.940760182570727, 30.570261491328026 ], [ 115.952505279044459, 30.579749373514932 ], [ 116.022719067970968, 30.633559020249745 ], [ 116.11719209251838, 30.710955847033652 ], [ 116.1418539798632, 30.729132885024701 ], [ 116.17270330131349, 30.749570508986093 ], [ 116.207034310417839, 30.780619491387331 ], [ 116.284813004272266, 30.862634321046976 ], [ 116.290831506069267, 30.868784034482566 ], [ 116.379024048379534, 30.956111032416455 ], [ 116.290426134713684, 30.986554806014585 ], [ 116.28304948505918, 30.989179953147378 ], [ 116.222101825897667, 31.011632553342636 ], [ 116.209351622218421, 30.997309563525487 ], [ 116.189473241780021, 30.978822433199046 ], [ 116.154131089744183, 30.948857938305657 ], [ 116.134122471618056, 30.928150842327732 ], [ 116.113279048950758, 30.90860357268043 ], [ 116.090322182201319, 30.890908047846512 ], [ 116.065472729699508, 30.875233636700305 ], [ 116.038969302396325, 30.861730278120021 ], [ 116.011065993605996, 30.850527074951547 ], [ 115.982029976188173, 30.841731085797285 ], [ 115.952138988605796, 30.835426325007766 ], [ 115.921678731843855, 30.831672979403653 ], [ 115.89094019960001, 30.830506848356482 ], [ 115.8602169644534, 30.831939011923975 ], [ 115.829802442906214, 30.835955729777929 ], [ 115.799987162267499, 30.84251857169404 ], [ 115.771056052316609, 30.851564778402985 ], [ 115.7432857845494, 30.863007849643527 ], [ 115.716942181563113, 30.876738354320519 ], [ 115.692277718784268, 30.892624955766149 ], [ 115.669529140271578, 30.910515643241187 ], [ 115.648915209730504, 30.930239159005833 ], [ 115.630634617150548, 30.951606608546879 ], [ 115.614864060602088, 30.97441323988145 ], [ 115.601756521705099, 30.998440376278118 ], [ 115.591439752085009, 31.023457485254923 ], [ 115.584014986757708, 31.049224365344962 ], [ 115.579555898819521, 31.075493430874548 ], [ 115.578107808055293, 31.102012073892418 ], [ 115.579687154103951, 31.128525081434749 ], [ 115.584281242647435, 31.154777085525438 ], [ 115.591848270703665, 31.180515022710434 ], [ 115.596822408263463, 31.192382915728686 ], [ 115.568551484437066, 31.193577196290427 ], [ 115.537011568403216, 31.196275957963252 ], [ 115.505944641640127, 31.201680701295647 ], [ 115.475663319430041, 31.209736963699275 ], [ 115.382025664764569, 31.239108980427087 ], [ 115.374072548355883, 31.241980739256288 ], [ 115.367045886674163, 31.242320689952432 ], [ 115.336320611074271, 31.245107174750881 ], [ 115.30605848567852, 31.250460461724689 ], [ 115.276548590317077, 31.258329332707561 ], [ 115.248072977827306, 31.268638532475453 ], [ 115.220904038745289, 31.281289474115653 ], [ 115.195301948120104, 31.296161162719496 ], [ 115.171512216416559, 31.313111329406706 ], [ 115.149763365940132, 31.331977765867769 ], [ 115.13026475355899, 31.352579847848716 ], [ 115.113204559703107, 31.374720234310505 ], [ 115.09874796267907, 31.398186727384296 ], [ 115.087035516237933, 31.422754276724564 ], [ 115.078181747056476, 31.448187110446153 ], [ 115.072273987335436, 31.474240973531813 ], [ 115.06937145605913, 31.500665453426297 ], [ 115.069504600604262, 31.527206371505859 ], [ 115.072674708315205, 31.55360821824387 ], [ 115.07885379538574, 31.579616609199103 ], [ 115.087984777906669, 31.604980738449193 ], [ 115.09998192726475, 31.629455805794652 ], [ 115.114731609235221, 31.652805393983478 ], [ 115.132093303116704, 31.674803772367042 ], [ 115.151900894160093, 31.695238103807764 ], [ 115.173964229372231, 31.713910532326214 ], [ 115.198070923588816, 31.730640129907414 ], [ 115.223988399563538, 31.745264682083747 ], [ 115.251466142767413, 31.757642293372669 ], [ 115.280238148701997, 31.767652795362231 ], [ 115.308875006432487, 31.774907624534777 ] ], [ [ 117.716313718446472, 30.53321475896848 ], [ 117.746895656790031, 30.551273720324751 ], [ 117.757293082199382, 30.558587287344604 ], [ 117.754245021236528, 30.560511451226773 ], [ 117.737296997107435, 30.573591533286734 ], [ 117.716313718446472, 30.53321475896848 ] ], [ [ 117.961813653412278, 31.108142256045088 ], [ 117.949309439952373, 31.10685770744464 ], [ 117.923985112677556, 31.106403831921682 ], [ 117.907547033089131, 31.071478368109275 ], [ 117.923008861822723, 31.083738526254525 ], [ 117.946816312391078, 31.099286524257323 ], [ 117.961813653412278, 31.108142256045088 ] ], [ [ 116.974444245483824, 31.500696105411645 ], [ 117.080013094657531, 31.66218362668473 ], [ 117.083124253679856, 31.66803202850317 ], [ 117.005790694101393, 31.708761028238293 ], [ 116.923981842846857, 31.720512335686045 ], [ 116.898877616659092, 31.725007885192323 ], [ 116.815974105746292, 31.742839513676529 ], [ 116.80342725021714, 31.745961816215953 ], [ 116.814049062859382, 31.725742993374471 ], [ 116.823929359806968, 31.70057093539053 ], [ 116.830871545603998, 31.674691651254278 ], [ 116.834811097620559, 31.648354857925533 ], [ 116.835712581725488, 31.621814476841379 ], [ 116.833569896423484, 31.595326178633098 ], [ 116.828450926640372, 31.569371595832965 ], [ 116.860451253135366, 31.553532843568892 ], [ 116.897074886083061, 31.53232883824446 ], [ 116.904704502148903, 31.527207684392625 ], [ 116.911491405761296, 31.524969936461588 ], [ 116.930326521028661, 31.518149618614522 ], [ 116.974444245483824, 31.500696105411645 ] ], [ [ 116.306486404150675, 31.826537263420729 ], [ 116.322745846724658, 31.838738410498038 ], [ 116.348010860414405, 31.854223178287757 ], [ 116.349056607158957, 31.854739478904051 ], [ 116.296391022460952, 31.854778210833043 ], [ 116.279039030184165, 31.855191894358128 ], [ 116.259210720985209, 31.856126005801762 ], [ 116.276391379341192, 31.846331677398418 ], [ 116.298504757296442, 31.832501434692478 ], [ 116.306486404150675, 31.826537263420729 ] ], [ [ 116.429025148351883, 32.39570207702058 ], [ 116.442640442905912, 32.395688594946932 ], [ 116.469734128618811, 32.394678855327825 ], [ 116.49662728776255, 32.39171358072727 ], [ 116.499325147325692, 32.391316146303247 ], [ 116.496518601994325, 32.412596685807571 ], [ 116.496103399860218, 32.439141966201696 ], [ 116.498222791138602, 32.460254241021431 ], [ 116.465963492195741, 32.466284058709128 ], [ 116.382706196090538, 32.475781031287461 ], [ 116.358738759828981, 32.479297086307959 ], [ 116.20544123749238, 32.506805946673801 ], [ 116.176997921085075, 32.513058651188722 ], [ 116.149348863733053, 32.5214946916606 ], [ 116.122726583860626, 32.532043152750816 ], [ 116.090135646951083, 32.546529096655718 ], [ 116.08534751028499, 32.508738498400213 ], [ 116.083394988650141, 32.496124067393126 ], [ 116.0779568566942, 32.466412240429008 ], [ 116.071646332993154, 32.4404113005669 ], [ 116.064332332017912, 32.420434253145082 ], [ 116.088346879396781, 32.41226690110264 ], [ 116.163209543522385, 32.402485537408445 ], [ 116.235824416922853, 32.399083179259357 ], [ 116.305488470045745, 32.395826129840557 ], [ 116.429025148351883, 32.39570207702058 ] ], [ [ 117.054191881769455, 32.25053885001293 ], [ 117.080645183857285, 32.246739303821016 ], [ 117.122770881835223, 32.249357806634883 ], [ 117.125546130793552, 32.249519459850475 ], [ 117.218002951701067, 32.254524970223194 ], [ 117.226487211867706, 32.254884384228312 ], [ 117.277077064468955, 32.256441005351626 ], [ 117.313537320573218, 32.263477987510591 ], [ 117.351425518945774, 32.268761465455 ], [ 117.387856701488815, 32.271929544238084 ], [ 117.431294191731396, 32.374153568370659 ], [ 117.460795849050257, 32.445339707607793 ], [ 117.444750696279328, 32.454185785066564 ], [ 117.354007064413096, 32.510089010105354 ], [ 117.289139462615509, 32.53604679388949 ], [ 117.28289704979926, 32.530704357371405 ], [ 117.258779644833126, 32.513754965347836 ], [ 117.232826134370384, 32.498884708455556 ], [ 117.205285442972482, 32.486235763474717 ], [ 117.193929274814508, 32.482181798711423 ], [ 117.192818314968562, 32.479622219969215 ], [ 117.182718919566341, 32.459013357082696 ], [ 117.104250077289436, 32.315572632510403 ], [ 117.089725534685243, 32.292063635203228 ], [ 117.072565932685606, 32.269874695164873 ], [ 117.054191881769455, 32.25053885001293 ] ] ] } },
{ "type": "Feature", "properties": { "distance_km": 50 }, "geometry": { "type": "Polygon", "coordinates": [ [ [ 115.130075782371364, 31.906575468905718 ], [ 115.139926459819833, 31.928806870552112 ], [ 115.162941659353024, 31.968449674740956 ], [ 115.190424512170836, 32.005973257732037 ], [ 115.222113889820648, 32.041013581465712 ], [ 115.257706823664677, 32.073230251422174 ], [ 115.296861327732657, 32.102309909630371 ], [ 115.339199653562474, 32.127969374635697 ], [ 115.384311947894403, 32.149958493213077 ], [ 115.397824105867301, 32.155116644033988 ], [ 115.396732414326706, 32.169016509020302 ], [ 115.397170173364458, 32.180848455333091 ], [ 115.368342068199809, 32.205373221207445 ], [ 115.335326590454557, 32.239565622691273 ], [ 115.306388594080587, 32.276336176098802 ], [ 115.28180927340253, 32.315333694783803 ], [ 115.261829153151808, 32.356185314965082 ], [ 115.246645635965365, 32.398499982263473 ], [ 115.236410919555439, 32.441872124818367 ], [ 115.231230309752576, 32.485885481339643 ], [ 115.231160953447869, 32.530117050489935 ], [ 115.236211012816852, 32.574141126207714 ], [ 115.239553564242229, 32.593391357521021 ], [ 115.247266051167472, 32.659129148981684 ], [ 115.255167759469344, 32.703653806588854 ], [ 115.271559949903818, 32.772339949946755 ], [ 115.290334258975577, 32.83051169287927 ], [ 115.292380049104992, 32.835503131457479 ], [ 115.302464070551807, 32.870714002931635 ], [ 115.326238623478545, 32.955297041694877 ], [ 115.336916431801129, 33.002581817720902 ], [ 115.350377023698385, 33.048733199716928 ], [ 115.359374221497973, 33.073777122965176 ], [ 115.362583176644762, 33.106351304263413 ], [ 115.36997999354179, 33.152399130187256 ], [ 115.382983346050523, 33.197560416336714 ], [ 115.404900798118575, 33.259449865578418 ], [ 115.430785394725248, 33.317502355563008 ], [ 115.466945267549448, 33.384127680527484 ], [ 115.475341515296392, 33.398868521531249 ], [ 115.500630073933337, 33.441242931672242 ], [ 115.506937638740709, 33.459232543293432 ], [ 115.441405756382167, 33.523744213359706 ], [ 115.426775420503461, 33.538771594434898 ], [ 115.370845801866892, 33.598740965336575 ], [ 115.34740677419606, 33.618847299635341 ], [ 115.27779188208396, 33.66662366447823 ], [ 115.23857431938211, 33.696302184730435 ], [ 115.20299808909833, 33.729039638604135 ], [ 115.171406220257069, 33.764523999398584 ], [ 115.144104896990982, 33.802416722939626 ], [ 115.121360445728754, 33.842355887221096 ], [ 115.103396650788639, 33.88395956274568 ], [ 115.090392427879991, 33.926829385498337 ], [ 115.082479883566762, 33.97055430228275 ], [ 115.079742786893036, 34.014714456074522 ], [ 115.08221547704234, 34.058885177118789 ], [ 115.089882228062194, 34.102641043755291 ], [ 115.102677088273609, 34.145559975428775 ], [ 115.120484207988198, 34.187227319080918 ], [ 115.143138664555579, 34.227239889167961 ], [ 115.170427788584917, 34.265209920957567 ], [ 115.202092989458436, 34.300768896580635 ], [ 115.23783207206678, 34.333571203596861 ], [ 115.277302030130059, 34.36329758662179 ], [ 115.320122294665182, 34.389658353894639 ], [ 115.365878409266358, 34.412396302562406 ], [ 115.41412609705165, 34.431289328931527 ], [ 115.464395677591767, 34.446152692983361 ], [ 115.516196786053797, 34.456840910045777 ], [ 115.569023341366005, 34.463249246612911 ], [ 115.622358705611774, 34.465314801854944 ], [ 115.675680973238656, 34.463017161276795 ], [ 115.728468326164744, 34.456378614183848 ], [ 115.780204389550008, 34.445463931987554 ], [ 115.830383522935051, 34.430379709828465 ], [ 115.878515982632038, 34.411273279394607 ], [ 115.924132893638031, 34.388331206059988 ], [ 115.966790972856757, 34.361777388458606 ], [ 116.059646393826668, 34.297712801447211 ], [ 116.103437337055212, 34.263879620837962 ], [ 116.168265825458647, 34.207860378585103 ], [ 116.207032047269038, 34.170398228150027 ], [ 116.27378207813365, 34.098116446174572 ], [ 116.337212542341987, 34.035092218594308 ], [ 116.447417378073354, 33.939844039372915 ], [ 116.463748789519414, 33.925055991332833 ], [ 116.550898715236841, 33.842389872708459 ], [ 116.566892731484558, 33.828569905031102 ], [ 116.6300026292528, 33.780629326650484 ], [ 116.749376335739541, 33.69081393156015 ], [ 116.775592114575758, 33.669662796092119 ], [ 116.785507330305677, 33.661099181981193 ], [ 116.808511517116258, 33.647233380238902 ], [ 116.819334957733815, 33.689841862364275 ], [ 116.835606901237611, 33.732479999225774 ], [ 116.903837548270673, 33.884348842555077 ], [ 116.920790935728036, 33.924977126736557 ], [ 116.948270509762168, 33.990837668677884 ], [ 116.976338893679483, 34.045919127913521 ], [ 117.006719226328585, 34.095936797585878 ], [ 117.010835843269305, 34.102572146914397 ], [ 117.077181511267895, 34.207214731429438 ], [ 117.104315551616153, 34.245276517638821 ], [ 117.135836467873901, 34.280938074750658 ], [ 117.171443184423055, 34.313852732418198 ], [ 117.210793690095144, 34.343700132696632 ], [ 117.253508287863625, 34.370189448014337 ], [ 117.29917327251394, 34.393062316254685 ], [ 117.347345000699121, 34.412095459148141 ], [ 117.397554311259029, 34.427102953308733 ], [ 117.449311247628614, 34.437938126927513 ], [ 117.50211002878406, 34.444495059311599 ], [ 117.555434210636989, 34.446709665070273 ], [ 117.60876197625339, 34.444560349717413 ], [ 117.661571490850662, 34.438068228693098 ], [ 117.713346256314779, 34.427296907198659 ], [ 117.730409951767598, 34.42222321308374 ], [ 117.767396283330413, 34.446282930352119 ], [ 117.812437496659541, 34.470039230375512 ], [ 117.860096177167165, 34.490005798682944 ], [ 117.909908323096246, 34.505987658512176 ], [ 117.96138797483772, 34.517828679129224 ], [ 118.014032140117578, 34.525413169540592 ], [ 118.067325923479331, 34.52866706025317 ], [ 118.120747798984169, 34.527558658753982 ], [ 118.173774962379454, 34.522098969577812 ], [ 118.225888697514108, 34.512341575205504 ], [ 118.276579691545848, 34.49838207948342 ], [ 118.325353234506892, 34.480357120660486 ], [ 118.371734241033295, 34.458442966394408 ], [ 118.415272035434811, 34.432853708079143 ], [ 118.455544845673231, 34.403839076495679 ], [ 118.474057757584376, 34.387586282693427 ], [ 118.503157177879942, 34.371032476857948 ], [ 118.543945846349175, 34.342547996290662 ], [ 118.581143597994142, 34.310873771444378 ], [ 118.614392727299844, 34.276318231842552 ], [ 118.643375162650528, 34.239217419505145 ], [ 118.667815436935101, 34.199931625337122 ], [ 118.687483188760723, 34.158841803645807 ], [ 118.702195177016264, 34.116345803824501 ], [ 118.711816798204822, 34.072854459241107 ], [ 118.716263102320127, 34.028787573848874 ], [ 118.715499308965605, 33.984569847035381 ], [ 118.709540830816664, 33.940626776789941 ], [ 118.700604076234811, 33.894896320386387 ], [ 118.695766710622095, 33.863560614927835 ], [ 118.690130539709031, 33.83453473848288 ], [ 118.670956124554991, 33.752665367786925 ], [ 118.665372324945608, 33.732050052539869 ], [ 118.687457015098289, 33.738357592243496 ], [ 118.738989814350205, 33.748476521452424 ], [ 118.791469113605103, 33.754304604503012 ], [ 118.844381680150306, 33.755785089348407 ], [ 118.897209903323471, 33.752903758764099 ], [ 118.94943709939011, 33.745689066202608 ], [ 119.00055280286395, 33.734211833599993 ], [ 119.050057980216238, 33.718584515223824 ], [ 119.097470103460182, 33.698960036958191 ], [ 119.142328023782852, 33.675530225529343 ], [ 119.18419658914442, 33.648523846984517 ], [ 119.222670954440758, 33.618204278162338 ], [ 119.257380538274177, 33.584866838862794 ], [ 119.287992586424394, 33.548835815883571 ], [ 119.314215308574347, 33.510461213001363 ], [ 119.335800561535137, 33.470115263320608 ], [ 119.352546058951532, 33.428188742189526 ], [ 119.3642970940937, 33.385087120104387 ], [ 119.37094776870542, 33.341226595718211 ], [ 119.372441726865176, 33.297030049273829 ], [ 119.368772398335835, 33.252922956541177 ], [ 119.359982760864995, 33.209329302700823 ], [ 119.346164635316057, 33.166667534632595 ], [ 119.327457531353488, 33.125346588787934 ], [ 119.30404706467742, 33.085762030292244 ], [ 119.276162969544799, 33.048292337181607 ], [ 119.244076732554817, 33.013295361760584 ], [ 119.208098875484396, 32.981104999003932 ], [ 119.168575916379254, 32.952028089737489 ], [ 119.12588703920737, 32.926341584040983 ], [ 119.065659355741943, 32.893692525605204 ], [ 119.017366606668375, 32.87038206067362 ], [ 118.997663655771092, 32.863041505943613 ], [ 119.013083383447551, 32.848378593092988 ], [ 119.043839655099191, 32.812579827966914 ], [ 119.070269075994176, 32.774402910603996 ], [ 119.092121211863983, 32.734218142877573 ], [ 119.100356313865333, 32.714055304241633 ], [ 119.13780609979105, 32.692793321800821 ], [ 119.178138878588697, 32.664648184220376 ], [ 119.214989748933419, 32.633284748685298 ], [ 119.248004283725535, 32.599008249869435 ], [ 119.276866483057034, 32.562151839522905 ], [ 119.301301732982523, 32.523073258455831 ], [ 119.321079311134866, 32.482151283049049 ], [ 119.336014421319277, 32.439781984745572 ], [ 119.345969745605416, 32.396374842046868 ], [ 119.350856508540389, 32.352348745098325 ], [ 119.350635053824348, 32.308127933039408 ], [ 119.345314939041288, 32.264137903958655 ], [ 119.334954558771017, 32.220801336580926 ], [ 119.31966031059433, 32.17853406177273 ], [ 119.299585322143997, 32.137741120625456 ], [ 119.274927760456052, 32.098812944311717 ], [ 119.245928747479496, 32.062121689141037 ], [ 119.212869907748896, 32.028017758302497 ], [ 119.176070575961049, 31.996826539698134 ], [ 119.142544029703075, 31.971045600942468 ], [ 119.10497395207949, 31.941955022243082 ], [ 119.123186655911212, 31.924896401273564 ], [ 119.154158290838595, 31.889425765752677 ], [ 119.180883146437978, 31.851531057042379 ], [ 119.203107634280371, 31.811579797568122 ], [ 119.220622647554762, 31.769958918437798 ], [ 119.233265375624072, 31.727070950639007 ], [ 119.240920637806283, 31.683330085809128 ], [ 119.243521733274079, 31.639158146686452 ], [ 119.241050809417089, 31.594980507278596 ], [ 119.233538755981499, 31.551222002308471 ], [ 119.221064636768034, 31.508302864665961 ], [ 119.203754674594833, 31.466634728451968 ], [ 119.15696654039904, 31.369231485073655 ], [ 119.14334243913801, 31.343198785046035 ], [ 119.120431930059226, 31.302854211594642 ], [ 119.141076552500991, 31.296206579094886 ], [ 119.187290729399436, 31.276679149643492 ], [ 119.231032006864297, 31.253341196849796 ], [ 119.271876359439517, 31.226420341160598 ], [ 119.309429008863461, 31.19617885400881 ], [ 119.3433282766389, 31.162911011699471 ], [ 119.37324906158679, 31.126940140885356 ], [ 119.398905909697461, 31.088615389050368 ], [ 119.420055649811559, 31.048308255783731 ], [ 119.436499574951, 31.006408922449811 ], [ 119.448085155329167, 30.963322419146099 ], [ 119.454707275063186, 30.919464668621476 ], [ 119.456308990287837, 30.875258447131515 ], [ 119.452881811640552, 30.831129302077343 ], [ 119.4444655188925, 30.787501465754172 ], [ 119.431147519807908, 30.744793803672287 ], [ 119.413061769107557, 30.7034158347493 ], [ 119.390387266703002, 30.663763859252001 ], [ 119.363346157176224, 30.626217228725348 ], [ 119.332201454843627, 30.591134790316527 ], [ 119.297254420703865, 30.55885153591198 ], [ 119.258841619178966, 30.529675484373385 ], [ 119.217331683865808, 30.503884822903171 ], [ 119.173121822566856, 30.481725331202103 ], [ 119.126634092714994, 30.463408109610747 ], [ 119.078311478985867, 30.449107629860933 ], [ 119.07547937028815, 30.448401213530783 ], [ 119.069321397583522, 30.446860244012573 ], [ 119.063240890347956, 30.445331914559269 ], [ 119.057161833134103, 30.4437972042263 ], [ 119.051084171535081, 30.442256098467599 ], [ 119.045007874031441, 30.440708589495323 ], [ 119.038933005597244, 30.439154693858743 ], [ 119.03285964314162, 30.437594430224699 ], [ 119.026787665197205, 30.43602776583683 ], [ 119.020717067156781, 30.434454701241965 ], [ 119.014647986159972, 30.432875270621711 ], [ 119.008580328201774, 30.431289448420507 ], [ 119.002514079920644, 30.429697231981649 ], [ 118.996449339634779, 30.428098646385294 ], [ 118.990386042698333, 30.426493673445201 ], [ 118.984324215679223, 30.424882321056767 ], [ 118.978263906474325, 30.423264600316934 ], [ 118.97220507055745, 30.421640499332728 ], [ 118.96614767574097, 30.420010008868715 ], [ 118.960091777827245, 30.418373144750937 ], [ 118.954037424627501, 30.416729918231049 ], [ 118.947984571628211, 30.415080317196235 ], [ 118.9419332369378, 30.413424345999477 ], [ 118.935883416293507, 30.411762003135124 ], [ 118.929835116208267, 30.410093290033576 ], [ 118.923788353989579, 30.408418211116455 ], [ 118.917743137152456, 30.406736767863823 ], [ 118.911699461402947, 30.405048958713838 ], [ 118.905657293911119, 30.403354774065608 ], [ 118.899616730658792, 30.401654241366067 ], [ 118.893577739927608, 30.399947349265322 ], [ 118.887540267001, 30.398234083676336 ], [ 118.881504417798993, 30.396514473584421 ], [ 118.87547012266306, 30.394788498224788 ], [ 118.869437415133092, 30.393056167906732 ], [ 118.863406313883416, 30.391317486389838 ], [ 118.857376814207313, 30.389572452802177 ], [ 118.851348933905228, 30.387821070941314 ], [ 118.84532265784938, 30.386063336603506 ], [ 118.839297974522879, 30.384299245537353 ], [ 118.833274932136518, 30.382528812395854 ], [ 118.82725352408724, 30.380752033477947 ], [ 118.821233731491404, 30.378968903984806 ], [ 118.815215587274309, 30.377179432498973 ], [ 118.809199098834668, 30.375383621363646 ], [ 118.803275535769515, 30.373608818037592 ], [ 118.792697851699458, 30.370423486763944 ], [ 118.747186595211332, 30.358696284752284 ], [ 118.703183815265078, 30.351044280814882 ], [ 118.703199055728916, 30.350963421563172 ], [ 118.698450364482937, 30.350290108305778 ], [ 118.697556076892255, 30.350151265024472 ], [ 118.696647088863273, 30.349997863663098 ], [ 118.695722378860623, 30.349829266262876 ], [ 118.694780986566329, 30.349644797948301 ], [ 118.69382193378128, 30.349443732486399 ], [ 118.692844421376236, 30.349225335102087 ], [ 118.691847669990835, 30.34898883255595 ], [ 118.690830804590277, 30.348733385583742 ], [ 118.689793196927369, 30.348458172691409 ], [ 118.688734204605666, 30.348162330126211 ], [ 118.687653209949332, 30.347844961742588 ], [ 118.686549723815588, 30.347505171159124 ], [ 118.685423264432202, 30.347142028868461 ], [ 118.684273399816661, 30.346754586207833 ], [ 118.683099821538093, 30.346341902746982 ], [ 118.681902302467051, 30.345903036972331 ], [ 118.68068055461552, 30.345436995596661 ], [ 118.679434390039589, 30.344942793346117 ], [ 118.67816385500015, 30.344419512052472 ], [ 118.676868844662096, 30.343866149271005 ], [ 118.675549416194215, 30.343281747596546 ], [ 118.67420568901818, 30.342665356079177 ], [ 118.672837780424814, 30.342016004243284 ], [ 118.671445997426588, 30.341332793525464 ], [ 118.670030566684474, 30.340614772038233 ], [ 118.668591863067206, 30.339861048278276 ], [ 118.667130280758272, 30.339070729160177 ], [ 118.665646294654508, 30.338242955830129 ], [ 118.664140400927124, 30.337376872375849 ], [ 118.662613168505231, 30.336471658726307 ], [ 118.661065288277044, 30.335526562669159 ], [ 118.659497350434194, 30.33454076926418 ], [ 118.657910060910268, 30.333513532492173 ], [ 118.656304261376349, 30.332444195792291 ], [ 118.654680762034246, 30.331332086464254 ], [ 118.653040347664174, 30.330176518152513 ], [ 118.651383951940574, 30.328976913809935 ], [ 118.649593271922939, 30.327643944515447 ], [ 118.645795996733483, 30.324742658425027 ], [ 118.606895478819467, 30.297764018445609 ], [ 118.599945841830547, 30.293824286875509 ], [ 118.590423453242352, 30.285752711680395 ], [ 118.537423542558429, 30.237432070871179 ], [ 118.482394555127996, 30.17927622550441 ], [ 118.478471273740212, 30.175176063826878 ], [ 118.42824618376585, 30.123272388950099 ], [ 118.405047302516422, 30.100840953747678 ], [ 118.351196985629386, 30.052099252798552 ], [ 118.302219760713641, 30.013055441533993 ], [ 118.259629399238136, 29.983201506401649 ], [ 118.224662925925003, 29.960707803337094 ], [ 118.140724582097505, 29.911239004544864 ], [ 118.082491994575619, 29.874506036848206 ], [ 118.042515375400285, 29.851636431449322 ], [ 118.000303924068348, 29.832067531795854 ], [ 117.932040185378213, 29.80382524208089 ], [ 117.88045061923404, 29.785351366475869 ], [ 117.782788491864395, 29.75556847691815 ], [ 117.75520011621262, 29.747888774765784 ], [ 117.707508366805044, 29.735870456451071 ], [ 117.683290031563203, 29.725567262732529 ], [ 117.646724655238017, 29.711499441584042 ], [ 117.587730946839756, 29.691114197065247 ], [ 117.538221647488399, 29.676464113324478 ], [ 117.469286723149096, 29.659372184752637 ], [ 117.463926614169736, 29.657635204784651 ], [ 117.404221348938805, 29.634662375078513 ], [ 117.343259789196566, 29.610155117142657 ], [ 117.296269327285444, 29.59362868844655 ], [ 117.247664202334221, 29.5811893291093 ], [ 117.197907058703123, 29.572955394150842 ], [ 117.147471083988663, 29.569005211873659 ], [ 117.09683567474309, 29.56937636418526 ], [ 117.046482053952928, 29.574065341083081 ], [ 116.996888874230777, 29.58302757210674 ], [ 116.948527840708465, 29.596177834534675 ], [ 116.901859387587692, 29.613391035074287 ], [ 116.857328442197968, 29.634503358783171 ], [ 116.815360310222204, 29.659313775978429 ], [ 116.776356715474478, 29.68758589495658 ], [ 116.740692027227411, 29.719050145471549 ], [ 116.708709707575764, 29.753406275116124 ], [ 116.680719010653874, 29.790326138033571 ], [ 116.656991964677431, 29.82945675276428 ], [ 116.647857669540798, 29.848919396923062 ], [ 116.567982987555652, 29.818342786311611 ], [ 116.539559970790776, 29.808311958395237 ], [ 116.41490054448974, 29.767933276150202 ], [ 116.411885474360929, 29.766964102195903 ], [ 116.356578909941476, 29.749340905249269 ], [ 116.313908849246062, 29.730524722082276 ], [ 116.266631053172162, 29.714514924287393 ], [ 116.217795871113736, 29.702609498141339 ], [ 116.16786813821362, 29.694921574749102 ], [ 116.117322653182171, 29.691524136975861 ], [ 116.066639829553495, 29.692449354728865 ], [ 116.016301304712442, 29.697688295130238 ], [ 115.966785540683858, 29.707191009698462 ], [ 115.918563450637507, 29.720866997630182 ], [ 115.872094084959386, 29.738586041261051 ], [ 115.827820410563248, 29.760179406800699 ], [ 115.786165216869989, 29.785441400495934 ], [ 115.747527181546388, 29.814131267492495 ], [ 115.712277128666642, 29.845975417850028 ], [ 115.680754511403592, 29.880669961428367 ], [ 115.67586119786867, 29.887296553041082 ], [ 115.672411929893684, 29.89029236512469 ], [ 115.640116073178362, 29.924451633233819 ], [ 115.611797387314809, 29.961196947198733 ], [ 115.599583587507368, 29.980983960453553 ], [ 115.586123628728203, 29.995652968302629 ], [ 115.558427129312577, 30.032766145022446 ], [ 115.535024443454262, 30.072057786595455 ], [ 115.516144521496017, 30.113151922517471 ], [ 115.501973782133234, 30.155654903717011 ], [ 115.49265414923191, 30.199159110515097 ], [ 115.488281482776557, 30.243246809387351 ], [ 115.488904426199269, 30.2874941243034 ], [ 115.494523689549155, 30.331475086738156 ], [ 115.505091784705911, 30.374765726993939 ], [ 115.520513225089971, 30.416948168279539 ], [ 115.540645198082117, 30.457614684101383 ], [ 115.565298713628636, 30.496371678975947 ], [ 115.594240227329436, 30.532843552316422 ], [ 115.6271937307217, 30.5666764056222 ], [ 115.663843295575248, 30.597541553847073 ], [ 115.703836052901821, 30.625138803074673 ], [ 115.716021828418533, 30.631967986425824 ], [ 115.724052088852474, 30.63881022357489 ], [ 115.75621531833194, 30.666243517714165 ], [ 115.738571972752851, 30.670125185415007 ], [ 115.690428722277829, 30.68517819551106 ], [ 115.644207453288402, 30.704220078064473 ], [ 115.600348821402505, 30.727069553034081 ], [ 115.559271794960111, 30.753509013521583 ], [ 115.521369751706544, 30.783286532388924 ], [ 115.487006778674584, 30.816118189386433 ], [ 115.45651420725018, 30.85169069978922 ], [ 115.430187414727257, 30.889664322945439 ], [ 115.408282922798165, 30.92967602664072 ], [ 115.39101582233836, 30.971342880787052 ], [ 115.378557552483173, 31.014265651664452 ], [ 115.372382841657725, 31.050189622927174 ], [ 115.325123845669566, 31.065009952239269 ], [ 115.304154471433336, 31.066910577565107 ], [ 115.253808681493226, 31.075819671941101 ], [ 115.204708221863513, 31.088914071608993 ], [ 115.15732005523023, 31.106069099475661 ], [ 115.112095462089414, 31.127121438415241 ], [ 115.069465886589867, 31.151870635890699 ], [ 115.02983893775081, 31.180080951267321 ], [ 114.993594578654992, 31.211483530801139 ], [ 114.961081535766908, 31.245778892603028 ], [ 114.93261395994675, 31.282639701277013 ], [ 114.908468369994281, 31.321713809417673 ], [ 114.888880908621914, 31.362627540732877 ], [ 114.874044939573778, 31.404989187245324 ], [ 114.864109013130005, 31.448392690829561 ], [ 114.859175225411207, 31.492421477278356 ], [ 114.859297994669845, 31.536652409181752 ], [ 114.864483275085689, 31.580659822172091 ], [ 114.874688225419135, 31.624019607567678 ], [ 114.889821346204201, 31.666313303176373 ], [ 114.909743094955516, 31.707132153036703 ], [ 114.93426698414028, 31.746081096226618 ], [ 114.963161161447474, 31.782782644602243 ], [ 114.996150466228443, 31.816880609489615 ], [ 115.032918949966273, 31.848043637982343 ], [ 115.073112842361766, 31.875968520634842 ], [ 115.11634393822483, 31.900383234010913 ], [ 115.130075782371364, 31.906575468905718 ] ] ] } }
]
}
