{
"type": "FeatureCollection",
"name": "vulnerable_facilities",
"crs": { "type": "name", "properties": { "name": "urn:ogc:def:crs:OGC:1.3:CRS84" } },
"features": [
{ "type": "Feature", "properties": { "name": "合肥乐农新村小学奥林校区", "type": "小学", "lon": 117.251622, "lat": 31.869268, "address": [ ], "adcode": "", "intensity": 7.97, "grade": "VIII+", "high_exposure": true }, "geometry": { "type": "Point", "coordinates": [ 117.251622, 31.869268 ] } },
{ "type": "Feature", "properties": { "name": "合肥市第八中学(匡河校区)", "type": "中学", "lon": 117.20721, "lat": 31.809158, "address": "习友路1688号", "adcode": "", "intensity": 7.83, "grade": "VIII+", "high_exposure": true }, "geometry": { "type": "Point", "coordinates": [ 117.20721, 31.809158 ] } },
{ "type": "Feature", "properties": { "name": "合肥市第七中学", "type": "中学", "lon": 117.105526, "lat": 31.832464, "address": "望江西路898号", "adcode": "", "intensity": 6.96, "grade": "VI-VII", "high_exposure": false }, "geometry": { "type": "Point", "coordinates": [ 117.105526, 31.832464 ] } },
{ "type": "Feature", "properties": { "name": "合肥一六八中学始信路校区", "type": "中学", "lon": 117.25382, "lat": 31.757896, "address": "合肥市经济技术开发区始信路179号合肥", "adcode": "", "intensity": 7.78, "grade": "VIII+", "high_exposure": true }, "geometry": { "type": "Point", "coordinates": [ 117.25382, 31.757896 ] } },
{ "type": "Feature", "properties": { "name": "合肥市第六中学菱湖校区", "type": "中学", "lon": 117.264496, "lat": 31.927176, "address": "连水路与蒙城路交口东北角", "adcode": "", "intensity": 7.29, "grade": "VIII+", "high_exposure": true }, "geometry": { "type": "Point", "coordinates": [ 117.264496, 31.927176 ] } },
{ "type": "Feature", "properties": { "name": "合肥市第十中学", "type": "中学", "lon": 117.392903, "lat": 31.861988, "address": "新安江路与王岗路交叉口", "adcode": "", "intensity": 7.32, "grade": "VIII+", "high_exposure": true }, "geometry": { "type": "Point", "coordinates": [ 117.392903, 31.861988 ] } },
{ "type": "Feature", "properties": { "name": "合肥市第八中学(运河新城校区)", "type": "中学", "lon": 117.036127, "lat": 31.8379, "address": "运河新城三峡大道8号", "adcode": "", "intensity": 6.62, "grade": "VI-VII", "high_exposure": false }, "geometry": { "type": "Point", "coordinates": [ 117.036127, 31.8379 ] } },
{ "type": "Feature", "properties": { "name": "合肥市第四中学", "type": "中学", "lon": 117.346531, "lat": 31.73618, "address": "滨湖新区宁波路224号", "adcode": "", "intensity": 7.36, "grade": "VIII+", "high_exposure": true }, "geometry": { "type": "Point", "coordinates": [ 117.346531, 31.73618 ] } },
{ "type": "Feature", "properties": { "name": "合肥一中", "type": "中学", "lon": 117.281637, "lat": 31.736258, "address": "西藏路2356号", "adcode": "", "intensity": 7.54, "grade": "VIII+", "high_exposure": true }, "geometry": { "type": "Point", "coordinates": [ 117.281637, 31.736258 ] } },
{ "type": "Feature", "properties": { "name": "合肥市第一中学淝河校区", "type": "中学", "lon": 117.354834, "lat": 31.814703, "address": "龙岗路10号", "adcode": "", "intensity": 7.82, "grade": "VIII+", "high_exposure": true }, "geometry": { "type": "Point", "coordinates": [ 117.354834, 31.814703 ] } },
{ "type": "Feature", "properties": { "name": "合肥一中瑶海校区", "type": "中学", "lon": 117.369707, "lat": 31.845698, "address": "和平路2222号", "adcode": "", "intensity": 7.59, "grade": "VIII+", "high_exposure": true }, "geometry": { "type": "Point", "coordinates": [ 117.369707, 31.845698 ] } },
{ "type": "Feature", "properties": { "name": "安徽肥西实验高级中学", "type": "中学", "lon": 117.173944, "lat": 31.741734, "address": "上派镇云谷路与佛光路交口", "adcode": "", "intensity": 7.19, "grade": "VIII+", "high_exposure": true }, "geometry": { "type": "Point", "coordinates": [ 117.173944, 31.741734 ] } },
{ "type": "Feature", "properties": { "name": "衡安学校", "type": "中学", "lon": 117.157057, "lat": 31.963135, "address": "朝阳路与育才路交叉口", "adcode": "", "intensity": 6.79, "grade": "VI-VII", "high_exposure": false }, "geometry": { "type": "Point", "coordinates": [ 117.157057, 31.963135 ] } },
{ "type": "Feature", "properties": { "name": "合肥市第六中学(新桥校区)", "type": "中学", "lon": 117.024526, "lat": 31.985696, "address": "花莲路与虹桥路交叉口西220米", "adcode": "", "intensity": 6.34, "grade": "VI-VII", "high_exposure": false }, "geometry": { "type": "Point", "coordinates": [ 117.024526, 31.985696 ] } },
{ "type": "Feature", "properties": { "name": "合肥市第九中学(新站校区)", "type": "中学", "lon": 117.401285, "lat": 31.923193, "address": "临涣路558号(职教城东地铁站B口步行270米)", "adcode": "", "intensity": 6.98, "grade": "VI-VII", "high_exposure": false }, "geometry": { "type": "Point", "coordinates": [ 117.401285, 31.923193 ] } },
{ "type": "Feature", "properties": { "name": "合肥市第二中学", "type": "中学", "lon": 117.278089, "lat": 31.843484, "address": "曙光路创景花园3号楼", "adcode": "", "intensity": 8.78, "grade": "VIII+", "high_exposure": true }, "geometry": { "type": "Point", "coordinates": [ 117.278089, 31.843484 ] } },
{ "type": "Feature", "properties": { "name": "合肥市第四十六中学", "type": "中学", "lon": 117.283406, "lat": 31.739288, "address": "西藏路2658号", "adcode": "", "intensity": 7.58, "grade": "VIII+", "high_exposure": true }, "geometry": { "type": "Point", "coordinates": [ 117.283406, 31.739288 ] } },
{ "type": "Feature", "properties": { "name": "合肥市第三中学", "type": "中学", "lon": 117.291411, "lat": 31.86851, "address": "宿州路196号(阜南路南侧)", "adcode": "", "intensity": 8.07, "grade": "VIII+", "high_exposure": true }, "geometry": { "type": "Point", "coordinates": [ 117.291411, 31.86851 ] } },
{ "type": "Feature", "properties": { "name": "合肥滨湖寿春中学", "type": "中学", "lon": 117.308083, "lat": 31.742528, "address": "湖北路666号", "adcode": "", "intensity": 7.58, "grade": "VIII+", "high_exposure": true }, "geometry": { "type": "Point", "coordinates": [ 117.308083, 31.742528 ] } },
{ "type": "Feature", "properties": { "name": "合肥市第三十五中学", "type": "中学", "lon": 117.169737, "lat": 31.855522, "address": "合六路110号(蜀山西地铁站A口步行470米)", "adcode": "", "intensity": 7.36, "grade": "VIII+", "high_exposure": true }, "geometry": { "type": "Point", "coordinates": [ 117.169737, 31.855522 ] } },
{ "type": "Feature", "properties": { "name": "合肥市第五中学(长江校区)", "type": "中学", "lon": 117.322287, "lat": 31.866767, "address": "长江东路789号(东五里井地铁站C口步行170米)", "adcode": "", "intensity": 7.89, "grade": "VIII+", "high_exposure": true }, "geometry": { "type": "Point", "coordinates": [ 117.322287, 31.866767 ] } },
{ "type": "Feature", "properties": { "name": "合肥市第十一中学", "type": "中学", "lon": 117.312078, "lat": 31.875679, "address": "凤阳路470号(长淮地铁站A口步行300米)", "adcode": "", "intensity": 7.84, "grade": "VIII+", "high_exposure": true }, "geometry": { "type": "Point", "coordinates": [ 117.312078, 31.875679 ] } },
{ "type": "Feature", "properties": { "name": "合肥锦绣中学", "type": "中学", "lon": 117.239249, "lat": 31.739911, "address": "锦绣社区管理委员会经开区紫云路121号", "adcode": "", "intensity": 7.5, "grade": "VIII+", "high_exposure": true }, "geometry": { "type": "Point", "coordinates": [ 117.239249, 31.739911 ] } },
{ "type": "Feature", "properties": { "name": "合肥八中教育集团铭传高级中学", "type": "中学", "lon": 117.187949, "lat": 31.699551, "address": "站前路与宜城路交叉口东北280米", "adcode": "", "intensity": 7.0, "grade": "VIII+", "high_exposure": true }, "geometry": { "type": "Point", "coordinates": [ 117.187949, 31.699551 ] } },
{ "type": "Feature", "properties": { "name": "合肥市第一中学教育集团(包河分校)", "type": "中学", "lon": 117.295123, "lat": 31.821458, "address": "青年路43号", "adcode": "", "intensity": 9.31, "grade": "VIII+", "high_exposure": true }, "geometry": { "type": "Point", "coordinates": [ 117.295123, 31.821458 ] } },
{ "type": "Feature", "properties": { "name": "安徽省肥西中学", "type": "中学", "lon": 117.164613, "lat": 31.717751, "address": "上派镇派河路", "adcode": "", "intensity": 7.01, "grade": "VIII+", "high_exposure": true }, "geometry": { "type": "Point", "coordinates": [ 117.164613, 31.717751 ] } },
{ "type": "Feature", "properties": { "name": "安徽省肥东第一中学", "type": "中学", "lon": 117.477792, "lat": 31.841751, "address": "瑶岗路与北张路交汇处", "adcode": "", "intensity": 6.83, "grade": "VI-VII", "high_exposure": false }, "geometry": { "type": "Point", "coordinates": [ 117.477792, 31.841751 ] } },
{ "type": "Feature", "properties": { "name": "合肥一六八陶冲湖中学", "type": "中学", "lon": 117.334804, "lat": 31.939464, "address": "淮海大道与荆山路交口", "adcode": "", "intensity": 7.12, "grade": "VIII+", "high_exposure": true }, "geometry": { "type": "Point", "coordinates": [ 117.334804, 31.939464 ] } },
{ "type": "Feature", "properties": { "name": "合肥市五十中学天鹅湖教育集团天鹅湖校区", "type": "中学", "lon": 117.217013, "lat": 31.802997, "address": "致真路1号(省博物院地铁站A口步行440米)", "adcode": "", "intensity": 7.94, "grade": "VIII+", "high_exposure": true }, "geometry": { "type": "Point", "coordinates": [ 117.217013, 31.802997 ] } },
{ "type": "Feature", "properties": { "name": "合肥市第一中学(长江路校区)", "type": "中学", "lon": 117.27115, "lat": 31.857891, "address": "长江路397号", "adcode": "", "intensity": 8.31, "grade": "VIII+", "high_exposure": true }, "geometry": { "type": "Point", "coordinates": [ 117.27115, 31.857891 ] } },
{ "type": "Feature", "properties": { "name": "合肥市第二十八中学", "type": "中学", "lon": 117.255015, "lat": 31.814153, "address": "金寨路868号", "adcode": "", "intensity": 8.84, "grade": "VIII+", "high_exposure": true }, "geometry": { "type": "Point", "coordinates": [ 117.255015, 31.814153 ] } },
{ "type": "Feature", "properties": { "name": "肥东圣泉中学", "type": "中学", "lon": 117.48438, "lat": 31.933062, "address": "227省道", "adcode": "", "intensity": 6.63, "grade": "VI-VII", "high_exposure": false }, "geometry": { "type": "Point", "coordinates": [ 117.48438, 31.933062 ] } },
{ "type": "Feature", "properties": { "name": "合肥市第十七中学", "type": "中学", "lon": 117.245404, "lat": 31.831521, "address": "望江西路180号", "adcode": "", "intensity": 8.5, "grade": "VIII+", "high_exposure": true }, "geometry": { "type": "Point", "coordinates": [ 117.245404, 31.831521 ] } },
{ "type": "Feature", "properties": { "name": "合肥市第一中学教育集团(北城分校)", "type": "中学", "lon": 117.23906, "lat": 32.046064, "address": "双墩镇龙湖北路与谯城路交口西北角", "adcode": "", "intensity": 6.52, "grade": "VI-VII", "high_exposure": false }, "geometry": { "type": "Point", "coordinates": [ 117.23906, 32.046064 ] } },
{ "type": "Feature", "properties": { "name": "合肥市第四十五中学桐城路校区", "type": "中学", "lon": 117.280025, "lat": 31.855023, "address": "桐城路103号", "adcode": "", "intensity": 8.4, "grade": "VIII+", "high_exposure": true }, "geometry": { "type": "Point", "coordinates": [ 117.280025, 31.855023 ] } },
{ "type": "Feature", "properties": { "name": "合肥市庐阳中学", "type": "中学", "lon": 117.27409, "lat": 31.895231, "address": "固镇路78号", "adcode": "", "intensity": 7.65, "grade": "VIII+", "high_exposure": true }, "geometry": { "type": "Point", "coordinates": [ 117.27409, 31.895231 ] } },
{ "type": "Feature", "properties": { "name": "合肥皖智高级中学(磨店校区)", "type": "中学", "lon": 117.395596, "lat": 31.922488, "address": "新站区烈山路与临涣路交叉口东北角", "adcode": "", "intensity": 7.01, "grade": "VIII+", "high_exposure": true }, "geometry": { "type": "Point", "coordinates": [ 117.395596, 31.922488 ] } },
{ "type": "Feature", "properties": { "name": "合肥市第六中学百花井校区", "type": "中学", "lon": 117.283988, "lat": 31.869303, "address": "寿春路252号", "adcode": "", "intensity": 8.07, "grade": "VIII+", "high_exposure": true }, "geometry": { "type": "Point", "coordinates": [ 117.283988, 31.869303 ] } },
{ "type": "Feature", "properties": { "name": "合肥卓越中学", "type": "中学", "lon": 117.325791, "lat": 31.975726, "address": "魏武路合白路交叉口", "adcode": "", "intensity": 6.89, "grade": "VI-VII", "high_exposure": false }, "geometry": { "type": "Point", "coordinates": [ 117.325791, 31.975726 ] } },
{ "type": "Feature", "properties": { "name": "合肥市第九中学(四牌楼校区)", "type": "中学", "lon": 117.293021, "lat": 31.861243, "address": "长江中路89号(四牌楼地铁站B口步行240米)", "adcode": "", "intensity": 8.21, "grade": "VIII+", "high_exposure": true }, "geometry": { "type": "Point", "coordinates": [ 117.293021, 31.861243 ] } },
{ "type": "Feature", "properties": { "name": "合肥市第三十八中学和平校区", "type": "中学", "lon": 117.30922, "lat": 31.85532, "address": "明光路29号", "adcode": "", "intensity": 8.2, "grade": "VIII+", "high_exposure": true }, "geometry": { "type": "Point", "coordinates": [ 117.30922, 31.85532 ] } },
{ "type": "Feature", "properties": { "name": "长丰县第一中学", "type": "中学", "lon": 117.165938, "lat": 32.446116, "address": "北城路", "adcode": "", "intensity": 5.48, "grade": "≤V", "high_exposure": false }, "geometry": { "type": "Point", "coordinates": [ 117.165938, 32.446116 ] } },
{ "type": "Feature", "properties": { "name": "安徽省庐江第二中学", "type": "中学", "lon": 117.262721, "lat": 31.223867, "address": "泥河西路399号", "adcode": "", "intensity": 5.54, "grade": "≤V", "high_exposure": false }, "geometry": { "type": "Point", "coordinates": [ 117.262721, 31.223867 ] } },
{ "type": "Feature", "properties": { "name": "肥东县撮镇中学", "type": "中学", "lon": 117.467498, "lat": 31.815038, "address": "撮镇合马路62号", "adcode": "", "intensity": 6.89, "grade": "VI-VII", "high_exposure": false }, "geometry": { "type": "Point", "coordinates": [ 117.467498, 31.815038 ] } },
{ "type": "Feature", "properties": { "name": "合肥工业大学附属中学", "type": "中学", "lon": 117.290542, "lat": 31.842834, "address": "宁国南路103号(工大西门对面)", "adcode": "", "intensity": 8.74, "grade": "VIII+", "high_exposure": true }, "geometry": { "type": "Point", "coordinates": [ 117.290542, 31.842834 ] } },
{ "type": "Feature", "properties": { "name": "合肥市第五中学(和平校区)", "type": "中学", "lon": 117.322594, "lat": 31.855971, "address": "和平路212号", "adcode": "", "intensity": 8.04, "grade": "VIII+", "high_exposure": true }, "geometry": { "type": "Point", "coordinates": [ 117.322594, 31.855971 ] } },
{ "type": "Feature", "properties": { "name": "康桥学校合肥校区", "type": "中学", "lon": 117.352297, "lat": 31.939556, "address": "铜陵北路与唐河路交口东北角向东300米", "adcode": "", "intensity": 7.07, "grade": "VIII+", "high_exposure": true }, "geometry": { "type": "Point", "coordinates": [ 117.352297, 31.939556 ] } },
{ "type": "Feature", "properties": { "name": "肥东尚真中学", "type": "中学", "lon": 117.481461, "lat": 31.822945, "address": "撮镇镇义和商业街", "adcode": "", "intensity": 6.82, "grade": "VI-VII", "high_exposure": false }, "geometry": { "type": "Point", "coordinates": [ 117.481461, 31.822945 ] } },
{ "type": "Feature", "properties": { "name": "合肥市第四十六中学南校区", "type": "中学", "lon": 117.279539, "lat": 31.714571, "address": "西藏路2726号", "adcode": "", "intensity": 7.31, "grade": "VIII+", "high_exposure": true }, "geometry": { "type": "Point", "coordinates": [ 117.279539, 31.714571 ] } },
{ "type": "Feature", "properties": { "name": "新康中学", "type": "中学", "lon": 117.284469, "lat": 31.775972, "address": "徽州大道和花园大道交叉口、地铁一号线高王站西侧", "adcode": "", "intensity": 8.18, "grade": "VIII+", "high_exposure": true }, "geometry": { "type": "Point", "coordinates": [ 117.284469, 31.775972 ] } },
{ "type": "Feature", "properties": { "name": "合肥市第三十中学", "type": "中学", "lon": 117.316019, "lat": 31.906628, "address": "新蚌埠路1790号", "adcode": "", "intensity": 7.45, "grade": "VIII+", "high_exposure": true }, "geometry": { "type": "Point", "coordinates": [ 117.316019, 31.906628 ] } },
{ "type": "Feature", "properties": { "name": "合肥市第四十二中学", "type": "中学", "lon": 117.293633, "lat": 31.862755, "address": "长江中路64号(四牌楼地铁站出入口步行340米)", "adcode": "", "intensity": 8.17, "grade": "VIII+", "high_exposure": true }, "geometry": { "type": "Point", "coordinates": [ 117.293633, 31.862755 ] } },
{ "type": "Feature", "properties": { "name": "合肥市第四十五中学橡树湾校区", "type": "中学", "lon": 117.261233, "lat": 31.890197, "address": "凤台路1768号", "adcode": "", "intensity": 7.7, "grade": "VIII+", "high_exposure": true }, "geometry": { "type": "Point", "coordinates": [ 117.261233, 31.890197 ] } },
{ "type": "Feature", "properties": { "name": "合肥市五十中学西校教育集团贵池路校区", "type": "中学", "lon": 117.233471, "lat": 31.84664, "address": "贵池路55号", "adcode": "", "intensity": 8.1, "grade": "VIII+", "high_exposure": true }, "geometry": { "type": "Point", "coordinates": [ 117.233471, 31.84664 ] } },
{ "type": "Feature", "properties": { "name": "乐桥中学", "type": "中学", "lon": 117.182186, "lat": 31.142968, "address": "乐桥镇", "adcode": "", "intensity": 5.4, "grade": "≤V", "high_exposure": false }, "geometry": { "type": "Point", "coordinates": [ 117.182186, 31.142968 ] } },
{ "type": "Feature", "properties": { "name": "合肥高新创新实验中学", "type": "中学", "lon": 117.137399, "lat": 31.842014, "address": "彩虹路与文曲路交口西北角", "adcode": "", "intensity": 7.16, "grade": "VIII+", "high_exposure": true }, "geometry": { "type": "Point", "coordinates": [ 117.137399, 31.842014 ] } },
{ "type": "Feature", "properties": { "name": "合肥新桥中学", "type": "中学", "lon": 117.173196, "lat": 31.959515, "address": "岗集镇岗集派出所隔壁", "adcode": "", "intensity": 6.85, "grade": "VI-VII", "high_exposure": false }, "geometry": { "type": "Point", "coordinates": [ 117.173196, 31.959515 ] } },
{ "type": "Feature", "properties": { "name": "合肥一中肥东分校", "type": "中学", "lon": 117.447295, "lat": 31.906979, "address": "桥头集北路", "adcode": "", "intensity": 6.85, "grade": "VI-VII", "high_exposure": false }, "geometry": { "type": "Point", "coordinates": [ 117.447295, 31.906979 ] } },
{ "type": "Feature", "properties": { "name": "合肥市五十中学东校西园校区", "type": "中学", "lon": 117.258498, "lat": 31.850492, "address": "肥西路65号", "adcode": "", "intensity": 8.39, "grade": "VIII+", "high_exposure": true }, "geometry": { "type": "Point", "coordinates": [ 117.258498, 31.850492 ] } },
{ "type": "Feature", "properties": { "name": "合肥皖智高复补习学校", "type": "中学", "lon": 117.22248, "lat": 31.788263, "address": "芙蓉路650号", "adcode": "", "intensity": 7.91, "grade": "VIII+", "high_exposure": true }, "geometry": { "type": "Point", "coordinates": [ 117.22248, 31.788263 ] } },
{ "type": "Feature", "properties": { "name": "合肥市第七中学教育集团紫蓬分校", "type": "中学", "lon": 117.017169, "lat": 31.752625, "address": "紫蓬镇", "adcode": "", "intensity": 6.5, "grade": "VI-VII", "high_exposure": false }, "geometry": { "type": "Point", "coordinates": [ 117.017169, 31.752625 ] } },
{ "type": "Feature", "properties": { "name": "合肥中汇实验学校", "type": "中学", "lon": 117.323775, "lat": 31.947481, "address": "怀远路", "adcode": "", "intensity": 7.08, "grade": "VIII+", "high_exposure": true }, "geometry": { "type": "Point", "coordinates": [ 117.323775, 31.947481 ] } },
{ "type": "Feature", "properties": { "name": "安徽省庐江中学", "type": "中学", "lon": 117.320973, "lat": 31.248409, "address": [ ], "adcode": "", "intensity": 5.58, "grade": "≤V", "high_exposure": false }, "geometry": { "type": "Point", "coordinates": [ 117.320973, 31.248409 ] } },
{ "type": "Feature", "properties": { "name": "合肥市第五十五中学东校", "type": "中学", "lon": 117.388101, "lat": 31.873485, "address": "王岗路(王岗地铁站D口步行480米)", "adcode": "", "intensity": 7.31, "grade": "VIII+", "high_exposure": true }, "geometry": { "type": "Point", "coordinates": [ 117.388101, 31.873485 ] } },
{ "type": "Feature", "properties": { "name": "新华高级中学", "type": "中学", "lon": 117.245304, "lat": 32.060345, "address": "S102(阜阳北路)", "adcode": "", "intensity": 6.47, "grade": "VI-VII", "high_exposure": false }, "geometry": { "type": "Point", "coordinates": [ 117.245304, 32.060345 ] } },
{ "type": "Feature", "properties": { "name": "安徽省巢湖市第一中学", "type": "中学", "lon": 117.885481, "lat": 31.595624, "address": "亚父街道团结路(世纪大道西侧)", "adcode": "", "intensity": 5.6, "grade": "≤V", "high_exposure": false }, "geometry": { "type": "Point", "coordinates": [ 117.885481, 31.595624 ] } },
{ "type": "Feature", "properties": { "name": "合肥市第四十五中学森林城校区", "type": "中学", "lon": 117.231678, "lat": 31.891759, "address": "固镇路附近", "adcode": "", "intensity": 7.56, "grade": "VIII+", "high_exposure": true }, "geometry": { "type": "Point", "coordinates": [ 117.231678, 31.891759 ] } },
{ "type": "Feature", "properties": { "name": "合肥市庐阳高级中学(亳州路校区)", "type": "中学", "lon": 117.262097, "lat": 31.881739, "address": "亳州路280号", "adcode": "", "intensity": 7.82, "grade": "VIII+", "high_exposure": true }, "geometry": { "type": "Point", "coordinates": [ 117.262097, 31.881739 ] } },
{ "type": "Feature", "properties": { "name": "肥东县城关中学", "type": "中学", "lon": 117.457066, "lat": 31.877041, "address": "龙泉西路48号", "adcode": "", "intensity": 6.88, "grade": "VI-VII", "high_exposure": false }, "geometry": { "type": "Point", "coordinates": [ 117.457066, 31.877041 ] } },
{ "type": "Feature", "properties": { "name": "合肥八中铭传高中教育集团初中部", "type": "中学", "lon": 117.157363, "lat": 31.704528, "address": "上派镇人民西路88号", "adcode": "", "intensity": 6.92, "grade": "VI-VII", "high_exposure": false }, "geometry": { "type": "Point", "coordinates": [ 117.157363, 31.704528 ] } },
{ "type": "Feature", "properties": { "name": "合肥百花中学", "type": "中学", "lon": 117.07651, "lat": 31.848823, "address": "长江西路", "adcode": "", "intensity": 6.8, "grade": "VI-VII", "high_exposure": false }, "geometry": { "type": "Point", "coordinates": [ 117.07651, 31.848823 ] } },
{ "type": "Feature", "properties": { "name": "合肥市第四十八中学(望湖校区)", "type": "中学", "lon": 117.301173, "lat": 31.810301, "address": "呈坎路298号", "adcode": "", "intensity": 8.9, "grade": "VIII+", "high_exposure": true }, "geometry": { "type": "Point", "coordinates": [ 117.301173, 31.810301 ] } },
{ "type": "Feature", "properties": { "name": "合肥市第四十八中学滨湖教育集团万泉河路校区", "type": "中学", "lon": 117.300783, "lat": 31.748589, "address": "万泉河路2270号", "adcode": "", "intensity": 7.67, "grade": "VIII+", "high_exposure": true }, "geometry": { "type": "Point", "coordinates": [ 117.300783, 31.748589 ] } },
{ "type": "Feature", "properties": { "name": "合肥市五十中学天鹅湖教育集团蜀外校区", "type": "中学", "lon": 117.247074, "lat": 31.81576, "address": "东流路277号", "adcode": "", "intensity": 8.6, "grade": "VIII+", "high_exposure": true }, "geometry": { "type": "Point", "coordinates": [ 117.247074, 31.81576 ] } },
{ "type": "Feature", "properties": { "name": "肥东县第三中学清和校区", "type": "中学", "lon": 117.426187, "lat": 31.883831, "address": "临泉东路24号", "adcode": "", "intensity": 7.03, "grade": "VIII+", "high_exposure": true }, "geometry": { "type": "Point", "coordinates": [ 117.426187, 31.883831 ] } },
{ "type": "Feature", "properties": { "name": "润安公学", "type": "中学", "lon": 117.207483, "lat": 31.783645, "address": "翠微路与石鼓路交叉口东100米北门", "adcode": "", "intensity": 7.7, "grade": "VIII+", "high_exposure": true }, "geometry": { "type": "Point", "coordinates": [ 117.207483, 31.783645 ] } },
{ "type": "Feature", "properties": { "name": "合肥市庐阳中学(淮北路校区)", "type": "中学", "lon": 117.269496, "lat": 31.907275, "address": "蒙城北路与淮北路交口100米", "adcode": "", "intensity": 7.5, "grade": "VIII+", "high_exposure": true }, "geometry": { "type": "Point", "coordinates": [ 117.269496, 31.907275 ] } },
{ "type": "Feature", "properties": { "name": "合肥一六八玫瑰园学校东校区", "type": "中学", "lon": 117.216055, "lat": 31.778491, "address": "莲花社区经开区铜冠花园对面", "adcode": "", "intensity": 7.75, "grade": "VIII+", "high_exposure": true }, "geometry": { "type": "Point", "coordinates": [ 117.216055, 31.778491 ] } },
{ "type": "Feature", "properties": { "name": "安徽省庐江汤池中学", "type": "中学", "lon": 117.098365, "lat": 31.323275, "address": "汤池镇滨河西路", "adcode": "", "intensity": 5.68, "grade": "≤V", "high_exposure": false }, "geometry": { "type": "Point", "coordinates": [ 117.098365, 31.323275 ] } },
{ "type": "Feature", "properties": { "name": "安徽省肥西第三中学新校区", "type": "中学", "lon": 117.108107, "lat": 31.667682, "address": "花岗镇五显路与万涧路东北角", "adcode": "", "intensity": 6.61, "grade": "VI-VII", "high_exposure": false }, "geometry": { "type": "Point", "coordinates": [ 117.108107, 31.667682 ] } },
{ "type": "Feature", "properties": { "name": "金牛中学", "type": "中学", "lon": 117.21993, "lat": 31.389632, "address": "091县道东150米", "adcode": "", "intensity": 5.87, "grade": "≤V", "high_exposure": false }, "geometry": { "type": "Point", "coordinates": [ 117.21993, 31.389632 ] } },
{ "type": "Feature", "properties": { "name": "北城世纪城初级中学", "type": "中学", "lon": 117.239664, "lat": 32.011145, "address": "双墩镇北城世纪城康乐路15号", "adcode": "", "intensity": 6.69, "grade": "VI-VII", "high_exposure": false }, "geometry": { "type": "Point", "coordinates": [ 117.239664, 32.011145 ] } },
{ "type": "Feature", "properties": { "name": "合肥八中教育集团蜀山分校小庙中学", "type": "中学", "lon": 117.022647, "lat": 31.840461, "address": "小庙镇振兴路167号", "adcode": "", "intensity": 6.57, "grade": "VI-VII", "high_exposure": false }, "geometry": { "type": "Point", "coordinates": [ 117.022647, 31.840461 ] } },
{ "type": "Feature", "properties": { "name": "合肥市第六十二中学", "type": "中学", "lon": 117.163726, "lat": 31.808379, "address": "玉兰大道3号", "adcode": "", "intensity": 7.37, "grade": "VIII+", "high_exposure": true }, "geometry": { "type": "Point", "coordinates": [ 117.163726, 31.808379 ] } },
{ "type": "Feature", "properties": { "name": "肥东县第四中学", "type": "中学", "lon": 117.475647, "lat": 31.888417, "address": "店埠镇人民东路76号", "adcode": "", "intensity": 6.77, "grade": "VI-VII", "high_exposure": false }, "geometry": { "type": "Point", "coordinates": [ 117.475647, 31.888417 ] } },
{ "type": "Feature", "properties": { "name": "安徽省肥东县龙泉路学校", "type": "中学", "lon": 117.449816, "lat": 31.875911, "address": "店埠镇龙泉西路156号", "adcode": "", "intensity": 6.92, "grade": "VI-VII", "high_exposure": false }, "geometry": { "type": "Point", "coordinates": [ 117.449816, 31.875911 ] } },
{ "type": "Feature", "properties": { "name": "合肥市五十中学望岳校区", "type": "中学", "lon": 117.224673, "lat": 31.830785, "address": "岳西路101号", "adcode": "", "intensity": 8.09, "grade": "VIII+", "high_exposure": true }, "geometry": { "type": "Point", "coordinates": [ 117.224673, 31.830785 ] } },
{ "type": "Feature", "properties": { "name": "合肥寿春中学南国校区", "type": "中学", "lon": 117.270045, "lat": 31.881299, "address": "濉溪路夏店路中段(南国花园西侧)", "adcode": "", "intensity": 7.85, "grade": "VIII+", "high_exposure": true }, "geometry": { "type": "Point", "coordinates": [ 117.270045, 31.881299 ] } },
{ "type": "Feature", "properties": { "name": "合肥四十五中学(六安路校区)", "type": "中学", "lon": 117.281601, "lat": 31.864443, "address": "六安路65号", "adcode": "", "intensity": 8.17, "grade": "VIII+", "high_exposure": true }, "geometry": { "type": "Point", "coordinates": [ 117.281601, 31.864443 ] } },
{ "type": "Feature", "properties": { "name": "巢湖市槐林中学", "type": "中学", "lon": 117.611563, "lat": 31.415755, "address": "槐林镇巢庐路152号", "adcode": "", "intensity": 5.73, "grade": "≤V", "high_exposure": false }, "geometry": { "type": "Point", "coordinates": [ 117.611563, 31.415755 ] } },
{ "type": "Feature", "properties": { "name": "巢湖市第四中学", "type": "中学", "lon": 117.871191, "lat": 31.618999, "address": "巢湖北路(北外环路南侧)", "adcode": "", "intensity": 5.64, "grade": "≤V", "high_exposure": false }, "geometry": { "type": "Point", "coordinates": [ 117.871191, 31.618999 ] } },
{ "type": "Feature", "properties": { "name": "合肥市行知学校漕冲校区", "type": "中学", "lon": 117.356736, "lat": 31.867022, "address": "七里站街道长江东路221号", "adcode": "", "intensity": 7.59, "grade": "VIII+", "high_exposure": true }, "geometry": { "type": "Point", "coordinates": [ 117.356736, 31.867022 ] } },
{ "type": "Feature", "properties": { "name": "安徽省肥东县凯悦中学", "type": "中学", "lon": 117.466225, "lat": 31.893914, "address": "包公大道与沿河东路交汇处150米", "adcode": "", "intensity": 6.8, "grade": "VI-VII", "high_exposure": false }, "geometry": { "type": "Point", "coordinates": [ 117.466225, 31.893914 ] } },
{ "type": "Feature", "properties": { "name": "安徽师范大学附属庐江第三中学(新校区)", "type": "中学", "lon": 117.271442, "lat": 31.283405, "address": "新渡路98号", "adcode": "", "intensity": 5.65, "grade": "≤V", "high_exposure": false }, "geometry": { "type": "Point", "coordinates": [ 117.271442, 31.283405 ] } },
{ "type": "Feature", "properties": { "name": "巢湖市第二中学高中部(新校区)", "type": "中学", "lon": 117.842926, "lat": 31.604687, "address": "健康西路", "adcode": "", "intensity": 5.67, "grade": "≤V", "high_exposure": false }, "geometry": { "type": "Point", "coordinates": [ 117.842926, 31.604687 ] } },
{ "type": "Feature", "properties": { "name": "合肥市第四十五中学芙蓉分校北校区", "type": "中学", "lon": 117.197384, "lat": 31.792647, "address": "仙人路", "adcode": "", "intensity": 7.65, "grade": "VIII+", "high_exposure": true }, "geometry": { "type": "Point", "coordinates": [ 117.197384, 31.792647 ] } },
{ "type": "Feature", "properties": { "name": "安徽省下塘中学", "type": "中学", "lon": 117.212519, "lat": 32.197219, "address": "下塘镇新民街", "adcode": "", "intensity": 6.0, "grade": "VI-VII", "high_exposure": false }, "geometry": { "type": "Point", "coordinates": [ 117.212519, 32.197219 ] } },
{ "type": "Feature", "properties": { "name": "安师大附属肥东实验中学", "type": "中学", "lon": 117.505118, "lat": 31.851711, "address": "得心路与酿泉路口", "adcode": "", "intensity": 6.69, "grade": "VI-VII", "high_exposure": false }, "geometry": { "type": "Point", "coordinates": [ 117.505118, 31.851711 ] } },
{ "type": "Feature", "properties": { "name": "长丰县朱巷中学", "type": "中学", "lon": 117.215826, "lat": 32.313929, "address": "朱巷中学", "adcode": "", "intensity": 5.73, "grade": "≤V", "high_exposure": false }, "geometry": { "type": "Point", "coordinates": [ 117.215826, 32.313929 ] } },
{ "type": "Feature", "properties": { "name": "合肥一六八玫瑰园东校教育集团经开实验学校", "type": "中学", "lon": 117.212236, "lat": 31.751124, "address": "经济开发区桃源路158号", "adcode": "", "intensity": 7.47, "grade": "VIII+", "high_exposure": true }, "geometry": { "type": "Point", "coordinates": [ 117.212236, 31.751124 ] } },
{ "type": "Feature", "properties": { "name": "安师大附属肥西外国语学校初中部", "type": "中学", "lon": 117.182216, "lat": 31.699413, "address": "司空山路与站下路交叉口东北200米", "adcode": "", "intensity": 6.98, "grade": "VI-VII", "high_exposure": false }, "geometry": { "type": "Point", "coordinates": [ 117.182216, 31.699413 ] } },
{ "type": "Feature", "properties": { "name": "合肥瑶海安拖家园幼儿园", "type": "幼儿园", "lon": 117.325968, "lat": 31.852083, "address": "淝东路与螺蛳岗路交口", "adcode": "", "intensity": 8.05, "grade": "VIII+", "high_exposure": true }, "geometry": { "type": "Point", "coordinates": [ 117.325968, 31.852083 ] } },
{ "type": "Feature", "properties": { "name": "合肥三味蒙特梭利国际幼儿园", "type": "幼儿园", "lon": 117.246875, "lat": 31.851125, "address": "长江西路297号金域华府商业楼", "adcode": "", "intensity": 8.23, "grade": "VIII+", "high_exposure": true }, "geometry": { "type": "Point", "coordinates": [ 117.246875, 31.851125 ] } },
{ "type": "Feature", "properties": { "name": "安徽省人民政府机关幼儿园(红星路)", "type": "幼儿园", "lon": 117.285117, "lat": 31.859121, "address": "四牌楼红星路", "adcode": "", "intensity": 8.29, "grade": "VIII+", "high_exposure": true }, "geometry": { "type": "Point", "coordinates": [ 117.285117, 31.859121 ] } },
{ "type": "Feature", "properties": { "name": "贝乐海顿公馆幼儿园", "type": "幼儿园", "lon": 117.305607, "lat": 31.829268, "address": "马鞍山路与望江东路交口", "adcode": "", "intensity": 8.77, "grade": "VIII+", "high_exposure": true }, "geometry": { "type": "Point", "coordinates": [ 117.305607, 31.829268 ] } },
{ "type": "Feature", "properties": { "name": "中国科学技术大学幼儿园(宿松路)", "type": "幼儿园", "lon": 117.272448, "lat": 31.838745, "address": "金寨路96号中国科技大学东校区", "adcode": "", "intensity": 8.93, "grade": "VIII+", "high_exposure": true }, "geometry": { "type": "Point", "coordinates": [ 117.272448, 31.838745 ] } },
{ "type": "Feature", "properties": { "name": "合肥市包河区同和民康·幼儿园", "type": "幼儿园", "lon": 117.317035, "lat": 31.802853, "address": "前园路与大强路交叉口东北60米", "adcode": "", "intensity": 8.38, "grade": "VIII+", "high_exposure": true }, "geometry": { "type": "Point", "coordinates": [ 117.317035, 31.802853 ] } },
{ "type": "Feature", "properties": { "name": "合肥市安庆路幼儿园教育集团总园", "type": "幼儿园", "lon": 117.28105, "lat": 31.862825, "address": "安庆路139号", "adcode": "", "intensity": 8.21, "grade": "VIII+", "high_exposure": true }, "geometry": { "type": "Point", "coordinates": [ 117.28105, 31.862825 ] } },
{ "type": "Feature", "properties": { "name": "合肥润安公学幼儿园", "type": "幼儿园", "lon": 117.2074, "lat": 31.785311, "address": "翠微路268号博润CFEC", "adcode": "", "intensity": 7.71, "grade": "VIII+", "high_exposure": true }, "geometry": { "type": "Point", "coordinates": [ 117.2074, 31.785311 ] } },
{ "type": "Feature", "properties": { "name": "合肥林旭南湖春城幼儿园", "type": "幼儿园", "lon": 117.269062, "lat": 31.770633, "address": "海恒街合肥林旭南湖春城幼儿园", "adcode": "", "intensity": 8.05, "grade": "VIII+", "high_exposure": true }, "geometry": { "type": "Point", "coordinates": [ 117.269062, 31.770633 ] } },
{ "type": "Feature", "properties": { "name": "中共安徽省委机关幼儿园", "type": "幼儿园", "lon": 117.293255, "lat": 31.858527, "address": "红星路1号", "adcode": "", "intensity": 8.27, "grade": "VIII+", "high_exposure": true }, "geometry": { "type": "Point", "coordinates": [ 117.293255, 31.858527 ] } },
{ "type": "Feature", "properties": { "name": "安徽省水利厅机关幼儿园", "type": "幼儿园", "lon": 117.275859, "lat": 31.838904, "address": "曙光路1号(中国科大东区地铁站B口步行400米)", "adcode": "", "intensity": 8.96, "grade": "VIII+", "high_exposure": true }, "geometry": { "type": "Point", "coordinates": [ 117.275859, 31.838904 ] } },
{ "type": "Feature", "properties": { "name": "栢悦幼儿园", "type": "幼儿园", "lon": 117.224889, "lat": 31.798672, "address": "合肥政务区万佛湖路与怀宁路交口置地广场", "adcode": "", "intensity": 8.03, "grade": "VIII+", "high_exposure": true }, "geometry": { "type": "Point", "coordinates": [ 117.224889, 31.798672 ] } },
{ "type": "Feature", "properties": { "name": "北京金色摇篮硕果幼儿园", "type": "幼儿园", "lon": 117.257767, "lat": 31.889697, "address": "橡树湾一期(四泉桥地铁站出入口步行390米)", "adcode": "", "intensity": 7.69, "grade": "VIII+", "high_exposure": true }, "geometry": { "type": "Point", "coordinates": [ 117.257767, 31.889697 ] } },
{ "type": "Feature", "properties": { "name": "兴漕新居幼儿园", "type": "幼儿园", "lon": 117.359927, "lat": 31.862424, "address": "郎溪路辅路与新安江支路交叉口南120米", "adcode": "", "intensity": 7.59, "grade": "VIII+", "high_exposure": true }, "geometry": { "type": "Point", "coordinates": [ 117.359927, 31.862424 ] } },
{ "type": "Feature", "properties": { "name": "合肥市聚福家园幼儿园", "type": "幼儿园", "lon": 117.343206, "lat": 31.840581, "address": "泾县路与枞阳路交叉口西60米", "adcode": "", "intensity": 7.92, "grade": "VIII+", "high_exposure": true }, "geometry": { "type": "Point", "coordinates": [ 117.343206, 31.840581 ] } },
{ "type": "Feature", "properties": { "name": "祁门路幼儿园", "type": "幼儿园", "lon": 117.237767, "lat": 31.810125, "address": "石台路与祁门路交汇处西北角", "adcode": "", "intensity": 8.34, "grade": "VIII+", "high_exposure": true }, "geometry": { "type": "Point", "coordinates": [ 117.237767, 31.810125 ] } },
{ "type": "Feature", "properties": { "name": "吉的堡润园幼儿园(佛掌路)", "type": "幼儿园", "lon": 117.23568, "lat": 31.779449, "address": "佛掌路与北海路交汇处西北100米", "adcode": "", "intensity": 7.96, "grade": "VIII+", "high_exposure": true }, "geometry": { "type": "Point", "coordinates": [ 117.23568, 31.779449 ] } },
{ "type": "Feature", "properties": { "name": "丁香家园幼儿园", "type": "幼儿园", "lon": 117.242939, "lat": 31.827282, "address": "南七街道望江西路与东至路交口丁香家园一期5幢301室", "adcode": "", "intensity": 8.48, "grade": "VIII+", "high_exposure": true }, "geometry": { "type": "Point", "coordinates": [ 117.242939, 31.827282 ] } },
{ "type": "Feature", "properties": { "name": "童享时光·合肥市四川路幼儿园", "type": "幼儿园", "lon": 117.274085, "lat": 31.708901, "address": "成都路与四川路交叉口西200米", "adcode": "", "intensity": 7.26, "grade": "VIII+", "high_exposure": true }, "geometry": { "type": "Point", "coordinates": [ 117.274085, 31.708901 ] } },
{ "type": "Feature", "properties": { "name": "安徽省省直机关第三幼儿园", "type": "幼儿园", "lon": 117.279088, "lat": 31.845142, "address": "桐城南路419号曙光新村内", "adcode": "", "intensity": 8.71, "grade": "VIII+", "high_exposure": true }, "geometry": { "type": "Point", "coordinates": [ 117.279088, 31.845142 ] } },
{ "type": "Feature", "properties": { "name": "合肥市大西门幼儿园", "type": "幼儿园", "lon": 117.269157, "lat": 31.861348, "address": "天王巷10号", "adcode": "", "intensity": 8.22, "grade": "VIII+", "high_exposure": true }, "geometry": { "type": "Point", "coordinates": [ 117.269157, 31.861348 ] } },
{ "type": "Feature", "properties": { "name": "欢乐谷(汇林)幼儿园", "type": "幼儿园", "lon": 117.218948, "lat": 31.823782, "address": "翡翠路汇林阁小区内", "adcode": "", "intensity": 8.02, "grade": "VIII+", "high_exposure": true }, "geometry": { "type": "Point", "coordinates": [ 117.218948, 31.823782 ] } },
{ "type": "Feature", "properties": { "name": "合肥市板桥里幼儿园", "type": "幼儿园", "lon": 117.29451, "lat": 31.882983, "address": "新蚌埠路与嘉山路交口东北角", "adcode": "", "intensity": 7.81, "grade": "VIII+", "high_exposure": true }, "geometry": { "type": "Point", "coordinates": [ 117.29451, 31.882983 ] } },
{ "type": "Feature", "properties": { "name": "合肥市琥珀山庄灵童幼儿园", "type": "幼儿园", "lon": 117.263451, "lat": 31.867394, "address": "长江西路6号", "adcode": "", "intensity": 8.07, "grade": "VIII+", "high_exposure": true }, "geometry": { "type": "Point", "coordinates": [ 117.263451, 31.867394 ] } },
{ "type": "Feature", "properties": { "name": "合肥市滨湖启明星幼儿园", "type": "幼儿园", "lon": 117.296233, "lat": 31.736207, "address": "滨湖世纪社区长沙路与天山路交叉路口", "adcode": "", "intensity": 7.53, "grade": "VIII+", "high_exposure": true }, "geometry": { "type": "Point", "coordinates": [ 117.296233, 31.736207 ] } },
{ "type": "Feature", "properties": { "name": "肥东县实验幼儿园教育集团(总园)", "type": "幼儿园", "lon": 117.465627, "lat": 31.891071, "address": "店埠镇沿河东路", "adcode": "", "intensity": 6.81, "grade": "VI-VII", "high_exposure": false }, "geometry": { "type": "Point", "coordinates": [ 117.465627, 31.891071 ] } },
{ "type": "Feature", "properties": { "name": "高新吉的堡幼儿园", "type": "幼儿园", "lon": 117.197316, "lat": 31.817287, "address": "海棠路北50米", "adcode": "", "intensity": 7.72, "grade": "VIII+", "high_exposure": true }, "geometry": { "type": "Point", "coordinates": [ 117.197316, 31.817287 ] } },
{ "type": "Feature", "properties": { "name": "学林雅苑幼儿园", "type": "幼儿园", "lon": 117.198703, "lat": 31.758553, "address": "翡翠路715号学林雅苑内", "adcode": "", "intensity": 7.45, "grade": "VIII+", "high_exposure": true }, "geometry": { "type": "Point", "coordinates": [ 117.198703, 31.758553 ] } },
{ "type": "Feature", "properties": { "name": "伊顿幼儿园(合肥御龙湾校园)", "type": "幼儿园", "lon": 117.209628, "lat": 31.811946, "address": "茂荫路999号御龙湾小区西南角", "adcode": "", "intensity": 7.87, "grade": "VIII+", "high_exposure": true }, "geometry": { "type": "Point", "coordinates": [ 117.209628, 31.811946 ] } },
{ "type": "Feature", "properties": { "name": "精英佳源都市幼儿园", "type": "幼儿园", "lon": 117.30612, "lat": 31.734229, "address": "湖北路与洞庭湖路交叉口西南60米", "adcode": "", "intensity": 7.49, "grade": "VIII+", "high_exposure": true }, "geometry": { "type": "Point", "coordinates": [ 117.30612, 31.734229 ] } },
{ "type": "Feature", "properties": { "name": "安徽光华婴幼儿托育中心", "type": "幼儿园", "lon": 117.203302, "lat": 31.852191, "address": "高新区天通路139号", "adcode": "", "intensity": 7.69, "grade": "VIII+", "high_exposure": true }, "geometry": { "type": "Point", "coordinates": [ 117.203302, 31.852191 ] } },
{ "type": "Feature", "properties": { "name": "合肥庐阳橡树湾幼儿园", "type": "幼儿园", "lon": 117.256842, "lat": 31.888151, "address": "桃花路与肥西路交叉口橡树湾三期西门", "adcode": "", "intensity": 7.71, "grade": "VIII+", "high_exposure": true }, "geometry": { "type": "Point", "coordinates": [ 117.256842, 31.888151 ] } },
{ "type": "Feature", "properties": { "name": "镇北幼儿园", "type": "幼儿园", "lon": 117.474466, "lat": 31.89489, "address": "梁园路", "adcode": "", "intensity": 6.76, "grade": "VI-VII", "high_exposure": false }, "geometry": { "type": "Point", "coordinates": [ 117.474466, 31.89489 ] } },
{ "type": "Feature", "properties": { "name": "新鑫幼教·罗兰香谷幼儿园", "type": "幼儿园", "lon": 117.407097, "lat": 31.925769, "address": "淮海大道与相城路交口向西100米", "adcode": "", "intensity": 6.95, "grade": "VI-VII", "high_exposure": false }, "geometry": { "type": "Point", "coordinates": [ 117.407097, 31.925769 ] } },
{ "type": "Feature", "properties": { "name": "合肥市上海路幼儿园", "type": "幼儿园", "lon": 117.340582, "lat": 31.747835, "address": "义城老街4号", "adcode": "", "intensity": 7.49, "grade": "VIII+", "high_exposure": true }, "geometry": { "type": "Point", "coordinates": [ 117.340582, 31.747835 ] } },
{ "type": "Feature", "properties": { "name": "漕冲幼儿园", "type": "幼儿园", "lon": 117.35328, "lat": 31.86519, "address": "合浦小区1号", "adcode": "", "intensity": 7.63, "grade": "VIII+", "high_exposure": true }, "geometry": { "type": "Point", "coordinates": [ 117.35328, 31.86519 ] } },
{ "type": "Feature", "properties": { "name": "合肥海纳·翠庭幼儿园", "type": "幼儿园", "lon": 117.208076, "lat": 31.806576, "address": "习友路", "adcode": "", "intensity": 7.84, "grade": "VIII+", "high_exposure": true }, "geometry": { "type": "Point", "coordinates": [ 117.208076, 31.806576 ] } },
{ "type": "Feature", "properties": { "name": "合肥市长江路幼儿园", "type": "幼儿园", "lon": 117.297639, "lat": 31.863145, "address": "长江中路4号(大东门地铁站B口步行430米)", "adcode": "", "intensity": 8.14, "grade": "VIII+", "high_exposure": true }, "geometry": { "type": "Point", "coordinates": [ 117.297639, 31.863145 ] } },
{ "type": "Feature", "properties": { "name": "合肥包河幸福天使幼儿园", "type": "幼儿园", "lon": 117.257167, "lat": 31.807436, "address": "祁门路与南屏路交口(南屏路地铁站2号口步行180米)", "adcode": "", "intensity": 8.79, "grade": "VIII+", "high_exposure": true }, "geometry": { "type": "Point", "coordinates": [ 117.257167, 31.807436 ] } },
{ "type": "Feature", "properties": { "name": "合肥九溪江南幼儿园", "type": "幼儿园", "lon": 117.200652, "lat": 31.790111, "address": "经济开发区芙蓉路888号", "adcode": "", "intensity": 7.67, "grade": "VIII+", "high_exposure": true }, "geometry": { "type": "Point", "coordinates": [ 117.200652, 31.790111 ] } },
{ "type": "Feature", "properties": { "name": "新型家园幼儿园", "type": "幼儿园", "lon": 117.153796, "lat": 31.739133, "address": "集贤路(新型家园)", "adcode": "", "intensity": 7.07, "grade": "VIII+", "high_exposure": true }, "geometry": { "type": "Point", "coordinates": [ 117.153796, 31.739133 ] } },
{ "type": "Feature", "properties": { "name": "合肥市高铁南站幼儿园", "type": "幼儿园", "lon": 117.298633, "lat": 31.801524, "address": "高铁路北侧", "adcode": "", "intensity": 8.74, "grade": "VIII+", "high_exposure": true }, "geometry": { "type": "Point", "coordinates": [ 117.298633, 31.801524 ] } },
{ "type": "Feature", "properties": { "name": "吉的堡合肥学府名都幼儿园", "type": "幼儿园", "lon": 117.228152, "lat": 31.833088, "address": "望江西路269号华地学府名都小区内", "adcode": "", "intensity": 8.14, "grade": "VIII+", "high_exposure": true }, "geometry": { "type": "Point", "coordinates": [ 117.228152, 31.833088 ] } },
{ "type": "Feature", "properties": { "name": "文博幼儿园", "type": "幼儿园", "lon": 117.023367, "lat": 31.76202, "address": "紫蓬镇上小路与聚农路交叉口", "adcode": "", "intensity": 6.54, "grade": "VI-VII", "high_exposure": false }, "geometry": { "type": "Point", "coordinates": [ 117.023367, 31.76202 ] } },
{ "type": "Feature", "properties": { "name": "肥东童乐幼儿园", "type": "幼儿园", "lon": 117.479962, "lat": 31.884874, "address": "店埠镇石塘路", "adcode": "", "intensity": 6.76, "grade": "VI-VII", "high_exposure": false }, "geometry": { "type": "Point", "coordinates": [ 117.479962, 31.884874 ] } },
{ "type": "Feature", "properties": { "name": "合肥金色摇篮融侨天骏幼儿园", "type": "幼儿园", "lon": 117.208298, "lat": 31.804842, "address": "政务区习友路与徽毫路交汇处融侨天骏小区", "adcode": "", "intensity": 7.83, "grade": "VIII+", "high_exposure": true }, "geometry": { "type": "Point", "coordinates": [ 117.208298, 31.804842 ] } },
{ "type": "Feature", "properties": { "name": "合肥创和禹洲中央城幼儿园", "type": "幼儿园", "lon": 117.309864, "lat": 31.902156, "address": "扶疏路(禹洲中央城)(兴华苑地铁站C口步行460米)", "adcode": "", "intensity": 7.52, "grade": "VIII+", "high_exposure": true }, "geometry": { "type": "Point", "coordinates": [ 117.309864, 31.902156 ] } },
{ "type": "Feature", "properties": { "name": "合肥市琥珀第一幼儿园", "type": "幼儿园", "lon": 117.264624, "lat": 31.861958, "address": "琥珀大道琥珀南村琥珀小学旁", "adcode": "", "intensity": 8.18, "grade": "VIII+", "high_exposure": true }, "geometry": { "type": "Point", "coordinates": [ 117.264624, 31.861958 ] } },
{ "type": "Feature", "properties": { "name": "碧水源幼儿园", "type": "幼儿园", "lon": 117.23811, "lat": 31.893955, "address": "北二环与四里河交叉口紫薇街", "adcode": "", "intensity": 7.57, "grade": "VIII+", "high_exposure": true }, "geometry": { "type": "Point", "coordinates": [ 117.23811, 31.893955 ] } },
{ "type": "Feature", "properties": { "name": "童享时光合肥市延安路幼儿园", "type": "幼儿园", "lon": 117.318221, "lat": 31.7797, "address": "包河经济开发区延安路北", "adcode": "", "intensity": 8.02, "grade": "VIII+", "high_exposure": true }, "geometry": { "type": "Point", "coordinates": [ 117.318221, 31.7797 ] } },
{ "type": "Feature", "properties": { "name": "金港湾幼儿园", "type": "幼儿园", "lon": 117.110126, "lat": 31.835772, "address": "祥源金港湾西北门南440米", "adcode": "", "intensity": 6.99, "grade": "VI-VII", "high_exposure": false }, "geometry": { "type": "Point", "coordinates": [ 117.110126, 31.835772 ] } },
{ "type": "Feature", "properties": { "name": "合肥必爱课幼儿园", "type": "幼儿园", "lon": 117.152455, "lat": 31.831392, "address": "高新技术产业开发区望江西路与浮山路交口高体中心七号楼", "adcode": "", "intensity": 7.28, "grade": "VIII+", "high_exposure": true }, "geometry": { "type": "Point", "coordinates": [ 117.152455, 31.831392 ] } },
{ "type": "Feature", "properties": { "name": "精英云熙幼儿园", "type": "幼儿园", "lon": 117.302863, "lat": 31.921734, "address": "新站区淮南路与万罗山交叉口", "adcode": "", "intensity": 7.33, "grade": "VIII+", "high_exposure": true }, "geometry": { "type": "Point", "coordinates": [ 117.302863, 31.921734 ] } },
{ "type": "Feature", "properties": { "name": "东华园幼儿园", "type": "幼儿园", "lon": 117.254948, "lat": 31.771658, "address": "经开区清谭路与石门路交叉口东华园小区", "adcode": "", "intensity": 8.0, "grade": "VIII+", "high_exposure": true }, "geometry": { "type": "Point", "coordinates": [ 117.254948, 31.771658 ] } },
{ "type": "Feature", "properties": { "name": "合肥工业大学幼儿园", "type": "幼儿园", "lon": 117.292425, "lat": 31.842221, "address": "屯溪路193号合肥工业大学", "adcode": "", "intensity": 8.73, "grade": "VIII+", "high_exposure": true }, "geometry": { "type": "Point", "coordinates": [ 117.292425, 31.842221 ] } },
{ "type": "Feature", "properties": { "name": "红缨皖都徽韵幼儿园", "type": "幼儿园", "lon": 117.319573, "lat": 31.776932, "address": "延安路1777正西方向60米", "adcode": "", "intensity": 7.97, "grade": "VIII+", "high_exposure": true }, "geometry": { "type": "Point", "coordinates": [ 117.319573, 31.776932 ] } },
{ "type": "Feature", "properties": { "name": "合肥市荣城幼儿园教育集团(美丽景湾分园)", "type": "幼儿园", "lon": 117.261663, "lat": 31.920842, "address": "景湾路与高皇路交叉口北60米", "adcode": "", "intensity": 7.35, "grade": "VIII+", "high_exposure": true }, "geometry": { "type": "Point", "coordinates": [ 117.261663, 31.920842 ] } },
{ "type": "Feature", "properties": { "name": "合肥市嘉山路幼儿园", "type": "幼儿园", "lon": 117.302126, "lat": 31.891957, "address": "凤台路与白龙路交叉口西南角", "adcode": "", "intensity": 7.66, "grade": "VIII+", "high_exposure": true }, "geometry": { "type": "Point", "coordinates": [ 117.302126, 31.891957 ] } },
{ "type": "Feature", "properties": { "name": "紫桐新村幼儿园", "type": "幼儿园", "lon": 117.242611, "lat": 31.890831, "address": "四里河路紫桐新村小区内", "adcode": "", "intensity": 7.62, "grade": "VIII+", "high_exposure": true }, "geometry": { "type": "Point", "coordinates": [ 117.242611, 31.890831 ] } },
{ "type": "Feature", "properties": { "name": "邮电新村幼儿园", "type": "幼儿园", "lon": 117.244492, "lat": 31.850101, "address": "邮电新村内(五里墩地铁站B口步行490米)", "adcode": "", "intensity": 8.21, "grade": "VIII+", "high_exposure": true }, "geometry": { "type": "Point", "coordinates": [ 117.244492, 31.850101 ] } },
{ "type": "Feature", "properties": { "name": "童享时光合肥市唐模路幼儿园", "type": "幼儿园", "lon": 117.323167, "lat": 31.807066, "address": "唐模路与澄塘路交叉口", "adcode": "", "intensity": 8.3, "grade": "VIII+", "high_exposure": true }, "geometry": { "type": "Point", "coordinates": [ 117.323167, 31.807066 ] } },
{ "type": "Feature", "properties": { "name": "亲亲幼儿园(浮槎山路)", "type": "幼儿园", "lon": 117.476885, "lat": 31.884379, "address": "店埠镇浮槎路包公学府2栋门面105室", "adcode": "", "intensity": 6.77, "grade": "VI-VII", "high_exposure": false }, "geometry": { "type": "Point", "coordinates": [ 117.476885, 31.884379 ] } },
{ "type": "Feature", "properties": { "name": "百草街幼儿园", "type": "幼儿园", "lon": 117.144246, "lat": 31.84848, "address": "高新区百草街", "adcode": "", "intensity": 7.19, "grade": "VIII+", "high_exposure": true }, "geometry": { "type": "Point", "coordinates": [ 117.144246, 31.84848 ] } },
{ "type": "Feature", "properties": { "name": "水墨蓝天幼儿园", "type": "幼儿园", "lon": 117.218937, "lat": 31.821105, "address": "高河西路万达广场合肥天鹅湖店西北侧约130米", "adcode": "", "intensity": 8.02, "grade": "VIII+", "high_exposure": true }, "geometry": { "type": "Point", "coordinates": [ 117.218937, 31.821105 ] } },
{ "type": "Feature", "properties": { "name": "童享时光合肥市南昌路幼儿园", "type": "幼儿园", "lon": 117.307675, "lat": 31.714474, "address": "南昌路与万年埠路交口东南", "adcode": "", "intensity": 7.29, "grade": "VIII+", "high_exposure": true }, "geometry": { "type": "Point", "coordinates": [ 117.307675, 31.714474 ] } },
{ "type": "Feature", "properties": { "name": "合肥水岸茗都幼儿园", "type": "幼儿园", "lon": 117.216694, "lat": 31.796622, "address": "万佛湖路179附近", "adcode": "", "intensity": 7.9, "grade": "VIII+", "high_exposure": true }, "geometry": { "type": "Point", "coordinates": [ 117.216694, 31.796622 ] } },
{ "type": "Feature", "properties": { "name": "合肥市安庆路幼儿园(教育集团迎松路分园)", "type": "幼儿园", "lon": 117.234728, "lat": 31.882163, "address": "林湖路与迎松路交叉口", "adcode": "", "intensity": 7.68, "grade": "VIII+", "high_exposure": true }, "geometry": { "type": "Point", "coordinates": [ 117.234728, 31.882163 ] } },
{ "type": "Feature", "properties": { "name": "合肥市滨湖晨星幼儿园", "type": "幼儿园", "lon": 117.298292, "lat": 31.698878, "address": "湖南路与贵阳路交口东100米", "adcode": "", "intensity": 7.16, "grade": "VIII+", "high_exposure": true }, "geometry": { "type": "Point", "coordinates": [ 117.298292, 31.698878 ] } },
{ "type": "Feature", "properties": { "name": "合肥海纳启航美域幼儿园", "type": "幼儿园", "lon": 117.236629, "lat": 31.863578, "address": "金牛路融侨中央美域B区旁", "adcode": "", "intensity": 7.93, "grade": "VIII+", "high_exposure": true }, "geometry": { "type": "Point", "coordinates": [ 117.236629, 31.863578 ] } },
{ "type": "Feature", "properties": { "name": "江晨园幼儿园", "type": "幼儿园", "lon": 117.339059, "lat": 31.87478, "address": "当涂路与临泉路交叉口江晨园小区内", "adcode": "", "intensity": 7.66, "grade": "VIII+", "high_exposure": true }, "geometry": { "type": "Point", "coordinates": [ 117.339059, 31.87478 ] } },
{ "type": "Feature", "properties": { "name": "合肥市桂园幼儿园", "type": "幼儿园", "lon": 117.271238, "lat": 31.720814, "address": "规划路与贵州路交叉口西北40米", "adcode": "", "intensity": 7.37, "grade": "VIII+", "high_exposure": true }, "geometry": { "type": "Point", "coordinates": [ 117.271238, 31.720814 ] } },
{ "type": "Feature", "properties": { "name": "新年余幼儿园", "type": "幼儿园", "lon": 117.178811, "lat": 31.714914, "address": [ ], "adcode": "", "intensity": 7.06, "grade": "VIII+", "high_exposure": true }, "geometry": { "type": "Point", "coordinates": [ 117.178811, 31.714914 ] } },
{ "type": "Feature", "properties": { "name": "合肥海恒教育公园万象幼儿园", "type": "幼儿园", "lon": 117.271221, "lat": 31.790361, "address": "宿松路3333号", "adcode": "", "intensity": 8.53, "grade": "VIII+", "high_exposure": true }, "geometry": { "type": "Point", "coordinates": [ 117.271221, 31.790361 ] } },
{ "type": "Feature", "properties": { "name": "合肥悉尼阳光幼儿园", "type": "幼儿园", "lon": 117.229957, "lat": 31.837895, "address": "黄山路与潜山路交叉口", "adcode": "", "intensity": 8.14, "grade": "VIII+", "high_exposure": true }, "geometry": { "type": "Point", "coordinates": [ 117.229957, 31.837895 ] } },
{ "type": "Feature", "properties": { "name": "北京金色摇篮幼儿园(云谷路)", "type": "幼儿园", "lon": 117.3105, "lat": 31.717458, "address": "宝能城一期北区南1门旁", "adcode": "", "intensity": 7.31, "grade": "VIII+", "high_exposure": true }, "geometry": { "type": "Point", "coordinates": [ 117.3105, 31.717458 ] } },
{ "type": "Feature", "properties": { "name": "合肥绿城育华玫瑰园幼儿园", "type": "幼儿园", "lon": 117.189325, "lat": 31.780574, "address": "经开区", "adcode": "", "intensity": 7.51, "grade": "VIII+", "high_exposure": true }, "geometry": { "type": "Point", "coordinates": [ 117.189325, 31.780574 ] } },
{ "type": "Feature", "properties": { "name": "合肥市保利熙悦府幼儿园", "type": "幼儿园", "lon": 117.315966, "lat": 31.852691, "address": "铜陵路与裕溪路交汇处西北角", "adcode": "", "intensity": 8.16, "grade": "VIII+", "high_exposure": true }, "geometry": { "type": "Point", "coordinates": [ 117.315966, 31.852691 ] } },
{ "type": "Feature", "properties": { "name": "巢湖市金码头幼儿园", "type": "幼儿园", "lon": 117.865352, "lat": 31.591768, "address": "金码头城西北4门东200米", "adcode": "", "intensity": 5.63, "grade": "≤V", "high_exposure": false }, "geometry": { "type": "Point", "coordinates": [ 117.865352, 31.591768 ] } },
{ "type": "Feature", "properties": { "name": "合肥发能·太阳海岸幼儿园", "type": "幼儿园", "lon": 117.204878, "lat": 31.804376, "address": "徽毫路太阳海岸花园小区内", "adcode": "", "intensity": 7.79, "grade": "VIII+", "high_exposure": true }, "geometry": { "type": "Point", "coordinates": [ 117.204878, 31.804376 ] } },
{ "type": "Feature", "properties": { "name": "合肥观湖苑幼儿园", "type": "幼儿园", "lon": 117.297754, "lat": 31.738353, "address": "天山路25附近", "adcode": "", "intensity": 7.55, "grade": "VIII+", "high_exposure": true }, "geometry": { "type": "Point", "coordinates": [ 117.297754, 31.738353 ] } },
{ "type": "Feature", "properties": { "name": "童享时光合肥市关麓路幼儿园", "type": "幼儿园", "lon": 117.258299, "lat": 31.798432, "address": "塔川路与关麓路交口", "adcode": "", "intensity": 8.6, "grade": "VIII+", "high_exposure": true }, "geometry": { "type": "Point", "coordinates": [ 117.258299, 31.798432 ] } },
{ "type": "Feature", "properties": { "name": "东泰纺织厂纺幼儿园", "type": "幼儿园", "lon": 117.452956, "lat": 31.881965, "address": "桥头集路与尚真小学北巷交叉口东200米", "adcode": "", "intensity": 6.89, "grade": "VI-VII", "high_exposure": false }, "geometry": { "type": "Point", "coordinates": [ 117.452956, 31.881965 ] } },
{ "type": "Feature", "properties": { "name": "合肥高新区复兴路幼儿园", "type": "幼儿园", "lon": 117.14307, "lat": 31.816511, "address": "复兴路与永和路交叉口西北角二幼支路", "adcode": "", "intensity": 7.21, "grade": "VIII+", "high_exposure": true }, "geometry": { "type": "Point", "coordinates": [ 117.14307, 31.816511 ] } },
{ "type": "Feature", "properties": { "name": "合肥市贵池路幼儿园", "type": "幼儿园", "lon": 117.249193, "lat": 31.847203, "address": "合作化南路77号天鹅花园内", "adcode": "", "intensity": 8.33, "grade": "VIII+", "high_exposure": true }, "geometry": { "type": "Point", "coordinates": [ 117.249193, 31.847203 ] } },
{ "type": "Feature", "properties": { "name": "合肥幼教集团新店花园幼儿园", "type": "幼儿园", "lon": 117.321623, "lat": 31.937493, "address": "桐柏路与怀远路交叉口西北140米", "adcode": "", "intensity": 7.16, "grade": "VIII+", "high_exposure": true }, "geometry": { "type": "Point", "coordinates": [ 117.321623, 31.937493 ] } },
{ "type": "Feature", "properties": { "name": "光明幼儿园(贵池路)", "type": "幼儿园", "lon": 117.248102, "lat": 31.845659, "address": "贵池路12号", "adcode": "", "intensity": 8.34, "grade": "VIII+", "high_exposure": true }, "geometry": { "type": "Point", "coordinates": [ 117.248102, 31.845659 ] } },
{ "type": "Feature", "properties": { "name": "合肥幼教集团高新区第二幼儿园", "type": "幼儿园", "lon": 117.179301, "lat": 31.816357, "address": "高新技术产业开发区梧桐路与玉兰大道交口向东300米(御景城小区西南角)", "adcode": "", "intensity": 7.52, "grade": "VIII+", "high_exposure": true }, "geometry": { "type": "Point", "coordinates": [ 117.179301, 31.816357 ] } },
{ "type": "Feature", "properties": { "name": "合肥市河北路幼儿园", "type": "幼儿园", "lon": 117.335145, "lat": 31.769214, "address": "花园大道850号", "adcode": "", "intensity": 7.74, "grade": "VIII+", "high_exposure": true }, "geometry": { "type": "Point", "coordinates": [ 117.335145, 31.769214 ] } },
{ "type": "Feature", "properties": { "name": "西园新村实验幼儿园", "type": "幼儿园", "lon": 117.25318, "lat": 31.849554, "address": "西园新村", "adcode": "", "intensity": 8.34, "grade": "VIII+", "high_exposure": true }, "geometry": { "type": "Point", "coordinates": [ 117.25318, 31.849554 ] } },
{ "type": "Feature", "properties": { "name": "郎溪上里幼儿园", "type": "幼儿园", "lon": 117.363175, "lat": 31.881767, "address": "明皇路禹洲郎溪上里小区隔壁东", "adcode": "", "intensity": 7.43, "grade": "VIII+", "high_exposure": true }, "geometry": { "type": "Point", "coordinates": [ 117.363175, 31.881767 ] } },
{ "type": "Feature", "properties": { "name": "明星世纪阳光幼儿园", "type": "幼儿园", "lon": 117.297615, "lat": 31.83711, "address": "包公街道马鞍山路世纪阳光花园小区", "adcode": "", "intensity": 8.81, "grade": "VIII+", "high_exposure": true }, "geometry": { "type": "Point", "coordinates": [ 117.297615, 31.83711 ] } },
{ "type": "Feature", "properties": { "name": "安徽大学幼儿园", "type": "幼儿园", "lon": 117.258366, "lat": 31.844326, "address": "肥西路3号安徽大学龙河校区", "adcode": "", "intensity": 8.53, "grade": "VIII+", "high_exposure": true }, "geometry": { "type": "Point", "coordinates": [ 117.258366, 31.844326 ] } },
{ "type": "Feature", "properties": { "name": "童享时光合肥市扬子江路幼儿园", "type": "幼儿园", "lon": 117.291013, "lat": 31.753968, "address": "广西路与扬子江路交叉口", "adcode": "", "intensity": 7.77, "grade": "VIII+", "high_exposure": true }, "geometry": { "type": "Point", "coordinates": [ 117.291013, 31.753968 ] } },
{ "type": "Feature", "properties": { "name": "合肥市大西门幼儿园(森林城分园)", "type": "幼儿园", "lon": 117.227087, "lat": 31.890452, "address": "固镇路与青松路交叉口", "adcode": "", "intensity": 7.55, "grade": "VIII+", "high_exposure": true }, "geometry": { "type": "Point", "coordinates": [ 117.227087, 31.890452 ] } },
{ "type": "Feature", "properties": { "name": "铜冠花园幼儿园", "type": "幼儿园", "lon": 117.214259, "lat": 31.777853, "address": "一六八玫瑰园东区西门正对面", "adcode": "", "intensity": 7.72, "grade": "VIII+", "high_exposure": true }, "geometry": { "type": "Point", "coordinates": [ 117.214259, 31.777853 ] } },
{ "type": "Feature", "properties": { "name": "合肥吉乐优国际花都幼儿园", "type": "幼儿园", "lon": 117.237537, "lat": 31.817512, "address": "石台南路与南二环路辅路交叉口西北100米", "adcode": "", "intensity": 8.37, "grade": "VIII+", "high_exposure": true }, "geometry": { "type": "Point", "coordinates": [ 117.237537, 31.817512 ] } },
{ "type": "Feature", "properties": { "name": "合肥幼教集团高新区第一幼儿园", "type": "幼儿园", "lon": 117.163287, "lat": 31.826022, "address": "枫林路", "adcode": "", "intensity": 7.37, "grade": "VIII+", "high_exposure": true }, "geometry": { "type": "Point", "coordinates": [ 117.163287, 31.826022 ] } },
{ "type": "Feature", "properties": { "name": "合肥创和陶冲湖别院幼儿园", "type": "幼儿园", "lon": 117.333098, "lat": 31.94082, "address": "荆山路与唐河路交叉口西南140米", "adcode": "", "intensity": 7.11, "grade": "VIII+", "high_exposure": true }, "geometry": { "type": "Point", "coordinates": [ 117.333098, 31.94082 ] } },
{ "type": "Feature", "properties": { "name": "青苗荟幼儿园春融苑园", "type": "幼儿园", "lon": 117.296189, "lat": 31.74767, "address": "万泉河路与天山路交叉口", "adcode": "", "intensity": 7.67, "grade": "VIII+", "high_exposure": true }, "geometry": { "type": "Point", "coordinates": [ 117.296189, 31.74767 ] } },
{ "type": "Feature", "properties": { "name": "合肥市南京路幼儿园", "type": "幼儿园", "lon": 117.305451, "lat": 31.750721, "address": "南京路与湖北路交叉口西北120米", "adcode": "", "intensity": 7.69, "grade": "VIII+", "high_exposure": true }, "geometry": { "type": "Point", "coordinates": [ 117.305451, 31.750721 ] } },
{ "type": "Feature", "properties": { "name": "合肥市第二人民医院老年护理院", "type": "养老院", "lon": 117.360005, "lat": 31.85444, "address": "乐水路与梅岭路交口东北角", "adcode": "", "intensity": 7.64, "grade": "VIII+", "high_exposure": true }, "geometry": { "type": "Point", "coordinates": [ 117.360005, 31.85444 ] } },
{ "type": "Feature", "properties": { "name": "泰康之家·徽园", "type": "养老院", "lon": 117.266635, "lat": 31.700141, "address": "烟墩街道贵阳路与云南路交口东北角泰康之家徽园1号楼", "adcode": "", "intensity": 7.18, "grade": "VIII+", "high_exposure": true }, "geometry": { "type": "Point", "coordinates": [ 117.266635, 31.700141 ] } },
{ "type": "Feature", "properties": { "name": "中铁佰和佰乐健康养老产业有限公司", "type": "养老院", "lon": 117.48482, "lat": 31.608152, "address": "024县道附近", "adcode": "", "intensity": 6.34, "grade": "VI-VII", "high_exposure": false }, "geometry": { "type": "Point", "coordinates": [ 117.48482, 31.608152 ] } },
{ "type": "Feature", "properties": { "name": "合肥九久夕阳红新海护理院", "type": "养老院", "lon": 117.362073, "lat": 31.890255, "address": "新海大道3号(新海大道地铁站B口步行340米)", "adcode": "", "intensity": 7.38, "grade": "VIII+", "high_exposure": true }, "geometry": { "type": "Point", "coordinates": [ 117.362073, 31.890255 ] } },
{ "type": "Feature", "properties": { "name": "合肥静安养亲苑(养老院)", "type": "养老院", "lon": 117.37224, "lat": 31.862577, "address": "龙岗经济开发区静安新城北门向东100米", "adcode": "", "intensity": 7.48, "grade": "VIII+", "high_exposure": true }, "geometry": { "type": "Point", "coordinates": [ 117.37224, 31.862577 ] } },
{ "type": "Feature", "properties": { "name": "大家的家·合肥梧桐里城心养老", "type": "养老院", "lon": 117.292694, "lat": 31.854713, "address": "芜湖路与齐云二巷交叉口东80米", "adcode": "", "intensity": 8.37, "grade": "VIII+", "high_exposure": true }, "geometry": { "type": "Point", "coordinates": [ 117.292694, 31.854713 ] } },
{ "type": "Feature", "properties": { "name": "合肥市智慧养老中心", "type": "养老院", "lon": 117.312972, "lat": 31.988126, "address": "三十头社区李湾路与芡湖路交口", "adcode": "", "intensity": 6.83, "grade": "VI-VII", "high_exposure": false }, "geometry": { "type": "Point", "coordinates": [ 117.312972, 31.988126 ] } },
{ "type": "Feature", "properties": { "name": "合肥万寿养老护理院", "type": "养老院", "lon": 117.289008, "lat": 31.826884, "address": "合巢路101号", "adcode": "", "intensity": 9.49, "grade": "VIII+", "high_exposure": true }, "geometry": { "type": "Point", "coordinates": [ 117.289008, 31.826884 ] } },
{ "type": "Feature", "properties": { "name": "产投幸福庄园", "type": "养老院", "lon": 117.226165, "lat": 32.039531, "address": "龙湖北路与蒙城北路交叉口南100米", "adcode": "", "intensity": 6.54, "grade": "VI-VII", "high_exposure": false }, "geometry": { "type": "Point", "coordinates": [ 117.226165, 32.039531 ] } },
{ "type": "Feature", "properties": { "name": "一加亿医养集团-合肥医健新安护理院", "type": "养老院", "lon": 117.242256, "lat": 31.867588, "address": "元祥广场西侧", "adcode": "", "intensity": 7.92, "grade": "VIII+", "high_exposure": true }, "geometry": { "type": "Point", "coordinates": [ 117.242256, 31.867588 ] } },
{ "type": "Feature", "properties": { "name": "悠享时光护理院", "type": "养老院", "lon": 117.314809, "lat": 31.81118, "address": "淝河镇目连路699号(四十八中祁门路校区南门对面)", "adcode": "", "intensity": 8.52, "grade": "VIII+", "high_exposure": true }, "geometry": { "type": "Point", "coordinates": [ 117.314809, 31.81118 ] } },
{ "type": "Feature", "properties": { "name": "合肥长江护理院", "type": "养老院", "lon": 117.326958, "lat": 31.78454, "address": "大连路6号", "adcode": "", "intensity": 7.99, "grade": "VIII+", "high_exposure": true }, "geometry": { "type": "Point", "coordinates": [ 117.326958, 31.78454 ] } },
{ "type": "Feature", "properties": { "name": "静安春晖护理院(养老院)", "type": "养老院", "lon": 117.377034, "lat": 31.856054, "address": "龙岗综合经济开发区龙岗路与慈湖路交口静安春晖护理院A栋4楼", "adcode": "", "intensity": 7.47, "grade": "VIII+", "high_exposure": true }, "geometry": { "type": "Point", "coordinates": [ 117.377034, 31.856054 ] } },
{ "type": "Feature", "properties": { "name": "一加亿医养集团-蜀山区金色家园养老中心", "type": "养老院", "lon": 117.120172, "lat": 31.86999, "address": "爱民路与响洪甸路交叉口北220米", "adcode": "", "intensity": 6.99, "grade": "VI-VII", "high_exposure": false }, "geometry": { "type": "Point", "coordinates": [ 117.120172, 31.86999 ] } },
{ "type": "Feature", "properties": { "name": "中康养肥西县示范老年公寓", "type": "养老院", "lon": 117.162893, "lat": 31.69523, "address": "上派镇振宁路与乐平路交口", "adcode": "", "intensity": 6.89, "grade": "VI-VII", "high_exposure": false }, "geometry": { "type": "Point", "coordinates": [ 117.162893, 31.69523 ] } },
{ "type": "Feature", "properties": { "name": "安兴太阳湾老年公寓", "type": "养老院", "lon": 117.207975, "lat": 31.864936, "address": "樊洼路998号", "adcode": "", "intensity": 7.64, "grade": "VIII+", "high_exposure": true }, "geometry": { "type": "Point", "coordinates": [ 117.207975, 31.864936 ] } },
{ "type": "Feature", "properties": { "name": "安兴太阳湾老年公寓A4号楼", "type": "养老院", "lon": 117.205525, "lat": 31.864675, "address": "樊洼路998号安兴太阳湾老年公寓", "adcode": "", "intensity": 7.62, "grade": "VIII+", "high_exposure": true }, "geometry": { "type": "Point", "coordinates": [ 117.205525, 31.864675 ] } },
{ "type": "Feature", "properties": { "name": "乐富强悦柏年颐养中心(养老院)", "type": "养老院", "lon": 117.130686, "lat": 31.835858, "address": "云飞路818号", "adcode": "", "intensity": 7.12, "grade": "VIII+", "high_exposure": true }, "geometry": { "type": "Point", "coordinates": [ 117.130686, 31.835858 ] } },
{ "type": "Feature", "properties": { "name": "凯溪养老护理院", "type": "养老院", "lon": 117.284635, "lat": 31.905987, "address": "阜阳北路与涡阳路交口东南角", "adcode": "", "intensity": 7.52, "grade": "VIII+", "high_exposure": true }, "geometry": { "type": "Point", "coordinates": [ 117.284635, 31.905987 ] } },
{ "type": "Feature", "properties": { "name": "振亚颐养长者照护中心", "type": "养老院", "lon": 117.307455, "lat": 31.747586, "address": "万泉河路与湖北路交叉口东80米", "adcode": "", "intensity": 7.64, "grade": "VIII+", "high_exposure": true }, "geometry": { "type": "Point", "coordinates": [ 117.307455, 31.747586 ] } },
{ "type": "Feature", "properties": { "name": "合肥市老年公寓(魏武路院区)", "type": "养老院", "lon": 117.310675, "lat": 31.986275, "address": "九顶山路12号", "adcode": "", "intensity": 6.84, "grade": "VI-VII", "high_exposure": false }, "geometry": { "type": "Point", "coordinates": [ 117.310675, 31.986275 ] } },
{ "type": "Feature", "properties": { "name": "丰盛爱心老年公寓", "type": "养老院", "lon": 117.444549, "lat": 31.865048, "address": "肥东县经济开发区金阳路西侧", "adcode": "", "intensity": 6.98, "grade": "VI-VII", "high_exposure": false }, "geometry": { "type": "Point", "coordinates": [ 117.444549, 31.865048 ] } },
{ "type": "Feature", "properties": { "name": "合肥明珠晚晴老年公寓", "type": "养老院", "lon": 117.223098, "lat": 31.762904, "address": "蜀山区经开区桃花工业园金凤路18号", "adcode": "", "intensity": 7.66, "grade": "VIII+", "high_exposure": true }, "geometry": { "type": "Point", "coordinates": [ 117.223098, 31.762904 ] } },
{ "type": "Feature", "properties": { "name": "胜利路街道综合为老服务中心(养老院)", "type": "养老院", "lon": 117.299382, "lat": 31.877626, "address": "合铁家园西南门西北100米", "adcode": "", "intensity": 7.88, "grade": "VIII+", "high_exposure": true }, "geometry": { "type": "Point", "coordinates": [ 117.299382, 31.877626 ] } },
{ "type": "Feature", "properties": { "name": "乐年庐阳记忆养老院", "type": "养老院", "lon": 117.232608, "lat": 31.902075, "address": "文一·名门湖畔2期东北门旁", "adcode": "", "intensity": 7.46, "grade": "VIII+", "high_exposure": true }, "geometry": { "type": "Point", "coordinates": [ 117.232608, 31.902075 ] } },
{ "type": "Feature", "properties": { "name": "庐园长者照料中心", "type": "养老院", "lon": 117.232908, "lat": 31.890267, "address": "大杨镇固镇路与紫杉路交口(南门小学森林城校区北面)", "adcode": "", "intensity": 7.58, "grade": "VIII+", "high_exposure": true }, "geometry": { "type": "Point", "coordinates": [ 117.232908, 31.890267 ] } },
{ "type": "Feature", "properties": { "name": "怡和园老年公寓", "type": "养老院", "lon": 117.289509, "lat": 31.264449, "address": "庐城镇黄山北路282号", "adcode": "", "intensity": 5.61, "grade": "≤V", "high_exposure": false }, "geometry": { "type": "Point", "coordinates": [ 117.289509, 31.264449 ] } },
{ "type": "Feature", "properties": { "name": "安徽省巢湖市光明老年公寓", "type": "养老院", "lon": 117.894355, "lat": 31.607271, "address": "光明路8号", "adcode": "", "intensity": 5.6, "grade": "≤V", "high_exposure": false }, "geometry": { "type": "Point", "coordinates": [ 117.894355, 31.607271 ] } },
{ "type": "Feature", "properties": { "name": "亿家心安护理院", "type": "养老院", "lon": 117.199926, "lat": 31.789691, "address": "芙蓉路4附近", "adcode": "", "intensity": 7.66, "grade": "VIII+", "high_exposure": true }, "geometry": { "type": "Point", "coordinates": [ 117.199926, 31.789691 ] } },
{ "type": "Feature", "properties": { "name": "九久夕阳红新站老年公寓", "type": "养老院", "lon": 117.322649, "lat": 31.890949, "address": "瑶海工业园区龙门岭路集贸市场103", "adcode": "", "intensity": 7.59, "grade": "VIII+", "high_exposure": true }, "geometry": { "type": "Point", "coordinates": [ 117.322649, 31.890949 ] } },
{ "type": "Feature", "properties": { "name": "安徽文投美邸九狮桥照护中心", "type": "养老院", "lon": 117.295968, "lat": 31.862844, "address": "九狮桥街8号4栋", "adcode": "", "intensity": 8.16, "grade": "VIII+", "high_exposure": true }, "geometry": { "type": "Point", "coordinates": [ 117.295968, 31.862844 ] } },
{ "type": "Feature", "properties": { "name": "悠南山养老院圣科分院", "type": "养老院", "lon": 117.267532, "lat": 31.745314, "address": "清潭路与紫蓬路交叉口南220米", "adcode": "", "intensity": 7.65, "grade": "VIII+", "high_exposure": true }, "geometry": { "type": "Point", "coordinates": [ 117.267532, 31.745314 ] } },
{ "type": "Feature", "properties": { "name": "合肥市蜀山区光明老年护理", "type": "养老院", "lon": 117.215123, "lat": 31.84731, "address": "环湖东路572号", "adcode": "", "intensity": 7.85, "grade": "VIII+", "high_exposure": true }, "geometry": { "type": "Point", "coordinates": [ 117.215123, 31.84731 ] } },
{ "type": "Feature", "properties": { "name": "合肥庐阳大杨镇乐年长者之家", "type": "养老院", "lon": 117.210913, "lat": 31.911228, "address": "大杨镇大杨村合淮路78号", "adcode": "", "intensity": 7.28, "grade": "VIII+", "high_exposure": true }, "geometry": { "type": "Point", "coordinates": [ 117.210913, 31.911228 ] } },
{ "type": "Feature", "properties": { "name": "康寿老年公寓", "type": "养老院", "lon": 117.425897, "lat": 31.895368, "address": "肥东新开区侩水与龙脊3路交叉口向南100米", "adcode": "", "intensity": 6.99, "grade": "VI-VII", "high_exposure": false }, "geometry": { "type": "Point", "coordinates": [ 117.425897, 31.895368 ] } },
{ "type": "Feature", "properties": { "name": "合肥自在安和护理院有限公司", "type": "养老院", "lon": 117.337167, "lat": 31.899074, "address": "皇藏峪路888号", "adcode": "", "intensity": 7.44, "grade": "VIII+", "high_exposure": true }, "geometry": { "type": "Point", "coordinates": [ 117.337167, 31.899074 ] } },
{ "type": "Feature", "properties": { "name": "辛合养老院", "type": "养老院", "lon": 117.378162, "lat": 31.89903, "address": "泗水路与相山路交叉口北120米", "adcode": "", "intensity": 7.23, "grade": "VIII+", "high_exposure": true }, "geometry": { "type": "Point", "coordinates": [ 117.378162, 31.89903 ] } },
{ "type": "Feature", "properties": { "name": "合肥庐阳乐年长者之家", "type": "养老院", "lon": 117.271225, "lat": 31.87289, "address": "阜南西路216号杏花小区内", "adcode": "", "intensity": 7.99, "grade": "VIII+", "high_exposure": true }, "geometry": { "type": "Point", "coordinates": [ 117.271225, 31.87289 ] } },
{ "type": "Feature", "properties": { "name": "肥西温馨老年公寓", "type": "养老院", "lon": 117.122662, "lat": 31.720741, "address": "070乡道附近", "adcode": "", "intensity": 6.85, "grade": "VI-VII", "high_exposure": false }, "geometry": { "type": "Point", "coordinates": [ 117.122662, 31.720741 ] } },
{ "type": "Feature", "properties": { "name": "天与养老服务中心", "type": "养老院", "lon": 117.353263, "lat": 31.73675, "address": "迎淮路与广东路交汇处向南100米", "adcode": "", "intensity": 7.33, "grade": "VIII+", "high_exposure": true }, "geometry": { "type": "Point", "coordinates": [ 117.353263, 31.73675 ] } },
{ "type": "Feature", "properties": { "name": "九康园智享居家养老服务中心合肥1号店", "type": "养老院", "lon": 117.283559, "lat": 31.883512, "address": "合瓦路95号阳光地带3号楼一层西1号门面", "adcode": "", "intensity": 7.82, "grade": "VIII+", "high_exposure": true }, "geometry": { "type": "Point", "coordinates": [ 117.283559, 31.883512 ] } },
{ "type": "Feature", "properties": { "name": "国控医养敬百年(圣科)养老中心", "type": "养老院", "lon": 117.26753, "lat": 31.745442, "address": "清潭路与紫蓬路交叉口南220米", "adcode": "", "intensity": 7.65, "grade": "VIII+", "high_exposure": true }, "geometry": { "type": "Point", "coordinates": [ 117.26753, 31.745442 ] } },
{ "type": "Feature", "properties": { "name": "合肥市智慧养老中心(西门)", "type": "养老院", "lon": 117.312575, "lat": 31.988825, "address": "谷水路与李湾路交叉口西南140米", "adcode": "", "intensity": 6.82, "grade": "VI-VII", "high_exposure": false }, "geometry": { "type": "Point", "coordinates": [ 117.312575, 31.988825 ] } },
{ "type": "Feature", "properties": { "name": "庐阳区养心苑养老院", "type": "养老院", "lon": 117.243348, "lat": 31.883268, "address": "大杨镇四里河路红梅苑小区7号公建楼", "adcode": "", "intensity": 7.72, "grade": "VIII+", "high_exposure": true }, "geometry": { "type": "Point", "coordinates": [ 117.243348, 31.883268 ] } },
{ "type": "Feature", "properties": { "name": "合肥孝馨智慧家庭养老服务中心", "type": "养老院", "lon": 117.207299, "lat": 31.818901, "address": "银杏路百货汇二楼A207室", "adcode": "", "intensity": 7.85, "grade": "VIII+", "high_exposure": true }, "geometry": { "type": "Point", "coordinates": [ 117.207299, 31.818901 ] } },
{ "type": "Feature", "properties": { "name": "肥西县山南镇金牛养老中心", "type": "养老院", "lon": 116.788585, "lat": 31.660181, "address": "山南镇金牛村", "adcode": "", "intensity": 5.83, "grade": "≤V", "high_exposure": false }, "geometry": { "type": "Point", "coordinates": [ 116.788585, 31.660181 ] } },
{ "type": "Feature", "properties": { "name": "爱康护养老综合体(滨湖世纪养老中心)", "type": "养老院", "lon": 117.296385, "lat": 31.736788, "address": "长沙路与天山路交口南50米", "adcode": "", "intensity": 7.54, "grade": "VIII+", "high_exposure": true }, "geometry": { "type": "Point", "coordinates": [ 117.296385, 31.736788 ] } },
{ "type": "Feature", "properties": { "name": "龚大塘嵌入式养老服务中心", "type": "养老院", "lon": 117.271964, "lat": 31.856444, "address": "永红路15号2幢省药检所宿舍14幢1楼", "adcode": "", "intensity": 8.35, "grade": "VIII+", "high_exposure": true }, "geometry": { "type": "Point", "coordinates": [ 117.271964, 31.856444 ] } },
{ "type": "Feature", "properties": { "name": "为民养老院", "type": "养老院", "lon": 117.265355, "lat": 31.937406, "address": "荷塘路60号(汲桥路地铁站B口步行490米)", "adcode": "", "intensity": 7.2, "grade": "VIII+", "high_exposure": true }, "geometry": { "type": "Point", "coordinates": [ 117.265355, 31.937406 ] } },
{ "type": "Feature", "properties": { "name": "乐年时光里养老服务中心", "type": "养老院", "lon": 117.250094, "lat": 31.883536, "address": "四里河街道四河社区居民委员会二楼三楼", "adcode": "", "intensity": 7.75, "grade": "VIII+", "high_exposure": true }, "geometry": { "type": "Point", "coordinates": [ 117.250094, 31.883536 ] } },
{ "type": "Feature", "properties": { "name": "金柱养老公寓", "type": "养老院", "lon": 117.367773, "lat": 32.036338, "address": "三十头镇006县道", "adcode": "", "intensity": 6.52, "grade": "VI-VII", "high_exposure": false }, "geometry": { "type": "Point", "coordinates": [ 117.367773, 32.036338 ] } },
{ "type": "Feature", "properties": { "name": "安徽省社家健康养老产业集团", "type": "养老院", "lon": 117.312832, "lat": 31.849041, "address": "铜陵路1号左岸名苑3-6栋商266", "adcode": "", "intensity": 8.27, "grade": "VIII+", "high_exposure": true }, "geometry": { "type": "Point", "coordinates": [ 117.312832, 31.849041 ] } },
{ "type": "Feature", "properties": { "name": "肥西县花岗镇养老服务中心", "type": "养老院", "lon": 117.02386, "lat": 31.593194, "address": [ ], "adcode": "", "intensity": 6.2, "grade": "VI-VII", "high_exposure": false }, "geometry": { "type": "Point", "coordinates": [ 117.02386, 31.593194 ] } },
{ "type": "Feature", "properties": { "name": "乐年知韵养老院", "type": "养老院", "lon": 117.285096, "lat": 31.866581, "address": "中共合肥市委机关宿舍寿春路215号内", "adcode": "", "intensity": 8.12, "grade": "VIII+", "high_exposure": true }, "geometry": { "type": "Point", "coordinates": [ 117.285096, 31.866581 ] } },
{ "type": "Feature", "properties": { "name": "肥东县店埠镇双桥社区养老服务综合体", "type": "养老院", "lon": 117.501275, "lat": 31.849775, "address": "信园蓝庭一号楼", "adcode": "", "intensity": 6.71, "grade": "VI-VII", "high_exposure": false }, "geometry": { "type": "Point", "coordinates": [ 117.501275, 31.849775 ] } },
{ "type": "Feature", "properties": { "name": "合肥市庐阳区悠久养老院", "type": "养老院", "lon": 117.286012, "lat": 31.914072, "address": "潇然居东门旁", "adcode": "", "intensity": 7.43, "grade": "VIII+", "high_exposure": true }, "geometry": { "type": "Point", "coordinates": [ 117.286012, 31.914072 ] } },
{ "type": "Feature", "properties": { "name": "长丰县长寿老年公寓", "type": "养老院", "lon": 117.145954, "lat": 32.484802, "address": "长寿路与繁湖大道交叉口西100米", "adcode": "", "intensity": 5.41, "grade": "≤V", "high_exposure": false }, "geometry": { "type": "Point", "coordinates": [ 117.145954, 32.484802 ] } },
{ "type": "Feature", "properties": { "name": "肥东县大爱老年公寓", "type": "养老院", "lon": 117.492707, "lat": 31.8859, "address": "店埠镇定光社区刘墩组", "adcode": "", "intensity": 6.7, "grade": "VI-VII", "high_exposure": false }, "geometry": { "type": "Point", "coordinates": [ 117.492707, 31.8859 ] } },
{ "type": "Feature", "properties": { "name": "安徽省众兴老年公寓", "type": "养老院", "lon": 117.419863, "lat": 31.982814, "address": "众牌路与元店路交叉口东南80米", "adcode": "", "intensity": 6.65, "grade": "VI-VII", "high_exposure": false }, "geometry": { "type": "Point", "coordinates": [ 117.419863, 31.982814 ] } },
{ "type": "Feature", "properties": { "name": "马湖乡养老服务中心", "type": "养老院", "lon": 117.791819, "lat": 32.042696, "address": "三官大街271号", "adcode": "", "intensity": 5.74, "grade": "≤V", "high_exposure": false }, "geometry": { "type": "Point", "coordinates": [ 117.791819, 32.042696 ] } },
{ "type": "Feature", "properties": { "name": "爱心博乐老年公寓", "type": "养老院", "lon": 117.344934, "lat": 31.878425, "address": "站前东路东升花园西侧", "adcode": "", "intensity": 7.59, "grade": "VIII+", "high_exposure": true }, "geometry": { "type": "Point", "coordinates": [ 117.344934, 31.878425 ] } },
{ "type": "Feature", "properties": { "name": "丰乐镇新仓养老服务中心", "type": "养老院", "lon": 117.06922, "lat": 31.571287, "address": "花新路", "adcode": "", "intensity": 6.22, "grade": "VI-VII", "high_exposure": false }, "geometry": { "type": "Point", "coordinates": [ 117.06922, 31.571287 ] } },
{ "type": "Feature", "properties": { "name": "秋之韵养老服务中心", "type": "养老院", "lon": 117.034457, "lat": 32.107542, "address": "053县道新圩小学旁", "adcode": "", "intensity": 6.07, "grade": "VI-VII", "high_exposure": false }, "geometry": { "type": "Point", "coordinates": [ 117.034457, 32.107542 ] } },
{ "type": "Feature", "properties": { "name": "小爱拾光养老", "type": "养老院", "lon": 117.29497, "lat": 31.707884, "address": "南宁路与金斗西路交叉口东北160米", "adcode": "", "intensity": 7.24, "grade": "VIII+", "high_exposure": true }, "geometry": { "type": "Point", "coordinates": [ 117.29497, 31.707884 ] } },
{ "type": "Feature", "properties": { "name": "高新区蜀麓乐馨养老服务中心", "type": "养老院", "lon": 117.163361, "lat": 31.811001, "address": "蜀山区高新区玉兰大道3号车城西区内老年活动中心", "adcode": "", "intensity": 7.37, "grade": "VIII+", "high_exposure": true }, "geometry": { "type": "Point", "coordinates": [ 117.163361, 31.811001 ] } },
{ "type": "Feature", "properties": { "name": "槐林镇荷乐养老服务中心", "type": "养老院", "lon": 117.563133, "lat": 31.37433, "address": "巢庐路38号", "adcode": "", "intensity": 5.71, "grade": "≤V", "high_exposure": false }, "geometry": { "type": "Point", "coordinates": [ 117.563133, 31.37433 ] } },
{ "type": "Feature", "properties": { "name": "肥东县元疃镇敬老院", "type": "养老院", "lon": 117.391978, "lat": 32.121881, "address": "元疃大街033乡", "adcode": "", "intensity": 6.19, "grade": "VI-VII", "high_exposure": false }, "geometry": { "type": "Point", "coordinates": [ 117.391978, 32.121881 ] } },
{ "type": "Feature", "properties": { "name": "合肥市晨曦老年公寓", "type": "养老院", "lon": 117.465784, "lat": 31.426901, "address": "盛桥镇盛同路陡岗街道", "adcode": "", "intensity": 5.89, "grade": "≤V", "high_exposure": false }, "geometry": { "type": "Point", "coordinates": [ 117.465784, 31.426901 ] } },
{ "type": "Feature", "properties": { "name": "巢湖迦爱南养老服务中心", "type": "养老院", "lon": 117.858106, "lat": 31.618884, "address": "长江西路242号中国石化长江西路加油站西侧50米处", "adcode": "", "intensity": 5.66, "grade": "≤V", "high_exposure": false }, "geometry": { "type": "Point", "coordinates": [ 117.858106, 31.618884 ] } },
{ "type": "Feature", "properties": { "name": "新站瑶东老年公寓", "type": "养老院", "lon": 117.322467, "lat": 31.890883, "address": "北二环路与龙门岭路交口九久夕阳红", "adcode": "", "intensity": 7.6, "grade": "VIII+", "high_exposure": true }, "geometry": { "type": "Point", "coordinates": [ 117.322467, 31.890883 ] } },
{ "type": "Feature", "properties": { "name": "家园养老院", "type": "养老院", "lon": 117.82631, "lat": 31.640434, "address": "平顶山路1号", "adcode": "", "intensity": 5.72, "grade": "≤V", "high_exposure": false }, "geometry": { "type": "Point", "coordinates": [ 117.82631, 31.640434 ] } },
{ "type": "Feature", "properties": { "name": "白山镇养老服务中心", "type": "养老院", "lon": 117.399201, "lat": 31.445305, "address": "同盛大街089县", "adcode": "", "intensity": 5.98, "grade": "≤V", "high_exposure": false }, "geometry": { "type": "Point", "coordinates": [ 117.399201, 31.445305 ] } },
{ "type": "Feature", "properties": { "name": "桃花镇顺和社区居家养老服务中心", "type": "养老院", "lon": 117.146915, "lat": 31.770402, "address": "顺和家园南区北门西南60米", "adcode": "", "intensity": 7.15, "grade": "VIII+", "high_exposure": true }, "geometry": { "type": "Point", "coordinates": [ 117.146915, 31.770402 ] } },
{ "type": "Feature", "properties": { "name": "肥东县陈集镇养老服务中心", "type": "养老院", "lon": 117.759438, "lat": 32.198562, "address": "学府路与和谐路交叉口西南120米", "adcode": "", "intensity": 5.61, "grade": "≤V", "high_exposure": false }, "geometry": { "type": "Point", "coordinates": [ 117.759438, 32.198562 ] } },
{ "type": "Feature", "properties": { "name": "惠康汉生老年公寓", "type": "养老院", "lon": 117.28001, "lat": 31.946328, "address": "沱河路铝厂大院内648号", "adcode": "", "intensity": 7.13, "grade": "VIII+", "high_exposure": true }, "geometry": { "type": "Point", "coordinates": [ 117.28001, 31.946328 ] } },
{ "type": "Feature", "properties": { "name": "幸福敬老院", "type": "养老院", "lon": 117.426708, "lat": 31.098816, "address": "开源中路与缺店路交叉口西南160米", "adcode": "", "intensity": 5.33, "grade": "≤V", "high_exposure": false }, "geometry": { "type": "Point", "coordinates": [ 117.426708, 31.098816 ] } },
{ "type": "Feature", "properties": { "name": "安享岁月社区居家养老服务驿站", "type": "养老院", "lon": 117.298677, "lat": 31.833385, "address": "兰阳苑5号楼104", "adcode": "", "intensity": 8.89, "grade": "VIII+", "high_exposure": true }, "geometry": { "type": "Point", "coordinates": [ 117.298677, 31.833385 ] } },
{ "type": "Feature", "properties": { "name": "益康医养中心", "type": "养老院", "lon": 117.174165, "lat": 31.862229, "address": "湖光东路189号", "adcode": "", "intensity": 7.37, "grade": "VIII+", "high_exposure": true }, "geometry": { "type": "Point", "coordinates": [ 117.174165, 31.862229 ] } },
{ "type": "Feature", "properties": { "name": "庐江县颐养巢老年公寓", "type": "养老院", "lon": 117.273809, "lat": 31.269807, "address": "正泰玩具二厂西北门旁", "adcode": "", "intensity": 5.62, "grade": "≤V", "high_exposure": false }, "geometry": { "type": "Point", "coordinates": [ 117.273809, 31.269807 ] } },
{ "type": "Feature", "properties": { "name": "肥东县石塘镇敬老院", "type": "养老院", "lon": 117.58077, "lat": 31.909761, "address": "326省道与徐周路交叉口东360米", "adcode": "", "intensity": 6.35, "grade": "VI-VII", "high_exposure": false }, "geometry": { "type": "Point", "coordinates": [ 117.58077, 31.909761 ] } },
{ "type": "Feature", "properties": { "name": "德颐顺养老服务中心", "type": "养老院", "lon": 116.943512, "lat": 31.96804, "address": "高刘镇河东村河东小学合肥经开区", "adcode": "", "intensity": 6.17, "grade": "VI-VII", "high_exposure": false }, "geometry": { "type": "Point", "coordinates": [ 116.943512, 31.96804 ] } },
{ "type": "Feature", "properties": { "name": "青山老年公寓", "type": "养老院", "lon": 117.3192, "lat": 31.781122, "address": "延安路1666号", "adcode": "", "intensity": 8.03, "grade": "VIII+", "high_exposure": true }, "geometry": { "type": "Point", "coordinates": [ 117.3192, 31.781122 ] } },
{ "type": "Feature", "properties": { "name": "乐桥养老服务中心", "type": "养老院", "lon": 117.187475, "lat": 31.157393, "address": "京徽路28号", "adcode": "", "intensity": 5.42, "grade": "≤V", "high_exposure": false }, "geometry": { "type": "Point", "coordinates": [ 117.187475, 31.157393 ] } },
{ "type": "Feature", "properties": { "name": "金柱养老院", "type": "养老院", "lon": 117.369224, "lat": 32.03599, "address": "五十头居委会东侧130米", "adcode": "", "intensity": 6.52, "grade": "VI-VII", "high_exposure": false }, "geometry": { "type": "Point", "coordinates": [ 117.369224, 32.03599 ] } },
{ "type": "Feature", "properties": { "name": "肥东福乐苑老年养护中心", "type": "养老院", "lon": 117.435208, "lat": 31.886843, "address": "荷花路", "adcode": "", "intensity": 6.97, "grade": "VI-VII", "high_exposure": false }, "geometry": { "type": "Point", "coordinates": [ 117.435208, 31.886843 ] } },
{ "type": "Feature", "properties": { "name": "胜岗敬老院", "type": "养老院", "lon": 117.339017, "lat": 31.153933, "address": "089县道", "adcode": "", "intensity": 5.42, "grade": "≤V", "high_exposure": false }, "geometry": { "type": "Point", "coordinates": [ 117.339017, 31.153933 ] } },
{ "type": "Feature", "properties": { "name": "肥西县三河镇居家养老服务中心", "type": "养老院", "lon": 117.24108, "lat": 31.518599, "address": "三杭路与立人路交叉口西北180米", "adcode": "", "intensity": 6.24, "grade": "VI-VII", "high_exposure": false }, "geometry": { "type": "Point", "coordinates": [ 117.24108, 31.518599 ] } },
{ "type": "Feature", "properties": { "name": "包河区烟墩街道菊园社区居家养老服务站", "type": "养老院", "lon": 117.260625, "lat": 31.707925, "address": "滨湖菊园小区东门旁(滨湖竹园地铁站C口步行460米)", "adcode": "", "intensity": 7.24, "grade": "VIII+", "high_exposure": true }, "geometry": { "type": "Point", "coordinates": [ 117.260625, 31.707925 ] } },
{ "type": "Feature", "properties": { "name": "庐江县信德养老服务中心", "type": "养老院", "lon": 117.287316, "lat": 31.339443, "address": "中国石化京都加油站北侧260米", "adcode": "", "intensity": 5.76, "grade": "≤V", "high_exposure": false }, "geometry": { "type": "Point", "coordinates": [ 117.287316, 31.339443 ] } },
{ "type": "Feature", "properties": { "name": "琥珀银龄生活馆", "type": "养老院", "lon": 117.212246, "lat": 31.855573, "address": "长江西路653号", "adcode": "", "intensity": 7.76, "grade": "VIII+", "high_exposure": true }, "geometry": { "type": "Point", "coordinates": [ 117.212246, 31.855573 ] } },
{ "type": "Feature", "properties": { "name": "凌花老年公寓(凌花大厦店)", "type": "养老院", "lon": 117.32365, "lat": 31.873017, "address": "铜陵路与凤阳路交叉口东50米", "adcode": "", "intensity": 7.8, "grade": "VIII+", "high_exposure": true }, "geometry": { "type": "Point", "coordinates": [ 117.32365, 31.873017 ] } },
{ "type": "Feature", "properties": { "name": "肥东县梁园镇养老服务中心", "type": "养老院", "lon": 117.57929, "lat": 32.059979, "address": "护城社区居委会西南侧240米", "adcode": "", "intensity": 6.09, "grade": "VI-VII", "high_exposure": false }, "geometry": { "type": "Point", "coordinates": [ 117.57929, 32.059979 ] } },
{ "type": "Feature", "properties": { "name": "58到家居家养老(庐阳区店)", "type": "养老院", "lon": 117.282734, "lat": 31.883577, "address": "合瓦路95号阳光地带小区", "adcode": "", "intensity": 7.82, "grade": "VIII+", "high_exposure": true }, "geometry": { "type": "Point", "coordinates": [ 117.282734, 31.883577 ] } },
{ "type": "Feature", "properties": { "name": "安康通和平路街道综合为老服务中心(安拖家园店)", "type": "养老院", "lon": 117.325641, "lat": 31.851933, "address": "安拖家园A区东门旁", "adcode": "", "intensity": 8.05, "grade": "VIII+", "high_exposure": true }, "geometry": { "type": "Point", "coordinates": [ 117.325641, 31.851933 ] } },
{ "type": "Feature", "properties": { "name": "长丰县双墩镇养老院", "type": "养老院", "lon": 117.245875, "lat": 32.107675, "address": "罗集镇双赢幸福路", "adcode": "", "intensity": 6.28, "grade": "VI-VII", "high_exposure": false }, "geometry": { "type": "Point", "coordinates": [ 117.245875, 32.107675 ] } },
{ "type": "Feature", "properties": { "name": "大圩镇养老服务综合体(养老院)", "type": "养老院", "lon": 117.369028, "lat": 31.774404, "address": "花园大道与黑龙江路交叉口金葡萄家园B区西门", "adcode": "", "intensity": 7.49, "grade": "VIII+", "high_exposure": true }, "geometry": { "type": "Point", "coordinates": [ 117.369028, 31.774404 ] } },
{ "type": "Feature", "properties": { "name": "长丰县义井乡敬老院", "type": "养老院", "lon": 117.105283, "lat": 32.277961, "address": "义井镇", "adcode": "", "intensity": 5.76, "grade": "≤V", "high_exposure": false }, "geometry": { "type": "Point", "coordinates": [ 117.105283, 32.277961 ] } },
{ "type": "Feature", "properties": { "name": "包公镇养老服务中心", "type": "养老院", "lon": 117.691132, "lat": 31.944724, "address": "037县道北50米", "adcode": "", "intensity": 6.03, "grade": "VI-VII", "high_exposure": false }, "geometry": { "type": "Point", "coordinates": [ 117.691132, 31.944724 ] } },
{ "type": "Feature", "properties": { "name": "洋河养老院", "type": "养老院", "lon": 117.355079, "lat": 31.070703, "address": "024乡道", "adcode": "", "intensity": 5.3, "grade": "≤V", "high_exposure": false }, "geometry": { "type": "Point", "coordinates": [ 117.355079, 31.070703 ] } },
{ "type": "Feature", "properties": { "name": "牌坊回族满族乡中心敬老院", "type": "养老院", "lon": 117.481594, "lat": 32.004218, "address": "227省道与高龙路交叉口东北180米", "adcode": "", "intensity": 6.43, "grade": "VI-VII", "high_exposure": false }, "geometry": { "type": "Point", "coordinates": [ 117.481594, 32.004218 ] } },
{ "type": "Feature", "properties": { "name": "巢湖市黄麓镇养老服务中心", "type": "养老院", "lon": 117.563464, "lat": 31.646716, "address": "唐疃路与黄麓大道交叉口东80米", "adcode": "", "intensity": 6.26, "grade": "VI-VII", "high_exposure": false }, "geometry": { "type": "Point", "coordinates": [ 117.563464, 31.646716 ] } },
{ "type": "Feature", "properties": { "name": "养老中心", "type": "养老院", "lon": 117.174142, "lat": 31.862133, "address": "湖光路与山湖路交叉口西南60米", "adcode": "", "intensity": 7.37, "grade": "VIII+", "high_exposure": true }, "geometry": { "type": "Point", "coordinates": [ 117.174142, 31.862133 ] } },
{ "type": "Feature", "properties": { "name": "白龙镇养老服务中心", "type": "养老院", "lon": 117.390975, "lat": 32.188875, "address": "白龙镇006县道", "adcode": "", "intensity": 6.0, "grade": "VI-VII", "high_exposure": false }, "geometry": { "type": "Point", "coordinates": [ 117.390975, 32.188875 ] } },
{ "type": "Feature", "properties": { "name": "合肥小迪管家石台路店", "type": "养老院", "lon": 117.237684, "lat": 31.836819, "address": "黄山路455号新华·学府花园", "adcode": "", "intensity": 8.28, "grade": "VIII+", "high_exposure": true }, "geometry": { "type": "Point", "coordinates": [ 117.237684, 31.836819 ] } },
{ "type": "Feature", "properties": { "name": "阚集社区居家养老服务站", "type": "养老院", "lon": 117.672, "lat": 31.899224, "address": "056乡道北侧", "adcode": "", "intensity": 6.11, "grade": "VI-VII", "high_exposure": false }, "geometry": { "type": "Point", "coordinates": [ 117.672, 31.899224 ] } },
{ "type": "Feature", "properties": { "name": "合肥市高新区城西桥养老服务中心", "type": "养老院", "lon": 117.083517, "lat": 31.805112, "address": "高新技术产业开发区", "adcode": "", "intensity": 6.84, "grade": "VI-VII", "high_exposure": false }, "geometry": { "type": "Point", "coordinates": [ 117.083517, 31.805112 ] } },
{ "type": "Feature", "properties": { "name": "骆岗街道居家养老服务中心", "type": "养老院", "lon": 117.3347, "lat": 31.800911, "address": "哈尔滨路北(包河花园园林小区附近)", "adcode": "", "intensity": 8.05, "grade": "VIII+", "high_exposure": true }, "geometry": { "type": "Point", "coordinates": [ 117.3347, 31.800911 ] } },
{ "type": "Feature", "properties": { "name": "包河区常青街道综合养老服务中心", "type": "养老院", "lon": 117.266028, "lat": 31.824662, "address": "仰光路与牧童路交叉口西20米", "adcode": "", "intensity": 9.32, "grade": "VIII+", "high_exposure": true }, "geometry": { "type": "Point", "coordinates": [ 117.266028, 31.824662 ] } },
{ "type": "Feature", "properties": { "name": "水湖镇敬老院(张祠分院)", "type": "养老院", "lon": 117.110338, "lat": 32.491926, "address": [ ], "adcode": "", "intensity": 5.39, "grade": "≤V", "high_exposure": false }, "geometry": { "type": "Point", "coordinates": [ 117.110338, 32.491926 ] } },
{ "type": "Feature", "properties": { "name": "合肥市睦邻养老服务有限公司", "type": "养老院", "lon": 117.445024, "lat": 32.123472, "address": "元瞳镇倪岗新村", "adcode": "", "intensity": 6.14, "grade": "VI-VII", "high_exposure": false }, "geometry": { "type": "Point", "coordinates": [ 117.445024, 32.123472 ] } },
{ "type": "Feature", "properties": { "name": "佰家伴养老院(望湖北苑店)", "type": "养老院", "lon": 117.293758, "lat": 31.813877, "address": "南二环路191号", "adcode": "", "intensity": 9.29, "grade": "VIII+", "high_exposure": true }, "geometry": { "type": "Point", "coordinates": [ 117.293758, 31.813877 ] } },
{ "type": "Feature", "properties": { "name": "九久夕阳红长丰县老年公寓", "type": "养老院", "lon": 117.151747, "lat": 32.47657, "address": "长丰路与罗塘路交口", "adcode": "", "intensity": 5.42, "grade": "≤V", "high_exposure": false }, "geometry": { "type": "Point", "coordinates": [ 117.151747, 32.47657 ] } },
{ "type": "Feature", "properties": { "name": "肥西县山南镇沈店养老服务中心", "type": "养老院", "lon": 116.858976, "lat": 31.661251, "address": "050县道附近", "adcode": "", "intensity": 5.97, "grade": "≤V", "high_exposure": false }, "geometry": { "type": "Point", "coordinates": [ 116.858976, 31.661251 ] } },
{ "type": "Feature", "properties": { "name": "安徽四季青老年公寓", "type": "养老院", "lon": 117.261478, "lat": 31.951244, "address": "北城大道1500号工投创智天地A24", "adcode": "", "intensity": 7.08, "grade": "VIII+", "high_exposure": true }, "geometry": { "type": "Point", "coordinates": [ 117.261478, 31.951244 ] } },
{ "type": "Feature", "properties": { "name": "冶父山镇养老服务中心", "type": "养老院", "lon": 117.409166, "lat": 31.37937, "address": "魏岗敬老院1号", "adcode": "", "intensity": 5.82, "grade": "≤V", "high_exposure": false }, "geometry": { "type": "Point", "coordinates": [ 117.409166, 31.37937 ] } },
{ "type": "Feature", "properties": { "name": "烔炀镇中心敬老院", "type": "养老院", "lon": 117.631553, "lat": 31.709864, "address": "100县道与104省道交叉口西北300米", "adcode": "", "intensity": 6.18, "grade": "VI-VII", "high_exposure": false }, "geometry": { "type": "Point", "coordinates": [ 117.631553, 31.709864 ] } },
{ "type": "Feature", "properties": { "name": "同大镇新渡敬老院", "type": "养老院", "lon": 117.278204, "lat": 31.46034, "address": "同大镇", "adcode": "", "intensity": 6.06, "grade": "VI-VII", "high_exposure": false }, "geometry": { "type": "Point", "coordinates": [ 117.278204, 31.46034 ] } },
{ "type": "Feature", "properties": { "name": "长丰县双墩镇居家养老服务中心", "type": "养老院", "lon": 117.264293, "lat": 32.010056, "address": "双墩镇老年学校", "adcode": "", "intensity": 6.71, "grade": "VI-VII", "high_exposure": false }, "geometry": { "type": "Point", "coordinates": [ 117.264293, 32.010056 ] } },
{ "type": "Feature", "properties": { "name": "巢湖市椿萱同乐老年公寓", "type": "养老院", "lon": 117.87144, "lat": 31.628767, "address": "皖维路与皖维支路交叉口东60米", "adcode": "", "intensity": 5.64, "grade": "≤V", "high_exposure": false }, "geometry": { "type": "Point", "coordinates": [ 117.87144, 31.628767 ] } },
{ "type": "Feature", "properties": { "name": "悠南山康养中心(大圩分院)", "type": "养老院", "lon": 117.420603, "lat": 31.783993, "address": "葡萄园北路6号", "adcode": "", "intensity": 7.14, "grade": "VIII+", "high_exposure": true }, "geometry": { "type": "Point", "coordinates": [ 117.420603, 31.783993 ] } },
{ "type": "Feature", "properties": { "name": "桥头集镇敬老院", "type": "养老院", "lon": 117.496244, "lat": 31.728439, "address": "桥头集镇", "adcode": "", "intensity": 6.63, "grade": "VI-VII", "high_exposure": false }, "geometry": { "type": "Point", "coordinates": [ 117.496244, 31.728439 ] } },
{ "type": "Feature", "properties": { "name": "巢湖市九如居康养发展有限公司(原老吾老卧牛山养老护理院)", "type": "养老院", "lon": 117.850951, "lat": 31.59267, "address": "湖光路72号", "adcode": "", "intensity": 5.65, "grade": "≤V", "high_exposure": false }, "geometry": { "type": "Point", "coordinates": [ 117.850951, 31.59267 ] } },
{ "type": "Feature", "properties": { "name": "西园街道社区居家养老合作社", "type": "养老院", "lon": 117.246825, "lat": 31.847175, "address": "领势公馆", "adcode": "", "intensity": 8.29, "grade": "VIII+", "high_exposure": true }, "geometry": { "type": "Point", "coordinates": [ 117.246825, 31.847175 ] } },
{ "type": "Feature", "properties": { "name": "和平家园老年公寓", "type": "养老院", "lon": 117.328639, "lat": 31.853412, "address": "和平路与和教巷路交叉口往南50米", "adcode": "", "intensity": 8.0, "grade": "VIII+", "high_exposure": true }, "geometry": { "type": "Point", "coordinates": [ 117.328639, 31.853412 ] } },
{ "type": "Feature", "properties": { "name": "合肥市欢理护理机构服务有限公司", "type": "养老院", "lon": 117.42959, "lat": 31.869522, "address": "徽商城金属制品交易市场41号501", "adcode": "", "intensity": 7.05, "grade": "VIII+", "high_exposure": true }, "geometry": { "type": "Point", "coordinates": [ 117.42959, 31.869522 ] } },
{ "type": "Feature", "properties": { "name": "庐江县盛桥镇盛桥养老服务中心", "type": "养老院", "lon": 117.480968, "lat": 31.412423, "address": "盛桥镇盛桥养老服务中心", "adcode": "", "intensity": 5.85, "grade": "≤V", "high_exposure": false }, "geometry": { "type": "Point", "coordinates": [ 117.480968, 31.412423 ] } },
{ "type": "Feature", "properties": { "name": "夕阳红养老服务中心", "type": "养老院", "lon": 117.637232, "lat": 31.440687, "address": "巢庐路", "adcode": "", "intensity": 5.75, "grade": "≤V", "high_exposure": false }, "geometry": { "type": "Point", "coordinates": [ 117.637232, 31.440687 ] } },
{ "type": "Feature", "properties": { "name": "复兴居家养老服务站", "type": "养老院", "lon": 117.135756, "lat": 31.816267, "address": "复兴家园南门西侧一楼(悦书房楼下)", "adcode": "", "intensity": 7.16, "grade": "VIII+", "high_exposure": true }, "geometry": { "type": "Point", "coordinates": [ 117.135756, 31.816267 ] } },
{ "type": "Feature", "properties": { "name": "慈晖康养", "type": "养老院", "lon": 117.294656, "lat": 31.806384, "address": "望湖中路望湖喜番里2F210", "adcode": "", "intensity": 9.0, "grade": "VIII+", "high_exposure": true }, "geometry": { "type": "Point", "coordinates": [ 117.294656, 31.806384 ] } },
{ "type": "Feature", "properties": { "name": "铭传乡南分路敬老院", "type": "养老院", "lon": 116.844065, "lat": 31.735526, "address": "三河村附近", "adcode": "", "intensity": 6.0, "grade": "VI-VII", "high_exposure": false }, "geometry": { "type": "Point", "coordinates": [ 116.844065, 31.735526 ] } },
{ "type": "Feature", "properties": { "name": "合肥易得康养老服务有限公司", "type": "养老院", "lon": 117.250213, "lat": 31.851243, "address": "长江西路287号万科金域国际", "adcode": "", "intensity": 8.27, "grade": "VIII+", "high_exposure": true }, "geometry": { "type": "Point", "coordinates": [ 117.250213, 31.851243 ] } },
{ "type": "Feature", "properties": { "name": "中垾镇康年颐养院", "type": "养老院", "lon": 117.730934, "lat": 31.687289, "address": "中柘线西50米", "adcode": "", "intensity": 5.94, "grade": "≤V", "high_exposure": false }, "geometry": { "type": "Point", "coordinates": [ 117.730934, 31.687289 ] } },
{ "type": "Feature", "properties": { "name": "安徽百岁福养老院", "type": "养老院", "lon": 117.253799, "lat": 32.010475, "address": "双三路58号", "adcode": "", "intensity": 6.7, "grade": "VI-VII", "high_exposure": false }, "geometry": { "type": "Point", "coordinates": [ 117.253799, 32.010475 ] } },
{ "type": "Feature", "properties": { "name": "长丰县水湖镇养老服务中心", "type": "养老院", "lon": 117.184306, "lat": 32.469819, "address": [ ], "adcode": "", "intensity": 5.44, "grade": "≤V", "high_exposure": false }, "geometry": { "type": "Point", "coordinates": [ 117.184306, 32.469819 ] } },
{ "type": "Feature", "properties": { "name": "庐江锦绣家园行小美智慧养老", "type": "养老院", "lon": 117.278323, "lat": 31.252564, "address": "文昌西路142号", "adcode": "", "intensity": 5.59, "grade": "≤V", "high_exposure": false }, "geometry": { "type": "Point", "coordinates": [ 117.278323, 31.252564 ] } },
{ "type": "Feature", "properties": { "name": "大树常青居家智慧养老(肥西店)", "type": "养老院", "lon": 117.175986, "lat": 31.732502, "address": "大市场9号", "adcode": "", "intensity": 7.15, "grade": "VIII+", "high_exposure": true }, "geometry": { "type": "Point", "coordinates": [ 117.175986, 31.732502 ] } },
{ "type": "Feature", "properties": { "name": "合肥颐宁养老有限责任公司", "type": "养老院", "lon": 117.159043, "lat": 31.628256, "address": "丰乐镇程店社区中街组001号", "adcode": "", "intensity": 6.58, "grade": "VI-VII", "high_exposure": false }, "geometry": { "type": "Point", "coordinates": [ 117.159043, 31.628256 ] } },
{ "type": "Feature", "properties": { "name": "罗河养老服务中心", "type": "养老院", "lon": 117.310574, "lat": 31.020553, "address": "罗河大街16号", "adcode": "", "intensity": 5.23, "grade": "≤V", "high_exposure": false }, "geometry": { "type": "Point", "coordinates": [ 117.310574, 31.020553 ] } },
{ "type": "Feature", "properties": { "name": "爱和家居家养老服务中心", "type": "养老院", "lon": 117.153909, "lat": 31.719442, "address": "金寨路与仙霞路交口李湾小区旁", "adcode": "", "intensity": 6.98, "grade": "VI-VII", "high_exposure": false }, "geometry": { "type": "Point", "coordinates": [ 117.153909, 31.719442 ] } },
{ "type": "Feature", "properties": { "name": "新华敬老院", "type": "养老院", "lon": 117.162719, "lat": 31.582578, "address": "丰乐镇农村五保供养服务中心北侧140米", "adcode": "", "intensity": 6.4, "grade": "VI-VII", "high_exposure": false }, "geometry": { "type": "Point", "coordinates": [ 117.162719, 31.582578 ] } },
{ "type": "Feature", "properties": { "name": "同大镇养老服务中心", "type": "养老院", "lon": 117.330392, "lat": 31.525721, "address": "同大镇新河小学东150米", "adcode": "", "intensity": 6.26, "grade": "VI-VII", "high_exposure": false }, "geometry": { "type": "Point", "coordinates": [ 117.330392, 31.525721 ] } },
{ "type": "Feature", "properties": { "name": "安徽巢湖山水华庭长者之家康乐年华养老活动中心", "type": "养老院", "lon": 117.867607, "lat": 31.608748, "address": "山水华庭一号楼长者之家", "adcode": "", "intensity": 5.64, "grade": "≤V", "high_exposure": false }, "geometry": { "type": "Point", "coordinates": [ 117.867607, 31.608748 ] } },
{ "type": "Feature", "properties": { "name": "华康岛智慧居家养老中心", "type": "养老院", "lon": 117.289225, "lat": 31.832325, "address": "青年小区花园村南门西190米", "adcode": "", "intensity": 9.2, "grade": "VIII+", "high_exposure": true }, "geometry": { "type": "Point", "coordinates": [ 117.289225, 31.832325 ] } },
{ "type": "Feature", "properties": { "name": "肥西马河湾颐养院", "type": "养老院", "lon": 116.877025, "lat": 31.791575, "address": "官山路082号", "adcode": "", "intensity": 6.11, "grade": "VI-VII", "high_exposure": false }, "geometry": { "type": "Point", "coordinates": [ 116.877025, 31.791575 ] } },
{ "type": "Feature", "properties": { "name": "九久夕阳红凤凰桥社区居家养老服务中心", "type": "养老院", "lon": 117.30174, "lat": 31.866861, "address": "胜利路与大窑湾路交口合肥九久夕阳红", "adcode": "", "intensity": 8.05, "grade": "VIII+", "high_exposure": true }, "geometry": { "type": "Point", "coordinates": [ 117.30174, 31.866861 ] } },
{ "type": "Feature", "properties": { "name": "蜀山区小庙镇五十墩养老服务中心", "type": "养老院", "lon": 117.004463, "lat": 31.877858, "address": [ ], "adcode": "", "intensity": 6.47, "grade": "VI-VII", "high_exposure": false }, "geometry": { "type": "Point", "coordinates": [ 117.004463, 31.877858 ] } },
{ "type": "Feature", "properties": { "name": "金牛镇敬老院", "type": "养老院", "lon": 117.227825, "lat": 31.390425, "address": "金牛镇管山庄附近", "adcode": "", "intensity": 5.87, "grade": "≤V", "high_exposure": false }, "geometry": { "type": "Point", "coordinates": [ 117.227825, 31.390425 ] } },
{ "type": "Feature", "properties": { "name": "琥珀街道北苑村社区居家养老服务综合体", "type": "养老院", "lon": 117.265671, "lat": 31.860815, "address": "琥珀路与庐阳街交叉口西100米", "adcode": "", "intensity": 8.21, "grade": "VIII+", "high_exposure": true }, "geometry": { "type": "Point", "coordinates": [ 117.265671, 31.860815 ] } },
{ "type": "Feature", "properties": { "name": "合肥蜀山经济技术开发区居家养老服务综合体", "type": "养老院", "lon": 117.17562, "lat": 31.858506, "address": "井岗路416号甘泉新村东区内", "adcode": "", "intensity": 7.4, "grade": "VIII+", "high_exposure": true }, "geometry": { "type": "Point", "coordinates": [ 117.17562, 31.858506 ] } },
{ "type": "Feature", "properties": { "name": "巢湖市槐林镇康福养老中心", "type": "养老院", "lon": 117.620648, "lat": 31.41563, "address": "槐林镇柳开路康福养老中心", "adcode": "", "intensity": 5.72, "grade": "≤V", "high_exposure": false }, "geometry": { "type": "Point", "coordinates": [ 117.620648, 31.41563 ] } },
{ "type": "Feature", "properties": { "name": "青山养老院", "type": "养老院", "lon": 117.531262, "lat": 31.298595, "address": "泽灵种养殖专业合作社青山总部东侧190米", "adcode": "", "intensity": 5.6, "grade": "≤V", "high_exposure": false }, "geometry": { "type": "Point", "coordinates": [ 117.531262, 31.298595 ] } },
{ "type": "Feature", "properties": { "name": "佰家伴养老院(美丹店)", "type": "养老院", "lon": 117.285224, "lat": 31.780036, "address": "美丹路117-115号", "adcode": "", "intensity": 8.27, "grade": "VIII+", "high_exposure": true }, "geometry": { "type": "Point", "coordinates": [ 117.285224, 31.780036 ] } },
{ "type": "Feature", "properties": { "name": "芙蓉社区居家养老服务中心", "type": "养老院", "lon": 117.202383, "lat": 31.784739, "address": "翠微路125-129号", "adcode": "", "intensity": 7.66, "grade": "VIII+", "high_exposure": true }, "geometry": { "type": "Point", "coordinates": [ 117.202383, 31.784739 ] } },
{ "type": "Feature", "properties": { "name": "肥东县古城镇养老服务中心", "type": "养老院", "lon": 117.816796, "lat": 32.138119, "address": "古城镇", "adcode": "", "intensity": 5.61, "grade": "≤V", "high_exposure": false }, "geometry": { "type": "Point", "coordinates": [ 117.816796, 32.138119 ] } },
{ "type": "Feature", "properties": { "name": "高新区兴园中心红枫社区居家养老服务站", "type": "养老院", "lon": 117.194098, "lat": 31.831411, "address": "合肥高新区望江西路531号瑞和山水居1单元东南侧", "adcode": "", "intensity": 7.67, "grade": "VIII+", "high_exposure": true }, "geometry": { "type": "Point", "coordinates": [ 117.194098, 31.831411 ] } },
{ "type": "Feature", "properties": { "name": "社区居家养老连锁", "type": "养老院", "lon": 117.478766, "lat": 31.855301, "address": "城南新村东南门旁", "adcode": "", "intensity": 6.81, "grade": "VI-VII", "high_exposure": false }, "geometry": { "type": "Point", "coordinates": [ 117.478766, 31.855301 ] } },
{ "type": "Feature", "properties": { "name": "合肥包河区烟墩街道竹园颐养院", "type": "养老院", "lon": 117.263864, "lat": 31.712263, "address": "云南路滨湖竹园(滨湖竹园地铁站4号口步行360米)", "adcode": "", "intensity": 7.28, "grade": "VIII+", "high_exposure": true }, "geometry": { "type": "Point", "coordinates": [ 117.263864, 31.712263 ] } },
{ "type": "Feature", "properties": { "name": "庐江行小美智慧养老", "type": "养老院", "lon": 117.290779, "lat": 31.253357, "address": "塔山路113号", "adcode": "", "intensity": 5.59, "grade": "≤V", "high_exposure": false }, "geometry": { "type": "Point", "coordinates": [ 117.290779, 31.253357 ] } },
{ "type": "Feature", "properties": { "name": "长丰县杜集乡沛河养老服务中心", "type": "养老院", "lon": 117.315627, "lat": 32.418781, "address": "311县道与沛庄路交叉口北160米", "adcode": "", "intensity": 5.53, "grade": "≤V", "high_exposure": false }, "geometry": { "type": "Point", "coordinates": [ 117.315627, 32.418781 ] } },
{ "type": "Feature", "properties": { "name": "八斗镇中心敬老院", "type": "养老院", "lon": 117.617375, "lat": 32.152625, "address": "中兴街与花张大道交叉口东北420米", "adcode": "", "intensity": 5.85, "grade": "≤V", "high_exposure": false }, "geometry": { "type": "Point", "coordinates": [ 117.617375, 32.152625 ] } },
{ "type": "Feature", "properties": { "name": "严店养老服务中心", "type": "养老院", "lon": 117.263325, "lat": 31.633225, "address": [ ], "adcode": "", "intensity": 6.73, "grade": "VI-VII", "high_exposure": false }, "geometry": { "type": "Point", "coordinates": [ 117.263325, 31.633225 ] } },
{ "type": "Feature", "properties": { "name": "长临河镇敬老院", "type": "养老院", "lon": 117.487497, "lat": 31.713134, "address": [ ], "adcode": "", "intensity": 6.63, "grade": "VI-VII", "high_exposure": false }, "geometry": { "type": "Point", "coordinates": [ 117.487497, 31.713134 ] } },
{ "type": "Feature", "properties": { "name": "紫蓬山敬老院", "type": "养老院", "lon": 116.949077, "lat": 31.71336, "address": "紫蓬山管委会", "adcode": "", "intensity": 6.24, "grade": "VI-VII", "high_exposure": false }, "geometry": { "type": "Point", "coordinates": [ 116.949077, 31.71336 ] } },
{ "type": "Feature", "properties": { "name": "巧士养老社区服务中心", "type": "养老院", "lon": 117.235271, "lat": 31.795307, "address": "琥珀五环城和雅阁10栋2单元1楼", "adcode": "", "intensity": 8.15, "grade": "VIII+", "high_exposure": true }, "geometry": { "type": "Point", "coordinates": [ 117.235271, 31.795307 ] } },
{ "type": "Feature", "properties": { "name": "汤池镇养老服务中心", "type": "养老院", "lon": 117.092625, "lat": 31.357075, "address": "玉泉路188号", "adcode": "", "intensity": 5.74, "grade": "≤V", "high_exposure": false }, "geometry": { "type": "Point", "coordinates": [ 117.092625, 31.357075 ] } },
{ "type": "Feature", "properties": { "name": "包公镇中心敬老院", "type": "养老院", "lon": 117.691283, "lat": 31.944766, "address": "包公镇037县道", "adcode": "", "intensity": 6.03, "grade": "VI-VII", "high_exposure": false }, "geometry": { "type": "Point", "coordinates": [ 117.691283, 31.944766 ] } },
{ "type": "Feature", "properties": { "name": "左店镇中心敬老院", "type": "养老院", "lon": 117.229557, "lat": 32.425683, "address": "沛庄路西30米", "adcode": "", "intensity": 5.52, "grade": "≤V", "high_exposure": false }, "geometry": { "type": "Point", "coordinates": [ 117.229557, 32.425683 ] } },
{ "type": "Feature", "properties": { "name": "肥东县八斗镇养老服务中心", "type": "养老院", "lon": 117.617412, "lat": 32.152415, "address": "中兴街与花张大道交叉口东北420米", "adcode": "", "intensity": 5.86, "grade": "≤V", "high_exposure": false }, "geometry": { "type": "Point", "coordinates": [ 117.617412, 32.152415 ] } },
{ "type": "Feature", "properties": { "name": "双塘社居委居家养老服务站", "type": "养老院", "lon": 117.301288, "lat": 31.901075, "address": "隆昊·昊天园西门旁", "adcode": "", "intensity": 7.55, "grade": "VIII+", "high_exposure": true }, "geometry": { "type": "Point", "coordinates": [ 117.301288, 31.901075 ] } },
{ "type": "Feature", "properties": { "name": "庐江县白湖镇胡塝养老服务中心", "type": "养老院", "lon": 117.396098, "lat": 31.257362, "address": "071县道附近", "adcode": "", "intensity": 5.58, "grade": "≤V", "high_exposure": false }, "geometry": { "type": "Point", "coordinates": [ 117.396098, 31.257362 ] } },
{ "type": "Feature", "properties": { "name": "江夏敬老院", "type": "养老院", "lon": 116.800454, "lat": 31.794379, "address": "姚岗烟酒店西南侧", "adcode": "", "intensity": 5.93, "grade": "≤V", "high_exposure": false }, "geometry": { "type": "Point", "coordinates": [ 116.800454, 31.794379 ] } },
{ "type": "Feature", "properties": { "name": "城西桥中心养老服务综合体", "type": "养老院", "lon": 117.08145, "lat": 31.826728, "address": "城西桥家园B组团西门西南120米", "adcode": "", "intensity": 6.84, "grade": "VI-VII", "high_exposure": false }, "geometry": { "type": "Point", "coordinates": [ 117.08145, 31.826728 ] } },
{ "type": "Feature", "properties": { "name": "三十岗乡敬老院", "type": "养老院", "lon": 117.119273, "lat": 31.933695, "address": "三十岗乡合三国城路198号庐阳区三十岗生态农业旅游区(西南角)", "adcode": "", "intensity": 6.78, "grade": "VI-VII", "high_exposure": false }, "geometry": { "type": "Point", "coordinates": [ 117.119273, 31.933695 ] } },
{ "type": "Feature", "properties": { "name": "柳集敬老院", "type": "养老院", "lon": 117.767375, "lat": 31.897225, "address": "100县道东侧", "adcode": "", "intensity": 5.9, "grade": "≤V", "high_exposure": false }, "geometry": { "type": "Point", "coordinates": [ 117.767375, 31.897225 ] } },
{ "type": "Feature", "properties": { "name": "长丰县岗集镇养老服务中心", "type": "养老院", "lon": 117.109123, "lat": 32.000466, "address": [ ], "adcode": "", "intensity": 6.51, "grade": "VI-VII", "high_exposure": false }, "geometry": { "type": "Point", "coordinates": [ 117.109123, 32.000466 ] } },
{ "type": "Feature", "properties": { "name": "陶楼镇养老服务中心", "type": "养老院", "lon": 117.153895, "lat": 32.150231, "address": "075乡道西侧", "adcode": "", "intensity": 6.1, "grade": "VI-VII", "high_exposure": false }, "geometry": { "type": "Point", "coordinates": [ 117.153895, 32.150231 ] } },
{ "type": "Feature", "properties": { "name": "朱巷镇养老服务中心", "type": "养老院", "lon": 117.230008, "lat": 32.321319, "address": "合水路85号", "adcode": "", "intensity": 5.71, "grade": "≤V", "high_exposure": false }, "geometry": { "type": "Point", "coordinates": [ 117.230008, 32.321319 ] } },
{ "type": "Feature", "properties": { "name": "庐阳区养老服务指导中心友好商户卫生间", "type": "养老院", "lon": 117.282839, "lat": 31.883488, "address": "合瓦路95号阳光地带小区门面", "adcode": "", "intensity": 7.82, "grade": "VIII+", "high_exposure": true }, "geometry": { "type": "Point", "coordinates": [ 117.282839, 31.883488 ] } },
{ "type": "Feature", "properties": { "name": "三河镇茶棚社区居家养老服务站", "type": "养老院", "lon": 117.260614, "lat": 31.560558, "address": "木茶路与048县道交叉口西300米", "adcode": "", "intensity": 6.39, "grade": "VI-VII", "high_exposure": false }, "geometry": { "type": "Point", "coordinates": [ 117.260614, 31.560558 ] } },
{ "type": "Feature", "properties": { "name": "柿树岗乡袁店敬老院", "type": "养老院", "lon": 116.92352, "lat": 31.558835, "address": "柿树岗乡利和村", "adcode": "", "intensity": 5.95, "grade": "≤V", "high_exposure": false }, "geometry": { "type": "Point", "coordinates": [ 116.92352, 31.558835 ] } },
{ "type": "Feature", "properties": { "name": "庐江县万山镇养老服务中心", "type": "养老院", "lon": 117.148775, "lat": 31.327025, "address": "军二路x070号", "adcode": "", "intensity": 5.71, "grade": "≤V", "high_exposure": false }, "geometry": { "type": "Point", "coordinates": [ 117.148775, 31.327025 ] } },
{ "type": "Feature", "properties": { "name": "苏湾镇敬老院", "type": "养老院", "lon": 117.827781, "lat": 31.880993, "address": "苏湾东大街", "adcode": "", "intensity": 5.79, "grade": "≤V", "high_exposure": false }, "geometry": { "type": "Point", "coordinates": [ 117.827781, 31.880993 ] } },
{ "type": "Feature", "properties": { "name": "安徽福倍护养老服务有限公司", "type": "养老院", "lon": 117.283076, "lat": 31.883547, "address": "合瓦路95号纪元阳光地带", "adcode": "", "intensity": 7.82, "grade": "VIII+", "high_exposure": true }, "geometry": { "type": "Point", "coordinates": [ 117.283076, 31.883547 ] } },
{ "type": "Feature", "properties": { "name": "八斗镇陆还社区居家养老服务站", "type": "养老院", "lon": 117.677056, "lat": 32.150931, "address": "八斗镇陆还社区退役军人服务站西北侧50米", "adcode": "", "intensity": 5.78, "grade": "≤V", "high_exposure": false }, "geometry": { "type": "Point", "coordinates": [ 117.677056, 32.150931 ] } },
{ "type": "Feature", "properties": { "name": "牌坊回族满族乡养老服务中心", "type": "养老院", "lon": 117.481546, "lat": 32.004211, "address": "227省道与高龙路交叉口东北180米", "adcode": "", "intensity": 6.43, "grade": "VI-VII", "high_exposure": false }, "geometry": { "type": "Point", "coordinates": [ 117.481546, 32.004211 ] } },
{ "type": "Feature", "properties": { "name": "石头镇养老服务中心", "type": "养老院", "lon": 117.263788, "lat": 31.372473, "address": "合铜路094县", "adcode": "", "intensity": 5.83, "grade": "≤V", "high_exposure": false }, "geometry": { "type": "Point", "coordinates": [ 117.263788, 31.372473 ] } },
{ "type": "Feature", "properties": { "name": "长丰县造甲乡养老服务中心", "type": "养老院", "lon": 117.346986, "lat": 32.243667, "address": "227省道", "adcode": "", "intensity": 5.88, "grade": "≤V", "high_exposure": false }, "geometry": { "type": "Point", "coordinates": [ 117.346986, 32.243667 ] } },
{ "type": "Feature", "properties": { "name": "颐和养老院", "type": "养老院", "lon": 117.902938, "lat": 31.59932, "address": "巢二路与亚父路辅路交叉口西40米", "adcode": "", "intensity": 5.58, "grade": "≤V", "high_exposure": false }, "geometry": { "type": "Point", "coordinates": [ 117.902938, 31.59932 ] } },
{ "type": "Feature", "properties": { "name": "长丰县义井乡养老服务中心", "type": "养老院", "lon": 117.105218, "lat": 32.278332, "address": "益鸿景观材料有限公司东南侧", "adcode": "", "intensity": 5.76, "grade": "≤V", "high_exposure": false }, "geometry": { "type": "Point", "coordinates": [ 117.105218, 32.278332 ] } },
{ "type": "Feature", "properties": { "name": "巢湖市槐林镇敬老院", "type": "养老院", "lon": 117.551136, "lat": 31.350918, "address": "沐集路21号", "adcode": "", "intensity": 5.67, "grade": "≤V", "high_exposure": false }, "geometry": { "type": "Point", "coordinates": [ 117.551136, 31.350918 ] } },
{ "type": "Feature", "properties": { "name": "丰盛爱心医养集团国际化服务护理康复养老中心", "type": "养老院", "lon": 117.444553, "lat": 31.865051, "address": "省公遗路与新安江路交叉口东北100米", "adcode": "", "intensity": 6.98, "grade": "VI-VII", "high_exposure": false }, "geometry": { "type": "Point", "coordinates": [ 117.444553, 31.865051 ] } },
{ "type": "Feature", "properties": { "name": "福缘养老院", "type": "养老院", "lon": 117.625955, "lat": 31.425987, "address": "巢庐路66号", "adcode": "", "intensity": 5.74, "grade": "≤V", "high_exposure": false }, "geometry": { "type": "Point", "coordinates": [ 117.625955, 31.425987 ] } },
{ "type": "Feature", "properties": { "name": "肥光社区居家养老服务中心", "type": "养老院", "lon": 117.178231, "lat": 31.74155, "address": "紫石路与佛光路交叉口东南160米", "adcode": "", "intensity": 7.21, "grade": "VIII+", "high_exposure": true }, "geometry": { "type": "Point", "coordinates": [ 117.178231, 31.74155 ] } },
{ "type": "Feature", "properties": { "name": "合肥市社会福利中心", "type": "福利院", "lon": 117.312403, "lat": 31.985403, "address": "魏武路中段", "adcode": "", "intensity": 6.84, "grade": "VI-VII", "high_exposure": false }, "geometry": { "type": "Point", "coordinates": [ 117.312403, 31.985403 ] } },
{ "type": "Feature", "properties": { "name": "巢湖市儿童福利院", "type": "福利院", "lon": 117.905342, "lat": 31.596077, "address": "巢二路与亚父路辅路交叉口东南360米", "adcode": "", "intensity": 5.57, "grade": "≤V", "high_exposure": false }, "geometry": { "type": "Point", "coordinates": [ 117.905342, 31.596077 ] } },
{ "type": "Feature", "properties": { "name": "肥东县社会福利院", "type": "福利院", "lon": 117.482343, "lat": 31.901677, "address": "岱河路与329国道交叉口西北120米", "adcode": "", "intensity": 6.71, "grade": "VI-VII", "high_exposure": false }, "geometry": { "type": "Point", "coordinates": [ 117.482343, 31.901677 ] } },
{ "type": "Feature", "properties": { "name": "庐江县社会福利院", "type": "福利院", "lon": 117.298858, "lat": 31.25977, "address": "庐城镇庐白路121号", "adcode": "", "intensity": 5.6, "grade": "≤V", "high_exposure": false }, "geometry": { "type": "Point", "coordinates": [ 117.298858, 31.25977 ] } },
{ "type": "Feature", "properties": { "name": "中共合肥市儿童福利院支部委员会", "type": "福利院", "lon": 117.311822, "lat": 31.98426, "address": "魏武路辅路与李湾路交叉口东240米", "adcode": "", "intensity": 6.85, "grade": "VI-VII", "high_exposure": false }, "geometry": { "type": "Point", "coordinates": [ 117.311822, 31.98426 ] } },
{ "type": "Feature", "properties": { "name": "合肥九久夕阳红新海护理院", "type": "福利院", "lon": 117.362073, "lat": 31.890255, "address": "新海大道3号(新海大道地铁站B口步行340米)", "adcode": "", "intensity": 7.38, "grade": "VIII+", "high_exposure": true }, "geometry": { "type": "Point", "coordinates": [ 117.362073, 31.890255 ] } },
{ "type": "Feature", "properties": { "name": "合肥市儿童福利院", "type": "福利院", "lon": 117.216346, "lat": 31.864668, "address": "樊洼路129号", "adcode": "", "intensity": 7.72, "grade": "VIII+", "high_exposure": true }, "geometry": { "type": "Point", "coordinates": [ 117.216346, 31.864668 ] } },
{ "type": "Feature", "properties": { "name": "悠享时光护理院", "type": "福利院", "lon": 117.314809, "lat": 31.81118, "address": "淝河镇目连路699号(四十八中祁门路校区南门对面)", "adcode": "", "intensity": 8.52, "grade": "VIII+", "high_exposure": true }, "geometry": { "type": "Point", "coordinates": [ 117.314809, 31.81118 ] } },
{ "type": "Feature", "properties": { "name": "乐年庐阳记忆养老院", "type": "福利院", "lon": 117.232608, "lat": 31.902075, "address": "文一·名门湖畔2期东北门旁", "adcode": "", "intensity": 7.46, "grade": "VIII+", "high_exposure": true }, "geometry": { "type": "Point", "coordinates": [ 117.232608, 31.902075 ] } },
{ "type": "Feature", "properties": { "name": "辛合养老院", "type": "福利院", "lon": 117.378162, "lat": 31.89903, "address": "泗水路与相山路交叉口北120米", "adcode": "", "intensity": 7.23, "grade": "VIII+", "high_exposure": true }, "geometry": { "type": "Point", "coordinates": [ 117.378162, 31.89903 ] } },
{ "type": "Feature", "properties": { "name": "乐年知韵养老院", "type": "福利院", "lon": 117.285096, "lat": 31.866581, "address": "中共合肥市委机关宿舍寿春路215号内", "adcode": "", "intensity": 8.12, "grade": "VIII+", "high_exposure": true }, "geometry": { "type": "Point", "coordinates": [ 117.285096, 31.866581 ] } },
{ "type": "Feature", "properties": { "name": "家园养老院", "type": "福利院", "lon": 117.82631, "lat": 31.640434, "address": "平顶山路1号", "adcode": "", "intensity": 5.72, "grade": "≤V", "high_exposure": false }, "geometry": { "type": "Point", "coordinates": [ 117.82631, 31.640434 ] } },
{ "type": "Feature", "properties": { "name": "幸福敬老院", "type": "福利院", "lon": 117.426708, "lat": 31.098816, "address": "开源中路与缺店路交叉口西南160米", "adcode": "", "intensity": 5.33, "grade": "≤V", "high_exposure": false }, "geometry": { "type": "Point", "coordinates": [ 117.426708, 31.098816 ] } },
{ "type": "Feature", "properties": { "name": "胜岗敬老院", "type": "福利院", "lon": 117.339017, "lat": 31.153933, "address": "089县道", "adcode": "", "intensity": 5.42, "grade": "≤V", "high_exposure": false }, "geometry": { "type": "Point", "coordinates": [ 117.339017, 31.153933 ] } },
{ "type": "Feature", "properties": { "name": "肥东福利院", "type": "福利院", "lon": 117.552848, "lat": 31.762997, "address": "肥东县宏宇白水泥有限公司东南侧180米", "adcode": "", "intensity": 6.48, "grade": "VI-VII", "high_exposure": false }, "geometry": { "type": "Point", "coordinates": [ 117.552848, 31.762997 ] } },
{ "type": "Feature", "properties": { "name": "长丰县双墩镇养老院", "type": "福利院", "lon": 117.245875, "lat": 32.107675, "address": "罗集镇双赢幸福路", "adcode": "", "intensity": 6.28, "grade": "VI-VII", "high_exposure": false }, "geometry": { "type": "Point", "coordinates": [ 117.245875, 32.107675 ] } },
{ "type": "Feature", "properties": { "name": "水湖镇敬老院(张祠分院)", "type": "福利院", "lon": 117.110338, "lat": 32.491926, "address": [ ], "adcode": "", "intensity": 5.39, "grade": "≤V", "high_exposure": false }, "geometry": { "type": "Point", "coordinates": [ 117.110338, 32.491926 ] } },
{ "type": "Feature", "properties": { "name": "佰家伴养老院(望湖北苑店)", "type": "福利院", "lon": 117.293758, "lat": 31.813877, "address": "南二环路191号", "adcode": "", "intensity": 9.29, "grade": "VIII+", "high_exposure": true }, "geometry": { "type": "Point", "coordinates": [ 117.293758, 31.813877 ] } },
{ "type": "Feature", "properties": { "name": "中垾镇康年颐养院", "type": "福利院", "lon": 117.730934, "lat": 31.687289, "address": "中柘线西50米", "adcode": "", "intensity": 5.94, "grade": "≤V", "high_exposure": false }, "geometry": { "type": "Point", "coordinates": [ 117.730934, 31.687289 ] } },
{ "type": "Feature", "properties": { "name": "新华敬老院", "type": "福利院", "lon": 117.162719, "lat": 31.582578, "address": "丰乐镇农村五保供养服务中心北侧140米", "adcode": "", "intensity": 6.4, "grade": "VI-VII", "high_exposure": false }, "geometry": { "type": "Point", "coordinates": [ 117.162719, 31.582578 ] } },
{ "type": "Feature", "properties": { "name": "泰康之家·徽园", "type": "福利院", "lon": 117.266635, "lat": 31.700141, "address": "烟墩街道贵阳路与云南路交口东北角泰康之家徽园1号楼", "adcode": "", "intensity": 7.18, "grade": "VIII+", "high_exposure": true }, "geometry": { "type": "Point", "coordinates": [ 117.266635, 31.700141 ] } },
{ "type": "Feature", "properties": { "name": "青山养老院", "type": "福利院", "lon": 117.531262, "lat": 31.298595, "address": "泽灵种养殖专业合作社青山总部东侧190米", "adcode": "", "intensity": 5.6, "grade": "≤V", "high_exposure": false }, "geometry": { "type": "Point", "coordinates": [ 117.531262, 31.298595 ] } },
{ "type": "Feature", "properties": { "name": "佰家伴养老院(美丹店)", "type": "福利院", "lon": 117.285224, "lat": 31.780036, "address": "美丹路117-115号", "adcode": "", "intensity": 8.27, "grade": "VIII+", "high_exposure": true }, "geometry": { "type": "Point", "coordinates": [ 117.285224, 31.780036 ] } },
{ "type": "Feature", "properties": { "name": "长临河镇敬老院", "type": "福利院", "lon": 117.487497, "lat": 31.713134, "address": [ ], "adcode": "", "intensity": 6.63, "grade": "VI-VII", "high_exposure": false }, "geometry": { "type": "Point", "coordinates": [ 117.487497, 31.713134 ] } },
{ "type": "Feature", "properties": { "name": "包公镇中心敬老院", "type": "福利院", "lon": 117.691283, "lat": 31.944766, "address": "包公镇037县道", "adcode": "", "intensity": 6.03, "grade": "VI-VII", "high_exposure": false }, "geometry": { "type": "Point", "coordinates": [ 117.691283, 31.944766 ] } },
{ "type": "Feature", "properties": { "name": "左店镇中心敬老院", "type": "福利院", "lon": 117.229557, "lat": 32.425683, "address": "沛庄路西30米", "adcode": "", "intensity": 5.52, "grade": "≤V", "high_exposure": false }, "geometry": { "type": "Point", "coordinates": [ 117.229557, 32.425683 ] } },
{ "type": "Feature", "properties": { "name": "江夏敬老院", "type": "福利院", "lon": 116.800454, "lat": 31.794379, "address": "姚岗烟酒店西南侧", "adcode": "", "intensity": 5.93, "grade": "≤V", "high_exposure": false }, "geometry": { "type": "Point", "coordinates": [ 116.800454, 31.794379 ] } },
{ "type": "Feature", "properties": { "name": "柳集敬老院", "type": "福利院", "lon": 117.767375, "lat": 31.897225, "address": "100县道东侧", "adcode": "", "intensity": 5.9, "grade": "≤V", "high_exposure": false }, "geometry": { "type": "Point", "coordinates": [ 117.767375, 31.897225 ] } },
{ "type": "Feature", "properties": { "name": "巢湖市槐林镇敬老院", "type": "福利院", "lon": 117.551136, "lat": 31.350918, "address": "沐集路21号", "adcode": "", "intensity": 5.67, "grade": "≤V", "high_exposure": false }, "geometry": { "type": "Point", "coordinates": [ 117.551136, 31.350918 ] } },
{ "type": "Feature", "properties": { "name": "福缘养老院", "type": "福利院", "lon": 117.625955, "lat": 31.425987, "address": "巢庐路66号", "adcode": "", "intensity": 5.74, "grade": "≤V", "high_exposure": false }, "geometry": { "type": "Point", "coordinates": [ 117.625955, 31.425987 ] } },
{ "type": "Feature", "properties": { "name": "花果山青年养老院", "type": "福利院", "lon": 117.484902, "lat": 31.645106, "address": "长临河镇六家畈席家岗村东南800米", "adcode": "", "intensity": 6.45, "grade": "VI-VII", "high_exposure": false }, "geometry": { "type": "Point", "coordinates": [ 117.484902, 31.645106 ] } },
{ "type": "Feature", "properties": { "name": "佰家伴养老院(欣园店)", "type": "福利院", "lon": 117.2729, "lat": 31.721772, "address": "烟墩街道滨湖欣园社区居委会4楼", "adcode": "", "intensity": 7.38, "grade": "VIII+", "high_exposure": true }, "geometry": { "type": "Point", "coordinates": [ 117.2729, 31.721772 ] } },
{ "type": "Feature", "properties": { "name": "佰家伴养老院(朱岗店)", "type": "福利院", "lon": 117.30582, "lat": 31.81978, "address": "至德路包河区南苑公益性农贸市场三楼", "adcode": "", "intensity": 8.84, "grade": "VIII+", "high_exposure": true }, "geometry": { "type": "Point", "coordinates": [ 117.30582, 31.81978 ] } },
{ "type": "Feature", "properties": { "name": "佰家伴养老院(分路口店)", "type": "福利院", "lon": 117.308576, "lat": 31.842167, "address": "南淝河路615号", "adcode": "", "intensity": 8.46, "grade": "VIII+", "high_exposure": true }, "geometry": { "type": "Point", "coordinates": [ 117.308576, 31.842167 ] } },
{ "type": "Feature", "properties": { "name": "青龙敬老院", "type": "福利院", "lon": 117.390275, "lat": 32.188675, "address": "227省道与323省道交叉口东南380米", "adcode": "", "intensity": 6.0, "grade": "VI-VII", "high_exposure": false }, "geometry": { "type": "Point", "coordinates": [ 117.390275, 32.188675 ] } },
{ "type": "Feature", "properties": { "name": "严店乡敬老院", "type": "福利院", "lon": 117.263072, "lat": 31.633266, "address": "严刘路与三联罗祝路交叉口西120米", "adcode": "", "intensity": 6.73, "grade": "VI-VII", "high_exposure": false }, "geometry": { "type": "Point", "coordinates": [ 117.263072, 31.633266 ] } },
{ "type": "Feature", "properties": { "name": "严店乡敬老院1号楼", "type": "福利院", "lon": 117.262336, "lat": 31.63375, "address": "严刘路与晒鸡路交叉口东80米", "adcode": "", "intensity": 6.73, "grade": "VI-VII", "high_exposure": false }, "geometry": { "type": "Point", "coordinates": [ 117.262336, 31.63375 ] } },
{ "type": "Feature", "properties": { "name": "合肥长江护理院", "type": "福利院", "lon": 117.326958, "lat": 31.78454, "address": "大连路6号", "adcode": "", "intensity": 7.99, "grade": "VIII+", "high_exposure": true }, "geometry": { "type": "Point", "coordinates": [ 117.326958, 31.78454 ] } },
{ "type": "Feature", "properties": { "name": "敬老院", "type": "福利院", "lon": 117.299513, "lat": 32.184396, "address": "埠里养老服务中心西北侧", "adcode": "", "intensity": 6.05, "grade": "VI-VII", "high_exposure": false }, "geometry": { "type": "Point", "coordinates": [ 117.299513, 32.184396 ] } },
{ "type": "Feature", "properties": { "name": "乐年养老院", "type": "福利院", "lon": 117.271975, "lat": 31.856425, "address": "龚大塘巷与龚湾路交叉口西南200米", "adcode": "", "intensity": 8.35, "grade": "VIII+", "high_exposure": true }, "geometry": { "type": "Point", "coordinates": [ 117.271975, 31.856425 ] } },
{ "type": "Feature", "properties": { "name": "合肥庐园养老院", "type": "福利院", "lon": 117.232864, "lat": 31.890284, "address": "庐园", "adcode": "", "intensity": 7.58, "grade": "VIII+", "high_exposure": true }, "geometry": { "type": "Point", "coordinates": [ 117.232864, 31.890284 ] } },
{ "type": "Feature", "properties": { "name": "中垾镇敬老院", "type": "福利院", "lon": 117.774175, "lat": 31.657725, "address": "中垾镇", "adcode": "", "intensity": 5.83, "grade": "≤V", "high_exposure": false }, "geometry": { "type": "Point", "coordinates": [ 117.774175, 31.657725 ] } },
{ "type": "Feature", "properties": { "name": "朱巷镇和美养老院", "type": "福利院", "lon": 117.218612, "lat": 32.323585, "address": "朱巷镇人民政府北门旁", "adcode": "", "intensity": 5.71, "grade": "≤V", "high_exposure": false }, "geometry": { "type": "Point", "coordinates": [ 117.218612, 32.323585 ] } },
{ "type": "Feature", "properties": { "name": "庐江县三人花颐养院", "type": "福利院", "lon": 117.396425, "lat": 31.257375, "address": "真诚农业机械服务专业合作社东北侧80米", "adcode": "", "intensity": 5.58, "grade": "≤V", "high_exposure": false }, "geometry": { "type": "Point", "coordinates": [ 117.396425, 31.257375 ] } },
{ "type": "Feature", "properties": { "name": "合肥市庐阳区悠久养老院", "type": "福利院", "lon": 117.286012, "lat": 31.914072, "address": "潇然居东门旁", "adcode": "", "intensity": 7.43, "grade": "VIII+", "high_exposure": true }, "geometry": { "type": "Point", "coordinates": [ 117.286012, 31.914072 ] } },
{ "type": "Feature", "properties": { "name": "乐年时光里养老服务中心", "type": "福利院", "lon": 117.250094, "lat": 31.883536, "address": "四里河街道四河社区居民委员会二楼三楼", "adcode": "", "intensity": 7.75, "grade": "VIII+", "high_exposure": true }, "geometry": { "type": "Point", "coordinates": [ 117.250094, 31.883536 ] } },
{ "type": "Feature", "properties": { "name": "乡村养老院", "type": "福利院", "lon": 117.530843, "lat": 32.137098, "address": "康泰老年公寓管理有限公司东侧", "adcode": "", "intensity": 6.0, "grade": "VI-VII", "high_exposure": false }, "geometry": { "type": "Point", "coordinates": [ 117.530843, 32.137098 ] } },
{ "type": "Feature", "properties": { "name": "浮槎社区老年幸福院", "type": "福利院", "lon": 117.64644, "lat": 31.877004, "address": "李氏宗祠遗址(李慰农祖祠)东侧230米", "adcode": "", "intensity": 6.19, "grade": "VI-VII", "high_exposure": false }, "geometry": { "type": "Point", "coordinates": [ 117.64644, 31.877004 ] } },
{ "type": "Feature", "properties": { "name": "柿树岗乡袁店敬老院", "type": "福利院", "lon": 116.92352, "lat": 31.558835, "address": "柿树岗乡利和村", "adcode": "", "intensity": 5.95, "grade": "≤V", "high_exposure": false }, "geometry": { "type": "Point", "coordinates": [ 116.92352, 31.558835 ] } },
{ "type": "Feature", "properties": { "name": "岗湾街道附城社区农村幸福院", "type": "福利院", "lon": 117.296175, "lat": 31.230575, "address": "邓湖南路与泥河路交叉口南240米", "adcode": "", "intensity": 5.55, "grade": "≤V", "high_exposure": false }, "geometry": { "type": "Point", "coordinates": [ 117.296175, 31.230575 ] } },
{ "type": "Feature", "properties": { "name": "长丰县义井乡向东村养老院", "type": "福利院", "lon": 117.136838, "lat": 32.279219, "address": "义井镇", "adcode": "", "intensity": 5.77, "grade": "≤V", "high_exposure": false }, "geometry": { "type": "Point", "coordinates": [ 117.136838, 32.279219 ] } },
{ "type": "Feature", "properties": { "name": "古城镇中心敬老院", "type": "福利院", "lon": 117.816816, "lat": 32.138451, "address": "007乡道南50米", "adcode": "", "intensity": 5.61, "grade": "≤V", "high_exposure": false }, "geometry": { "type": "Point", "coordinates": [ 117.816816, 32.138451 ] } },
{ "type": "Feature", "properties": { "name": "梁园镇中心敬老院", "type": "福利院", "lon": 117.579204, "lat": 32.059955, "address": "梁园镇", "adcode": "", "intensity": 6.09, "grade": "VI-VII", "high_exposure": false }, "geometry": { "type": "Point", "coordinates": [ 117.579204, 32.059955 ] } },
{ "type": "Feature", "properties": { "name": "泉水村幸福院", "type": "福利院", "lon": 117.358975, "lat": 31.226225, "address": "登祥生活超市东南侧50米", "adcode": "", "intensity": 5.54, "grade": "≤V", "high_exposure": false }, "geometry": { "type": "Point", "coordinates": [ 117.358975, 31.226225 ] } },
{ "type": "Feature", "properties": { "name": "石塘镇石塘社区农村幸福院", "type": "福利院", "lon": 117.640341, "lat": 31.936155, "address": "桥丰街与桥东街交叉口西220米", "adcode": "", "intensity": 6.16, "grade": "VI-VII", "high_exposure": false }, "geometry": { "type": "Point", "coordinates": [ 117.640341, 31.936155 ] } },
{ "type": "Feature", "properties": { "name": "合肥大圩爱心老年护理院", "type": "福利院", "lon": 117.379914, "lat": 31.756226, "address": "圩新路与南斗路交叉口东80米", "adcode": "", "intensity": 7.31, "grade": "VIII+", "high_exposure": true }, "geometry": { "type": "Point", "coordinates": [ 117.379914, 31.756226 ] } },
{ "type": "Feature", "properties": { "name": "国家电网合肥供电公司", "type": "供电设施", "lon": 117.272632, "lat": 31.834709, "address": "宿松路133号", "adcode": "", "intensity": 9.12, "grade": "VIII+", "high_exposure": true }, "geometry": { "type": "Point", "coordinates": [ 117.272632, 31.834709 ] } },
{ "type": "Feature", "properties": { "name": "安徽南瑞继远电网技术有限公司(科学大道)", "type": "供电设施", "lon": 117.205568, "lat": 31.843844, "address": "高新区科学大道90号", "adcode": "", "intensity": 7.76, "grade": "VIII+", "high_exposure": true }, "geometry": { "type": "Point", "coordinates": [ 117.205568, 31.843844 ] } },
{ "type": "Feature", "properties": { "name": "中国铁路上海局集团有限公司合肥供电段", "type": "供电设施", "lon": 117.30796, "lat": 31.871377, "address": "琅琊山路2号(长淮地铁站B2口步行460米)", "adcode": "", "intensity": 7.93, "grade": "VIII+", "high_exposure": true }, "geometry": { "type": "Point", "coordinates": [ 117.30796, 31.871377 ] } },
{ "type": "Feature", "properties": { "name": "国网合肥供电公司蜀山供电分公司", "type": "供电设施", "lon": 117.231956, "lat": 31.838767, "address": "潜山路288号(国防科技大学地铁站B2口步行270米)", "adcode": "", "intensity": 8.16, "grade": "VIII+", "high_exposure": true }, "geometry": { "type": "Point", "coordinates": [ 117.231956, 31.838767 ] } },
{ "type": "Feature", "properties": { "name": "国网合肥供电公司输配电生产基地", "type": "供电设施", "lon": 117.296501, "lat": 31.821703, "address": "合巢路32号", "adcode": "", "intensity": 9.23, "grade": "VIII+", "high_exposure": true }, "geometry": { "type": "Point", "coordinates": [ 117.296501, 31.821703 ] } },
{ "type": "Feature", "properties": { "name": "国网安徽省电力有限公司营销服务中心", "type": "供电设施", "lon": 117.17176, "lat": 31.859925, "address": "稻香路88号(稻香路与甘泉路交叉口西100米)", "adcode": "", "intensity": 7.36, "grade": "VIII+", "high_exposure": true }, "geometry": { "type": "Point", "coordinates": [ 117.17176, 31.859925 ] } },
{ "type": "Feature", "properties": { "name": "巢湖市供电公司", "type": "供电设施", "lon": 117.855924, "lat": 31.617875, "address": "长江西路149号凤凰山庄", "adcode": "", "intensity": 5.66, "grade": "≤V", "high_exposure": false }, "geometry": { "type": "Point", "coordinates": [ 117.855924, 31.617875 ] } },
{ "type": "Feature", "properties": { "name": "安徽南瑞继远电网技术有限公司", "type": "供电设施", "lon": 117.185548, "lat": 31.818083, "address": "习友路(金桂地铁站3号口步行190米)", "adcode": "", "intensity": 7.59, "grade": "VIII+", "high_exposure": true }, "geometry": { "type": "Point", "coordinates": [ 117.185548, 31.818083 ] } },
{ "type": "Feature", "properties": { "name": "合肥供电公司水阳江路办公点", "type": "供电设施", "lon": 117.271782, "lat": 31.82325, "address": "水阳江路供电东村南侧约40米", "adcode": "", "intensity": 9.72, "grade": "VIII+", "high_exposure": true }, "geometry": { "type": "Point", "coordinates": [ 117.271782, 31.82325 ] } },
{ "type": "Feature", "properties": { "name": "国家电网(蜀山营业厅)", "type": "供电设施", "lon": 117.231753, "lat": 31.838818, "address": "潜山路288号国家电网", "adcode": "", "intensity": 8.16, "grade": "VIII+", "high_exposure": true }, "geometry": { "type": "Point", "coordinates": [ 117.231753, 31.838818 ] } },
{ "type": "Feature", "properties": { "name": "合肥供电公司南七生产基地", "type": "供电设施", "lon": 117.269129, "lat": 31.828501, "address": "宿松路与望江路交口西50米", "adcode": "", "intensity": 9.33, "grade": "VIII+", "high_exposure": true }, "geometry": { "type": "Point", "coordinates": [ 117.269129, 31.828501 ] } },
{ "type": "Feature", "properties": { "name": "国家电网庐阳供电营业厅", "type": "供电设施", "lon": 117.287279, "lat": 31.860306, "address": "徽州大道与红星路交口东北角", "adcode": "", "intensity": 8.26, "grade": "VIII+", "high_exposure": true }, "geometry": { "type": "Point", "coordinates": [ 117.287279, 31.860306 ] } },
{ "type": "Feature", "properties": { "name": "国网安徽省电力有限公司庐江县供电公司", "type": "供电设施", "lon": 117.300603, "lat": 31.243398, "address": "城中东路7号", "adcode": "", "intensity": 5.57, "grade": "≤V", "high_exposure": false }, "geometry": { "type": "Point", "coordinates": [ 117.300603, 31.243398 ] } },
{ "type": "Feature", "properties": { "name": "国网肥东供电公司输变电运检中心", "type": "供电设施", "lon": 117.445535, "lat": 31.87818, "address": "桂王路与龙泉路交叉口", "adcode": "", "intensity": 6.94, "grade": "VI-VII", "high_exposure": false }, "geometry": { "type": "Point", "coordinates": [ 117.445535, 31.87818 ] } },
{ "type": "Feature", "properties": { "name": "国家电网安徽省电力有限公司", "type": "供电设施", "lon": 117.280402, "lat": 31.841388, "address": "芜湖路街道黄山路9号安徽省电力公司生产调度大楼", "adcode": "", "intensity": 8.86, "grade": "VIII+", "high_exposure": true }, "geometry": { "type": "Point", "coordinates": [ 117.280402, 31.841388 ] } },
{ "type": "Feature", "properties": { "name": "瑶海供电分公司", "type": "供电设施", "lon": 117.336855, "lat": 31.84972, "address": "桥集路与裕溪路辅路交叉口东北160米", "adcode": "", "intensity": 7.93, "grade": "VIII+", "high_exposure": true }, "geometry": { "type": "Point", "coordinates": [ 117.336855, 31.84972 ] } },
{ "type": "Feature", "properties": { "name": "国网长丰县供电公司", "type": "供电设施", "lon": 117.262717, "lat": 31.969319, "address": "双凤开发区阜阳北路与金峰路交叉口", "adcode": "", "intensity": 6.96, "grade": "VI-VII", "high_exposure": false }, "geometry": { "type": "Point", "coordinates": [ 117.262717, 31.969319 ] } },
{ "type": "Feature", "properties": { "name": "国家电网肥东城关中心供电营业厅", "type": "供电设施", "lon": 117.459254, "lat": 31.880635, "address": "店埠镇龙泉西路76号", "adcode": "", "intensity": 6.87, "grade": "VI-VII", "high_exposure": false }, "geometry": { "type": "Point", "coordinates": [ 117.459254, 31.880635 ] } },
{ "type": "Feature", "properties": { "name": "国家电网(包河营业厅)", "type": "供电设施", "lon": 117.269247, "lat": 31.828589, "address": "望江东路321号供电西村", "adcode": "", "intensity": 9.33, "grade": "VIII+", "high_exposure": true }, "geometry": { "type": "Point", "coordinates": [ 117.269247, 31.828589 ] } },
{ "type": "Feature", "properties": { "name": "国网合肥供电公司包河区分公司", "type": "供电设施", "lon": 117.303533, "lat": 31.749793, "address": "滨湖康园北区北门旁", "adcode": "", "intensity": 7.68, "grade": "VIII+", "high_exposure": true }, "geometry": { "type": "Point", "coordinates": [ 117.303533, 31.749793 ] } },
{ "type": "Feature", "properties": { "name": "肥西供电局", "type": "供电设施", "lon": 117.169225, "lat": 31.715075, "address": "上派镇人民东路15号供电大厦", "adcode": "", "intensity": 7.02, "grade": "VIII+", "high_exposure": true }, "geometry": { "type": "Point", "coordinates": [ 117.169225, 31.715075 ] } },
{ "type": "Feature", "properties": { "name": "国网长丰县供电公司北城配电队", "type": "供电设施", "lon": 117.268752, "lat": 32.007112, "address": "无名路与市场路交叉口北200米", "adcode": "", "intensity": 6.73, "grade": "VI-VII", "high_exposure": false }, "geometry": { "type": "Point", "coordinates": [ 117.268752, 32.007112 ] } },
{ "type": "Feature", "properties": { "name": "国家电网(合肥铜陵路互动化供电营业厅)", "type": "供电设施", "lon": 117.322404, "lat": 31.862554, "address": "铜陵路与长江东大街交口西北角", "adcode": "", "intensity": 7.95, "grade": "VIII+", "high_exposure": true }, "geometry": { "type": "Point", "coordinates": [ 117.322404, 31.862554 ] } },
{ "type": "Feature", "properties": { "name": "肥西工业园供电营业厅", "type": "供电设施", "lon": 117.21657, "lat": 31.76083, "address": "青龙潭路与耕云路交叉口南60米", "adcode": "", "intensity": 7.59, "grade": "VIII+", "high_exposure": true }, "geometry": { "type": "Point", "coordinates": [ 117.21657, 31.76083 ] } },
{ "type": "Feature", "properties": { "name": "合肥供电公司", "type": "供电设施", "lon": 117.335994, "lat": 31.850615, "address": "桥集路与裕溪路辅路交叉口北240米", "adcode": "", "intensity": 7.94, "grade": "VIII+", "high_exposure": true }, "geometry": { "type": "Point", "coordinates": [ 117.335994, 31.850615 ] } },
{ "type": "Feature", "properties": { "name": "国家电网(长丰双墩供电营业厅)", "type": "供电设施", "lon": 117.263345, "lat": 32.004706, "address": "双墩镇文明路第一中心小学对面", "adcode": "", "intensity": 6.74, "grade": "VI-VII", "high_exposure": false }, "geometry": { "type": "Point", "coordinates": [ 117.263345, 32.004706 ] } },
{ "type": "Feature", "properties": { "name": "国网安徽省电力有限公司(肥西县供电公司)", "type": "供电设施", "lon": 117.168728, "lat": 31.714764, "address": "上派镇人民东路15号供电大厦", "adcode": "", "intensity": 7.01, "grade": "VIII+", "high_exposure": true }, "geometry": { "type": "Point", "coordinates": [ 117.168728, 31.714764 ] } },
{ "type": "Feature", "properties": { "name": "国家电网安徽省电力有限公司超高压分公司", "type": "供电设施", "lon": 117.193075, "lat": 31.745775, "address": "同大镇合安路88号", "adcode": "", "intensity": 7.32, "grade": "VIII+", "high_exposure": true }, "geometry": { "type": "Point", "coordinates": [ 117.193075, 31.745775 ] } },
{ "type": "Feature", "properties": { "name": "国网合肥供电公司检储配基地", "type": "供电设施", "lon": 117.313136, "lat": 31.907002, "address": "规划支路与星火小学通道交叉口西20米", "adcode": "", "intensity": 7.46, "grade": "VIII+", "high_exposure": true }, "geometry": { "type": "Point", "coordinates": [ 117.313136, 31.907002 ] } },
{ "type": "Feature", "properties": { "name": "桃花供电局", "type": "供电设施", "lon": 117.216769, "lat": 31.760338, "address": "青龙潭路与耕耘路叉路口", "adcode": "", "intensity": 7.59, "grade": "VIII+", "high_exposure": true }, "geometry": { "type": "Point", "coordinates": [ 117.216769, 31.760338 ] } },
{ "type": "Feature", "properties": { "name": "国家电网(庐江泥河供电营业厅)", "type": "供电设施", "lon": 117.317126, "lat": 31.088839, "address": "090县道北43米", "adcode": "", "intensity": 5.33, "grade": "≤V", "high_exposure": false }, "geometry": { "type": "Point", "coordinates": [ 117.317126, 31.088839 ] } },
{ "type": "Feature", "properties": { "name": "国家电网(庐江汤池供电营业厅)", "type": "供电设施", "lon": 117.092884, "lat": 31.330535, "address": "庐江县希望小学南门西90米", "adcode": "", "intensity": 5.69, "grade": "≤V", "high_exposure": false }, "geometry": { "type": "Point", "coordinates": [ 117.092884, 31.330535 ] } },
{ "type": "Feature", "properties": { "name": "国家电网(肥东撮镇供电营业厅)", "type": "供电设施", "lon": 117.483393, "lat": 31.810738, "address": "星光大道和撮镇路的交叉口附近", "adcode": "", "intensity": 6.81, "grade": "VI-VII", "high_exposure": false }, "geometry": { "type": "Point", "coordinates": [ 117.483393, 31.810738 ] } },
{ "type": "Feature", "properties": { "name": "中国联通城西桥家园服务站", "type": "供电设施", "lon": 117.081425, "lat": 31.826575, "address": "城西桥家园B组团西边供销社商业街沿街店铺(从西北角巷子进去)", "adcode": "", "intensity": 6.83, "grade": "VI-VII", "high_exposure": false }, "geometry": { "type": "Point", "coordinates": [ 117.081425, 31.826575 ] } },
{ "type": "Feature", "properties": { "name": "安徽电力交易中心", "type": "供电设施", "lon": 117.277303, "lat": 31.847743, "address": "南一环路552号", "adcode": "", "intensity": 8.62, "grade": "VIII+", "high_exposure": true }, "geometry": { "type": "Point", "coordinates": [ 117.277303, 31.847743 ] } },
{ "type": "Feature", "properties": { "name": "中铁十二局集团电气化工程有限公司新桥机场S1线供电项目", "type": "供电设施", "lon": 117.186407, "lat": 31.958199, "address": "金岗大道20号", "adcode": "", "intensity": 6.89, "grade": "VI-VII", "high_exposure": false }, "geometry": { "type": "Point", "coordinates": [ 117.186407, 31.958199 ] } },
{ "type": "Feature", "properties": { "name": "国家电网(肥东八斗供电营业厅)", "type": "供电设施", "lon": 117.605463, "lat": 32.147953, "address": "八斗镇101省道东(八斗地税分局南)", "adcode": "", "intensity": 5.88, "grade": "≤V", "high_exposure": false }, "geometry": { "type": "Point", "coordinates": [ 117.605463, 32.147953 ] } },
{ "type": "Feature", "properties": { "name": "国家电网(长丰水湖供电营业厅)", "type": "供电设施", "lon": 117.158599, "lat": 32.481739, "address": "供电大厦", "adcode": "", "intensity": 5.42, "grade": "≤V", "high_exposure": false }, "geometry": { "type": "Point", "coordinates": [ 117.158599, 32.481739 ] } },
{ "type": "Feature", "properties": { "name": "国家电网(肥西山南供电营业厅)", "type": "供电设施", "lon": 116.879258, "lat": 31.625925, "address": "山南国土建设管理所东北门旁", "adcode": "", "intensity": 5.97, "grade": "≤V", "high_exposure": false }, "geometry": { "type": "Point", "coordinates": [ 116.879258, 31.625925 ] } },
{ "type": "Feature", "properties": { "name": "国家电网(长丰吴山供电营业厅)", "type": "供电设施", "lon": 117.070515, "lat": 32.058146, "address": "吴山镇桥冲村民委员会", "adcode": "", "intensity": 6.26, "grade": "VI-VII", "high_exposure": false }, "geometry": { "type": "Point", "coordinates": [ 117.070515, 32.058146 ] } },
{ "type": "Feature", "properties": { "name": "国家电网(肥东县众兴供电营业厅)", "type": "供电设施", "lon": 117.409462, "lat": 31.986724, "address": "肥东县众兴乡中心学校东南门东北50米", "adcode": "", "intensity": 6.66, "grade": "VI-VII", "high_exposure": false }, "geometry": { "type": "Point", "coordinates": [ 117.409462, 31.986724 ] } },
{ "type": "Feature", "properties": { "name": "盛桥国家电网", "type": "供电设施", "lon": 117.497776, "lat": 31.393038, "address": "巢庐路y011号", "adcode": "", "intensity": 5.79, "grade": "≤V", "high_exposure": false }, "geometry": { "type": "Point", "coordinates": [ 117.497776, 31.393038 ] } },
{ "type": "Feature", "properties": { "name": "国家电网(上派供电营业厅)", "type": "供电设施", "lon": 117.168905, "lat": 31.714966, "address": "上派镇人民路15号供电大厦", "adcode": "", "intensity": 7.02, "grade": "VIII+", "high_exposure": true }, "geometry": { "type": "Point", "coordinates": [ 117.168905, 31.714966 ] } },
{ "type": "Feature", "properties": { "name": "国家电网", "type": "供电设施", "lon": 117.399483, "lat": 31.92993, "address": "大众路1819号", "adcode": "", "intensity": 6.96, "grade": "VI-VII", "high_exposure": false }, "geometry": { "type": "Point", "coordinates": [ 117.399483, 31.92993 ] } },
{ "type": "Feature", "properties": { "name": "国家电网(半汤供电营业厅)", "type": "供电设施", "lon": 117.91443, "lat": 31.6364, "address": "规划支路与紫薇路交叉口北60米", "adcode": "", "intensity": 5.58, "grade": "≤V", "high_exposure": false }, "geometry": { "type": "Point", "coordinates": [ 117.91443, 31.6364 ] } },
{ "type": "Feature", "properties": { "name": "国家电网(世纪大道供电营业厅)", "type": "供电设施", "lon": 117.888718, "lat": 31.601167, "address": "世纪大道", "adcode": "", "intensity": 5.6, "grade": "≤V", "high_exposure": false }, "geometry": { "type": "Point", "coordinates": [ 117.888718, 31.601167 ] } },
{ "type": "Feature", "properties": { "name": "国家电网(长丰庄墓供电营业厅)", "type": "供电设施", "lon": 117.109379, "lat": 32.291539, "address": "206国道辅路与福荫路交叉口南280米", "adcode": "", "intensity": 5.73, "grade": "≤V", "high_exposure": false }, "geometry": { "type": "Point", "coordinates": [ 117.109379, 32.291539 ] } },
{ "type": "Feature", "properties": { "name": "国家电网送电二分公司第一项目管理部", "type": "供电设施", "lon": 117.48329, "lat": 31.886336, "address": "店埠镇合蚌路与人民路交叉口往西50米", "adcode": "", "intensity": 6.74, "grade": "VI-VII", "high_exposure": false }, "geometry": { "type": "Point", "coordinates": [ 117.48329, 31.886336 ] } },
{ "type": "Feature", "properties": { "name": "国家电网(万山供电营业厅)", "type": "供电设施", "lon": 117.182994, "lat": 31.33657, "address": "070县道与货站路交叉口北160米", "adcode": "", "intensity": 5.74, "grade": "≤V", "high_exposure": false }, "geometry": { "type": "Point", "coordinates": [ 117.182994, 31.33657 ] } },
{ "type": "Feature", "properties": { "name": "国家电网下塘供电所", "type": "供电设施", "lon": 117.239575, "lat": 32.171475, "address": "浦东路与秀水路交叉口东60米", "adcode": "", "intensity": 6.08, "grade": "VI-VII", "high_exposure": false }, "geometry": { "type": "Point", "coordinates": [ 117.239575, 32.171475 ] } },
{ "type": "Feature", "properties": { "name": "蜀山中心供电一所(小庙供电所)", "type": "供电设施", "lon": 117.007026, "lat": 31.84228, "address": "长江西路115号", "adcode": "", "intensity": 6.51, "grade": "VI-VII", "high_exposure": false }, "geometry": { "type": "Point", "coordinates": [ 117.007026, 31.84228 ] } },
{ "type": "Feature", "properties": { "name": "国家电网(肥西高店供电营业厅)", "type": "供电设施", "lon": 116.833091, "lat": 31.899225, "address": "041县道与高仪路交叉口南340米", "adcode": "", "intensity": 5.98, "grade": "≤V", "high_exposure": false }, "geometry": { "type": "Point", "coordinates": [ 116.833091, 31.899225 ] } },
{ "type": "Feature", "properties": { "name": "国家电网(肥西三河供电营业厅)", "type": "供电设施", "lon": 117.252735, "lat": 31.508207, "address": "肥西县三河镇合铜路西50米", "adcode": "", "intensity": 6.2, "grade": "VI-VII", "high_exposure": false }, "geometry": { "type": "Point", "coordinates": [ 117.252735, 31.508207 ] } },
{ "type": "Feature", "properties": { "name": "国家电网(工业园供电营业厅)", "type": "供电设施", "lon": 117.21659, "lat": 31.760811, "address": "桃花供电局西北门旁", "adcode": "", "intensity": 7.59, "grade": "VIII+", "high_exposure": true }, "geometry": { "type": "Point", "coordinates": [ 117.21659, 31.760811 ] } },
{ "type": "Feature", "properties": { "name": "国家电网(肥西巢湖西路供电营业厅)", "type": "供电设施", "lon": 117.158264, "lat": 31.715378, "address": "用电管理东南门旁(李湾地铁站B口步行380米)", "adcode": "", "intensity": 6.98, "grade": "VI-VII", "high_exposure": false }, "geometry": { "type": "Point", "coordinates": [ 117.158264, 31.715378 ] } },
{ "type": "Feature", "properties": { "name": "国网安徽省电力有限公司传达室", "type": "供电设施", "lon": 117.280957, "lat": 31.84045, "address": "黄山路9号国网安徽省电力有限公司生产调度大楼", "adcode": "", "intensity": 8.9, "grade": "VIII+", "high_exposure": true }, "geometry": { "type": "Point", "coordinates": [ 117.280957, 31.84045 ] } },
{ "type": "Feature", "properties": { "name": "国家电网滨湖智慧能源服务站", "type": "供电设施", "lon": 117.25127, "lat": 31.711819, "address": "始信路与云谷路交叉口南160米", "adcode": "", "intensity": 7.26, "grade": "VIII+", "high_exposure": true }, "geometry": { "type": "Point", "coordinates": [ 117.25127, 31.711819 ] } },
{ "type": "Feature", "properties": { "name": "国家电网(巢湖槐林供电营业部)", "type": "供电设施", "lon": 117.621251, "lat": 31.420484, "address": "巢庐路与港口路交叉口西南100米", "adcode": "", "intensity": 5.73, "grade": "≤V", "high_exposure": false }, "geometry": { "type": "Point", "coordinates": [ 117.621251, 31.420484 ] } },
{ "type": "Feature", "properties": { "name": "国家电网", "type": "供电设施", "lon": 117.09666, "lat": 31.663369, "address": "金寨南路辅路与雷阳路交叉口东北100米", "adcode": "", "intensity": 6.56, "grade": "VI-VII", "high_exposure": false }, "geometry": { "type": "Point", "coordinates": [ 117.09666, 31.663369 ] } },
{ "type": "Feature", "properties": { "name": "国家电网(合肥龙岗工业园供电营业厅)", "type": "供电设施", "lon": 117.374362, "lat": 31.868056, "address": "龙岗综合经济开发区合肥龙岗综合经济开发区马岗小学边", "adcode": "", "intensity": 7.43, "grade": "VIII+", "high_exposure": true }, "geometry": { "type": "Point", "coordinates": [ 117.374362, 31.868056 ] } },
{ "type": "Feature", "properties": { "name": "国家电网(肥东陈集供电营业厅)", "type": "供电设施", "lon": 117.720222, "lat": 32.216065, "address": "肖圩村广响路国家电网", "adcode": "", "intensity": 5.63, "grade": "≤V", "high_exposure": false }, "geometry": { "type": "Point", "coordinates": [ 117.720222, 32.216065 ] } },
{ "type": "Feature", "properties": { "name": "国家电网(高刘供电所营业厅)", "type": "供电设施", "lon": 116.935403, "lat": 31.932662, "address": "高刘镇", "adcode": "", "intensity": 6.2, "grade": "VI-VII", "high_exposure": false }, "geometry": { "type": "Point", "coordinates": [ 116.935403, 31.932662 ] } },
{ "type": "Feature", "properties": { "name": "国家电网(巢湖供电营业厅)", "type": "供电设施", "lon": 117.871137, "lat": 31.596316, "address": "亚父街道巢湖中路166号(建设银行对面)", "adcode": "", "intensity": 5.62, "grade": "≤V", "high_exposure": false }, "geometry": { "type": "Point", "coordinates": [ 117.871137, 31.596316 ] } },
{ "type": "Feature", "properties": { "name": "国家电网(岗集供电营业厅)", "type": "供电设施", "lon": 117.192246, "lat": 31.958821, "address": "瑞丰路2号", "adcode": "", "intensity": 6.91, "grade": "VI-VII", "high_exposure": false }, "geometry": { "type": "Point", "coordinates": [ 117.192246, 31.958821 ] } },
{ "type": "Feature", "properties": { "name": "户外劳动者服务站点国家电网庐阳供电营业厅", "type": "供电设施", "lon": 117.287211, "lat": 31.860249, "address": "徽州大道78号(四牌楼地铁站C口步行230米)", "adcode": "", "intensity": 8.26, "grade": "VIII+", "high_exposure": true }, "geometry": { "type": "Point", "coordinates": [ 117.287211, 31.860249 ] } },
{ "type": "Feature", "properties": { "name": "肥东供电公司", "type": "供电设施", "lon": 117.458925, "lat": 31.880507, "address": "龙泉路与城关支路交叉口东140米", "adcode": "", "intensity": 6.87, "grade": "VI-VII", "high_exposure": false }, "geometry": { "type": "Point", "coordinates": [ 117.458925, 31.880507 ] } },
{ "type": "Feature", "properties": { "name": "庐江白湖供电营业厅", "type": "供电设施", "lon": 117.397305, "lat": 31.221227, "address": "S319白湖镇人民政府南侧", "adcode": "", "intensity": 5.52, "grade": "≤V", "high_exposure": false }, "geometry": { "type": "Point", "coordinates": [ 117.397305, 31.221227 ] } },
{ "type": "Feature", "properties": { "name": "合肥安创发电机出租有限公司", "type": "供电设施", "lon": 117.362956, "lat": 31.900843, "address": "文忠路与Y006交叉路口往西南约100米", "adcode": "", "intensity": 7.3, "grade": "VIII+", "high_exposure": true }, "geometry": { "type": "Point", "coordinates": [ 117.362956, 31.900843 ] } },
{ "type": "Feature", "properties": { "name": "国家电网(大圩供电所)", "type": "供电设施", "lon": 117.374925, "lat": 31.773525, "address": "花园大道16号", "adcode": "", "intensity": 7.44, "grade": "VIII+", "high_exposure": true }, "geometry": { "type": "Point", "coordinates": [ 117.374925, 31.773525 ] } },
{ "type": "Feature", "properties": { "name": "国家电网(合肥三十岗供电营业部)", "type": "供电设施", "lon": 117.125078, "lat": 31.927542, "address": "三十岗乡合三国城路198号庐阳区三十岗生态农业旅游区内(南侧)", "adcode": "", "intensity": 6.83, "grade": "VI-VII", "high_exposure": false }, "geometry": { "type": "Point", "coordinates": [ 117.125078, 31.927542 ] } },
{ "type": "Feature", "properties": { "name": "国家电网(石头镇营业厅)", "type": "供电设施", "lon": 117.268147, "lat": 31.418535, "address": "石头镇", "adcode": "", "intensity": 5.95, "grade": "≤V", "high_exposure": false }, "geometry": { "type": "Point", "coordinates": [ 117.268147, 31.418535 ] } },
{ "type": "Feature", "properties": { "name": "庐江县供电局", "type": "供电设施", "lon": 117.298775, "lat": 31.24362, "address": "城中路与文昌路交叉口东100米", "adcode": "", "intensity": 5.57, "grade": "≤V", "high_exposure": false }, "geometry": { "type": "Point", "coordinates": [ 117.298775, 31.24362 ] } },
{ "type": "Feature", "properties": { "name": "国家电网(长丰双凤中心供电营业厅)", "type": "供电设施", "lon": 117.263075, "lat": 31.969525, "address": "金峰路与阜阳北路辅路交叉口东80米", "adcode": "", "intensity": 6.95, "grade": "VI-VII", "high_exposure": false }, "geometry": { "type": "Point", "coordinates": [ 117.263075, 31.969525 ] } },
{ "type": "Feature", "properties": { "name": "国家电网(肥西紫蓬供电营业厅)", "type": "供电设施", "lon": 117.026707, "lat": 31.756737, "address": "紫蓬镇农兴街道社区对面", "adcode": "", "intensity": 6.54, "grade": "VI-VII", "high_exposure": false }, "geometry": { "type": "Point", "coordinates": [ 117.026707, 31.756737 ] } },
{ "type": "Feature", "properties": { "name": "国家电网(安徽省电力公司)", "type": "供电设施", "lon": 117.280957, "lat": 31.84045, "address": "桐城南路与九华山路交叉口北140米", "adcode": "", "intensity": 8.9, "grade": "VIII+", "high_exposure": true }, "geometry": { "type": "Point", "coordinates": [ 117.280957, 31.84045 ] } },
{ "type": "Feature", "properties": { "name": "乐桥镇供电营业厅", "type": "供电设施", "lon": 117.188165, "lat": 31.139554, "address": "京徽路与兴华路交叉口东南300米", "adcode": "", "intensity": 5.4, "grade": "≤V", "high_exposure": false }, "geometry": { "type": "Point", "coordinates": [ 117.188165, 31.139554 ] } },
{ "type": "Feature", "properties": { "name": "国家电网(长丰罗塘供电营业厅)", "type": "供电设施", "lon": 117.122379, "lat": 32.365639, "address": "230省道与206国道交叉口东北120米", "adcode": "", "intensity": 5.6, "grade": "≤V", "high_exposure": false }, "geometry": { "type": "Point", "coordinates": [ 117.122379, 32.365639 ] } },
{ "type": "Feature", "properties": { "name": "国家电网安徽送变电工程有限公司检修试验分公司", "type": "供电设施", "lon": 117.213675, "lat": 31.765628, "address": "金寨南路1068号", "adcode": "", "intensity": 7.61, "grade": "VIII+", "high_exposure": true }, "geometry": { "type": "Point", "coordinates": [ 117.213675, 31.765628 ] } },
{ "type": "Feature", "properties": { "name": "国家电网(肥东店埠中心供电所)", "type": "供电设施", "lon": 117.483441, "lat": 31.877049, "address": "长江东路辅路与轮窑厂巷交叉口东40米", "adcode": "", "intensity": 6.76, "grade": "VI-VII", "high_exposure": false }, "geometry": { "type": "Point", "coordinates": [ 117.483441, 31.877049 ] } },
{ "type": "Feature", "properties": { "name": "国家电网(庐江龙桥供电营业厅)", "type": "供电设施", "lon": 117.443313, "lat": 31.142964, "address": "裴桂路与龙桥大道交叉口西北260米", "adcode": "", "intensity": 5.39, "grade": "≤V", "high_exposure": false }, "geometry": { "type": "Point", "coordinates": [ 117.443313, 31.142964 ] } },
{ "type": "Feature", "properties": { "name": "合肥供电公司逍遥津住宅北区", "type": "供电设施", "lon": 117.293691, "lat": 31.866637, "address": "寿春路30号", "adcode": "", "intensity": 8.1, "grade": "VIII+", "high_exposure": true }, "geometry": { "type": "Point", "coordinates": [ 117.293691, 31.866637 ] } },
{ "type": "Feature", "properties": { "name": "国家电网(肥东石塘供电营业厅)", "type": "供电设施", "lon": 117.641048, "lat": 31.933662, "address": "银桥街与阚石路交叉口东240米", "adcode": "", "intensity": 6.16, "grade": "VI-VII", "high_exposure": false }, "geometry": { "type": "Point", "coordinates": [ 117.641048, 31.933662 ] } },
{ "type": "Feature", "properties": { "name": "国家电网(肥东杨塘供电营业厅)", "type": "供电设施", "lon": 117.78479, "lat": 32.110902, "address": "杨塘大街", "adcode": "", "intensity": 5.68, "grade": "≤V", "high_exposure": false }, "geometry": { "type": "Point", "coordinates": [ 117.78479, 32.110902 ] } },
{ "type": "Feature", "properties": { "name": "城区供电服务中心抢修北驻点", "type": "供电设施", "lon": 117.275415, "lat": 31.276387, "address": "世纪大道292号", "adcode": "", "intensity": 5.63, "grade": "≤V", "high_exposure": false }, "geometry": { "type": "Point", "coordinates": [ 117.275415, 31.276387 ] } },
{ "type": "Feature", "properties": { "name": "国网肥东县供电公司物资供应分中心", "type": "供电设施", "lon": 117.428475, "lat": 31.898425, "address": "祥和路与浍水路交叉口北240米", "adcode": "", "intensity": 6.97, "grade": "VI-VII", "high_exposure": false }, "geometry": { "type": "Point", "coordinates": [ 117.428475, 31.898425 ] } },
{ "type": "Feature", "properties": { "name": "国网巢湖市供电公司苏湾供电营业厅", "type": "供电设施", "lon": 117.818824, "lat": 31.874496, "address": "科技街与312国道交叉口东南80米", "adcode": "", "intensity": 5.8, "grade": "≤V", "high_exposure": false }, "geometry": { "type": "Point", "coordinates": [ 117.818824, 31.874496 ] } },
{ "type": "Feature", "properties": { "name": "国家电网(长丰朱巷供电营业厅)", "type": "供电设施", "lon": 117.236946, "lat": 32.330641, "address": "朱巷与010县道交汇处东北150米", "adcode": "", "intensity": 5.7, "grade": "≤V", "high_exposure": false }, "geometry": { "type": "Point", "coordinates": [ 117.236946, 32.330641 ] } },
{ "type": "Feature", "properties": { "name": "国家电网(庐江郭河供电营业厅)", "type": "供电设施", "lon": 117.159469, "lat": 31.42098, "address": "昌盛街与龙桥南路交叉口西80米", "adcode": "", "intensity": 5.92, "grade": "≤V", "high_exposure": false }, "geometry": { "type": "Point", "coordinates": [ 117.159469, 31.42098 ] } },
{ "type": "Feature", "properties": { "name": "国家电网(烔炀供电营业厅)", "type": "供电设施", "lon": 117.637642, "lat": 31.686968, "address": "兴烔路与农技路交叉口东180米", "adcode": "", "intensity": 6.14, "grade": "VI-VII", "high_exposure": false }, "geometry": { "type": "Point", "coordinates": [ 117.637642, 31.686968 ] } },
{ "type": "Feature", "properties": { "name": "国家电网(严店供电营业厅)", "type": "供电设施", "lon": 117.212043, "lat": 31.627102, "address": "G3京台高速x040号", "adcode": "", "intensity": 6.66, "grade": "VI-VII", "high_exposure": false }, "geometry": { "type": "Point", "coordinates": [ 117.212043, 31.627102 ] } },
{ "type": "Feature", "properties": { "name": "安徽南瑞继远电网技术有限公司", "type": "供电设施", "lon": 117.141234, "lat": 31.791241, "address": "宁西路108号", "adcode": "", "intensity": 7.17, "grade": "VIII+", "high_exposure": true }, "geometry": { "type": "Point", "coordinates": [ 117.141234, 31.791241 ] } },
{ "type": "Feature", "properties": { "name": "国家电网", "type": "供电设施", "lon": 116.872903, "lat": 31.794089, "address": "官山路与张祠路交叉口南60米", "adcode": "", "intensity": 6.1, "grade": "VI-VII", "high_exposure": false }, "geometry": { "type": "Point", "coordinates": [ 116.872903, 31.794089 ] } },
{ "type": "Feature", "properties": { "name": "国家电网(庐江同大供电营业厅)", "type": "供电设施", "lon": 117.267918, "lat": 31.497037, "address": "韦桥大道与二龙南街交叉口南100米", "adcode": "", "intensity": 6.17, "grade": "VI-VII", "high_exposure": false }, "geometry": { "type": "Point", "coordinates": [ 117.267918, 31.497037 ] } },
{ "type": "Feature", "properties": { "name": "国家电网(夏阁供电所)", "type": "供电设施", "lon": 117.828134, "lat": 31.711144, "address": "巢柘路与西峰路交叉口南80米", "adcode": "", "intensity": 5.77, "grade": "≤V", "high_exposure": false }, "geometry": { "type": "Point", "coordinates": [ 117.828134, 31.711144 ] } },
{ "type": "Feature", "properties": { "name": "国家电网城区供电服务中心高压运检班", "type": "供电设施", "lon": 117.155487, "lat": 31.719872, "address": "金寨路1111号(李湾地铁站D口步行270米)", "adcode": "", "intensity": 6.99, "grade": "VI-VII", "high_exposure": false }, "geometry": { "type": "Point", "coordinates": [ 117.155487, 31.719872 ] } },
{ "type": "Feature", "properties": { "name": "国家电网(庐江矾山供电营业厅)", "type": "供电设施", "lon": 117.423672, "lat": 31.113762, "address": "乐华路2号", "adcode": "", "intensity": 5.35, "grade": "≤V", "high_exposure": false }, "geometry": { "type": "Point", "coordinates": [ 117.423672, 31.113762 ] } },
{ "type": "Feature", "properties": { "name": "合肥劲力供电设备有限公司", "type": "供电设施", "lon": 117.37815, "lat": 31.792286, "address": "繁华大道与吉林路交口联东U谷合肥滨湖国际企业港48栋", "adcode": "", "intensity": 7.5, "grade": "VIII+", "high_exposure": true }, "geometry": { "type": "Point", "coordinates": [ 117.37815, 31.792286 ] } },
{ "type": "Feature", "properties": { "name": "铭传乡供电所", "type": "供电设施", "lon": 116.813086, "lat": 31.745377, "address": "半金路与南农路交叉口南180米", "adcode": "", "intensity": 5.94, "grade": "≤V", "high_exposure": false }, "geometry": { "type": "Point", "coordinates": [ 116.813086, 31.745377 ] } },
{ "type": "Feature", "properties": { "name": "梁园变电所(公交站)", "type": "变电站", "lon": 117.548806, "lat": 31.987266, "address": "353路;D113路;D115路", "adcode": "", "intensity": 6.31, "grade": "VI-VII", "high_exposure": false }, "geometry": { "type": "Point", "coordinates": [ 117.548806, 31.987266 ] } },
{ "type": "Feature", "properties": { "name": "造甲变电所(公交站)", "type": "变电站", "lon": 117.341156, "lat": 32.235798, "address": "C229路", "adcode": "", "intensity": 5.9, "grade": "≤V", "high_exposure": false }, "geometry": { "type": "Point", "coordinates": [ 117.341156, 32.235798 ] } },
{ "type": "Feature", "properties": { "name": "高刘变电所(公交站)", "type": "变电站", "lon": 116.932111, "lat": 31.929398, "address": "高刘循环1线", "adcode": "", "intensity": 6.2, "grade": "VI-VII", "high_exposure": false }, "geometry": { "type": "Point", "coordinates": [ 116.932111, 31.929398 ] } },
{ "type": "Feature", "properties": { "name": "朱巷变电所(公交站)", "type": "变电站", "lon": 117.236308, "lat": 32.329968, "address": "C174路;C182路", "adcode": "", "intensity": 5.7, "grade": "≤V", "high_exposure": false }, "geometry": { "type": "Point", "coordinates": [ 117.236308, 32.329968 ] } },
{ "type": "Feature", "properties": { "name": "移湖变电所(公交站)", "type": "变电站", "lon": 117.240812, "lat": 31.268093, "address": "庐江9路", "adcode": "", "intensity": 5.62, "grade": "≤V", "high_exposure": false }, "geometry": { "type": "Point", "coordinates": [ 117.240812, 31.268093 ] } },
{ "type": "Feature", "properties": { "name": "李小变电所(公交站)", "type": "变电站", "lon": 117.240501, "lat": 31.560026, "address": "X231路", "adcode": "", "intensity": 6.38, "grade": "VI-VII", "high_exposure": false }, "geometry": { "type": "Point", "coordinates": [ 117.240501, 31.560026 ] } },
{ "type": "Feature", "properties": { "name": "变电所(公交站)", "type": "变电站", "lon": 117.548806, "lat": 31.987266, "address": "D229路梁园循环线", "adcode": "", "intensity": 6.31, "grade": "VI-VII", "high_exposure": false }, "geometry": { "type": "Point", "coordinates": [ 117.548806, 31.987266 ] } },
{ "type": "Feature", "properties": { "name": "山南供电所(公交站)", "type": "变电站", "lon": 116.879413, "lat": 31.626033, "address": "X135路;X305路", "adcode": "", "intensity": 5.97, "grade": "≤V", "high_exposure": false }, "geometry": { "type": "Point", "coordinates": [ 116.879413, 31.626033 ] } },
{ "type": "Feature", "properties": { "name": "变电所(公交站)", "type": "变电站", "lon": 117.236329, "lat": 32.32998, "address": "C174路;长丰定制公交C121路", "adcode": "", "intensity": 5.7, "grade": "≤V", "high_exposure": false }, "geometry": { "type": "Point", "coordinates": [ 117.236329, 32.32998 ] } },
{ "type": "Feature", "properties": { "name": "供电所(公交站)", "type": "变电站", "lon": 117.18295, "lat": 31.335337, "address": "(停运)庐江1路晚班;L330路", "adcode": "", "intensity": 5.74, "grade": "≤V", "high_exposure": false }, "geometry": { "type": "Point", "coordinates": [ 117.18295, 31.335337 ] } },
{ "type": "Feature", "properties": { "name": "国家电网汽车充电站(安徽省合肥市经开区送变电工业园快充站)", "type": "变电站", "lon": 117.213985, "lat": 31.766316, "address": "送变电工业园地面停车场", "adcode": "", "intensity": 7.62, "grade": "VIII+", "high_exposure": true }, "geometry": { "type": "Point", "coordinates": [ 117.213985, 31.766316 ] } },
{ "type": "Feature", "properties": { "name": "合肥供水集团包河供水分公司", "type": "水厂", "lon": 117.305194, "lat": 31.817671, "address": "东流东路16号合肥市供水集团", "adcode": "", "intensity": 8.86, "grade": "VIII+", "high_exposure": true }, "geometry": { "type": "Point", "coordinates": [ 117.305194, 31.817671 ] } },
{ "type": "Feature", "properties": { "name": "合肥供水空港供水分公司", "type": "水厂", "lon": 117.026647, "lat": 31.957767, "address": "启德路与天柱山大道交叉口东北120米", "adcode": "", "intensity": 6.41, "grade": "VI-VII", "high_exposure": false }, "geometry": { "type": "Point", "coordinates": [ 117.026647, 31.957767 ] } },
{ "type": "Feature", "properties": { "name": "长丰供水集团有限公司水家湖供水服务大厅", "type": "水厂", "lon": 117.158708, "lat": 32.462582, "address": "杨公路140号与南一环交口", "adcode": "", "intensity": 5.45, "grade": "≤V", "high_exposure": false }, "geometry": { "type": "Point", "coordinates": [ 117.158708, 32.462582 ] } },
{ "type": "Feature", "properties": { "name": "庐江县自来水厂营业厅", "type": "水厂", "lon": 117.285903, "lat": 31.247348, "address": "越城中路57号", "adcode": "", "intensity": 5.58, "grade": "≤V", "high_exposure": false }, "geometry": { "type": "Point", "coordinates": [ 117.285903, 31.247348 ] } },
{ "type": "Feature", "properties": { "name": "合肥龙岗自来水有限公司收费大厅(金阳路)", "type": "水厂", "lon": 117.440043, "lat": 31.891121, "address": "店埠镇新金阳路2号", "adcode": "", "intensity": 6.93, "grade": "VI-VII", "high_exposure": false }, "geometry": { "type": "Point", "coordinates": [ 117.440043, 31.891121 ] } },
{ "type": "Feature", "properties": { "name": "合肥供水供水业务大厅", "type": "水厂", "lon": 117.85891, "lat": 31.598857, "address": "东风西路金巢花园B1楼105号附近", "adcode": "", "intensity": 5.64, "grade": "≤V", "high_exposure": false }, "geometry": { "type": "Point", "coordinates": [ 117.85891, 31.598857 ] } },
{ "type": "Feature", "properties": { "name": "肥东县供水有限公司", "type": "水厂", "lon": 117.470997, "lat": 31.877253, "address": "撮镇路与梁南路交叉口南40米", "adcode": "", "intensity": 6.82, "grade": "VI-VII", "high_exposure": false }, "geometry": { "type": "Point", "coordinates": [ 117.470997, 31.877253 ] } },
{ "type": "Feature", "properties": { "name": "撮镇自来水办事处", "type": "水厂", "lon": 117.47688, "lat": 31.826657, "address": "大郭路与冯城路交叉口东北60米", "adcode": "", "intensity": 6.84, "grade": "VI-VII", "high_exposure": false }, "geometry": { "type": "Point", "coordinates": [ 117.47688, 31.826657 ] } },
{ "type": "Feature", "properties": { "name": "长丰供水集团有限公司岗集供水服务所(金湖花园A区店)", "type": "水厂", "lon": 117.193612, "lat": 31.957928, "address": "金湖花园A区西南门东南70米", "adcode": "", "intensity": 6.91, "grade": "VI-VII", "high_exposure": false }, "geometry": { "type": "Point", "coordinates": [ 117.193612, 31.957928 ] } },
{ "type": "Feature", "properties": { "name": "肥西供水山南供水营业厅", "type": "水厂", "lon": 116.879684, "lat": 31.624894, "address": "五丰路与山吕路交口向南100米", "adcode": "", "intensity": 5.97, "grade": "≤V", "high_exposure": false }, "geometry": { "type": "Point", "coordinates": [ 116.879684, 31.624894 ] } },
{ "type": "Feature", "properties": { "name": "龙岗供水营业大厅", "type": "水厂", "lon": 117.430851, "lat": 31.826774, "address": "共青路24号", "adcode": "", "intensity": 7.11, "grade": "VIII+", "high_exposure": true }, "geometry": { "type": "Point", "coordinates": [ 117.430851, 31.826774 ] } },
{ "type": "Feature", "properties": { "name": "合肥供水集团有限公司经开区供水分公司", "type": "水厂", "lon": 117.210161, "lat": 31.763529, "address": "金寨南路1093号", "adcode": "", "intensity": 7.57, "grade": "VIII+", "high_exposure": true }, "geometry": { "type": "Point", "coordinates": [ 117.210161, 31.763529 ] } },
{ "type": "Feature", "properties": { "name": "万山自来水厂收费大厅", "type": "水厂", "lon": 117.185308, "lat": 31.330423, "address": "水厂路与三环路交叉口西南40米", "adcode": "", "intensity": 5.73, "grade": "≤V", "high_exposure": false }, "geometry": { "type": "Point", "coordinates": [ 117.185308, 31.330423 ] } },
{ "type": "Feature", "properties": { "name": "马钢工业供水公司", "type": "水厂", "lon": 117.49139, "lat": 31.765208, "address": "撮镇镇经济循环工业园四顶山路", "adcode": "", "intensity": 6.73, "grade": "VI-VII", "high_exposure": false }, "geometry": { "type": "Point", "coordinates": [ 117.49139, 31.765208 ] } },
{ "type": "Feature", "properties": { "name": "庐江供水金牛服务厅", "type": "水厂", "lon": 117.2037, "lat": 31.385401, "address": "金牛镇自来水厂收费大厅", "adcode": "", "intensity": 5.85, "grade": "≤V", "high_exposure": false }, "geometry": { "type": "Point", "coordinates": [ 117.2037, 31.385401 ] } },
{ "type": "Feature", "properties": { "name": "合肥水务集团有限公司营业大厅", "type": "水厂", "lon": 117.309029, "lat": 31.851913, "address": "屯溪路70号", "adcode": "", "intensity": 8.27, "grade": "VIII+", "high_exposure": true }, "geometry": { "type": "Point", "coordinates": [ 117.309029, 31.851913 ] } },
{ "type": "Feature", "properties": { "name": "合肥供水集团滨湖营业厅", "type": "水厂", "lon": 117.314964, "lat": 31.746631, "address": "万泉河路与嵩山路交口西南角", "adcode": "", "intensity": 7.6, "grade": "VIII+", "high_exposure": true }, "geometry": { "type": "Point", "coordinates": [ 117.314964, 31.746631 ] } },
{ "type": "Feature", "properties": { "name": "合肥华建供水技术有限公司", "type": "水厂", "lon": 117.255061, "lat": 31.486269, "address": "同大镇工投庐江创新产业园最后一排", "adcode": "", "intensity": 6.13, "grade": "VI-VII", "high_exposure": false }, "geometry": { "type": "Point", "coordinates": [ 117.255061, 31.486269 ] } },
{ "type": "Feature", "properties": { "name": "合肥水务集团经开营业厅", "type": "水厂", "lon": 117.224675, "lat": 31.782342, "address": "翠微路6号海恒大厦F1层", "adcode": "", "intensity": 7.87, "grade": "VIII+", "high_exposure": true }, "geometry": { "type": "Point", "coordinates": [ 117.224675, 31.782342 ] } },
{ "type": "Feature", "properties": { "name": "肥东县自来水厂龙岗收费大厅", "type": "水厂", "lon": 117.416458, "lat": 31.871123, "address": "三十埠大桥东200米(三十埠东地铁站D口步行460米)", "adcode": "", "intensity": 7.13, "grade": "VIII+", "high_exposure": true }, "geometry": { "type": "Point", "coordinates": [ 117.416458, 31.871123 ] } },
{ "type": "Feature", "properties": { "name": "庐江供水郭河营业厅", "type": "水厂", "lon": 117.188208, "lat": 31.447272, "address": "431县道与093县道交叉口西南340米", "adcode": "", "intensity": 6.0, "grade": "VI-VII", "high_exposure": false }, "geometry": { "type": "Point", "coordinates": [ 117.188208, 31.447272 ] } },
{ "type": "Feature", "properties": { "name": "庐江供水白湖服务厅", "type": "水厂", "lon": 117.44726, "lat": 31.226909, "address": "西大圩", "adcode": "", "intensity": 5.51, "grade": "≤V", "high_exposure": false }, "geometry": { "type": "Point", "coordinates": [ 117.44726, 31.226909 ] } },
{ "type": "Feature", "properties": { "name": "长丰智慧水务集团有限公司岗集供排水服务所", "type": "水厂", "lon": 117.190969, "lat": 31.959622, "address": "瑞风路与瑞丰路交口东北角", "adcode": "", "intensity": 6.9, "grade": "VI-VII", "high_exposure": false }, "geometry": { "type": "Point", "coordinates": [ 117.190969, 31.959622 ] } },
{ "type": "Feature", "properties": { "name": "长丰供水集团有限公司", "type": "水厂", "lon": 117.091359, "lat": 32.055556, "address": "胜岗路与百花大道交叉口东南500米", "adcode": "", "intensity": 6.3, "grade": "VI-VII", "high_exposure": false }, "geometry": { "type": "Point", "coordinates": [ 117.091359, 32.055556 ] } },
{ "type": "Feature", "properties": { "name": "合肥供水集团(黄山路供水服务站)", "type": "水厂", "lon": 117.22566, "lat": 31.841107, "address": "岳西路与黄山路交叉口东北40米", "adcode": "", "intensity": 8.04, "grade": "VIII+", "high_exposure": true }, "geometry": { "type": "Point", "coordinates": [ 117.22566, 31.841107 ] } },
{ "type": "Feature", "properties": { "name": "朱巷镇供水服务厅", "type": "水厂", "lon": 117.228275, "lat": 32.322393, "address": "康富西路与合水路交叉口西南40米", "adcode": "", "intensity": 5.71, "grade": "≤V", "high_exposure": false }, "geometry": { "type": "Point", "coordinates": [ 117.228275, 32.322393 ] } },
{ "type": "Feature", "properties": { "name": "丰乐自来水厂关心下一代工作委员会", "type": "水厂", "lon": 117.180013, "lat": 31.555916, "address": "严丰路与048县道交叉口北280米", "adcode": "", "intensity": 6.33, "grade": "VI-VII", "high_exposure": false }, "geometry": { "type": "Point", "coordinates": [ 117.180013, 31.555916 ] } },
{ "type": "Feature", "properties": { "name": "合淮路供水服务所", "type": "水厂", "lon": 117.122506, "lat": 31.992648, "address": "018县道与和顺街交叉口东南300米", "adcode": "", "intensity": 6.57, "grade": "VI-VII", "high_exposure": false }, "geometry": { "type": "Point", "coordinates": [ 117.122506, 31.992648 ] } },
{ "type": "Feature", "properties": { "name": "庐江供水(泥河营业厅)", "type": "水厂", "lon": 117.326634, "lat": 31.084631, "address": "泥河小学西侧80米", "adcode": "", "intensity": 5.32, "grade": "≤V", "high_exposure": false }, "geometry": { "type": "Point", "coordinates": [ 117.326634, 31.084631 ] } },
{ "type": "Feature", "properties": { "name": "长丰供水", "type": "水厂", "lon": 117.126091, "lat": 32.330887, "address": "创业大道与庄王大道交叉口西北20米", "adcode": "", "intensity": 5.67, "grade": "≤V", "high_exposure": false }, "geometry": { "type": "Point", "coordinates": [ 117.126091, 32.330887 ] } },
{ "type": "Feature", "properties": { "name": "庐江县金孔雀自来水有限公司", "type": "水厂", "lon": 117.103644, "lat": 31.325453, "address": "外经大道与迎宾东路交叉口西南60米", "adcode": "", "intensity": 5.69, "grade": "≤V", "high_exposure": false }, "geometry": { "type": "Point", "coordinates": [ 117.103644, 31.325453 ] } },
{ "type": "Feature", "properties": { "name": "自来水厂校表站", "type": "水厂", "lon": 117.468525, "lat": 31.890175, "address": "唐杨路与包公大道交叉口南160米", "adcode": "", "intensity": 6.8, "grade": "VI-VII", "high_exposure": false }, "geometry": { "type": "Point", "coordinates": [ 117.468525, 31.890175 ] } },
{ "type": "Feature", "properties": { "name": "庐江县许桥自来水有限公司", "type": "水厂", "lon": 117.499293, "lat": 31.45163, "address": "环巢湖大道与451县道交叉口东南420米", "adcode": "", "intensity": 5.92, "grade": "≤V", "high_exposure": false }, "geometry": { "type": "Point", "coordinates": [ 117.499293, 31.45163 ] } },
{ "type": "Feature", "properties": { "name": "周昌军自来水水泵配件门市部", "type": "水厂", "lon": 117.250413, "lat": 32.102821, "address": "合水路与罗集街道交叉口西北60米", "adcode": "", "intensity": 6.3, "grade": "VI-VII", "high_exposure": false }, "geometry": { "type": "Point", "coordinates": [ 117.250413, 32.102821 ] } },
{ "type": "Feature", "properties": { "name": "合肥供水集团北城营业厅", "type": "水厂", "lon": 117.268557, "lat": 32.007657, "address": "双墩路78号", "adcode": "", "intensity": 6.73, "grade": "VI-VII", "high_exposure": false }, "geometry": { "type": "Point", "coordinates": [ 117.268557, 32.007657 ] } },
{ "type": "Feature", "properties": { "name": "合肥水务集团庐阳营业厅", "type": "水厂", "lon": 117.278128, "lat": 31.929219, "address": "久环给排水燃气设备有限公司西南门西北160米", "adcode": "", "intensity": 7.28, "grade": "VIII+", "high_exposure": true }, "geometry": { "type": "Point", "coordinates": [ 117.278128, 31.929219 ] } },
{ "type": "Feature", "properties": { "name": "合肥水务集团蜀山营业厅", "type": "水厂", "lon": 117.226225, "lat": 31.841132, "address": "黄山路与岳西路交叉口东80米", "adcode": "", "intensity": 8.05, "grade": "VIII+", "high_exposure": true }, "geometry": { "type": "Point", "coordinates": [ 117.226225, 31.841132 ] } },
{ "type": "Feature", "properties": { "name": "肥西供水丰乐营业厅", "type": "水厂", "lon": 117.179846, "lat": 31.555757, "address": "严丰路与048县道交叉口北260米", "adcode": "", "intensity": 6.33, "grade": "VI-VII", "high_exposure": false }, "geometry": { "type": "Point", "coordinates": [ 117.179846, 31.555757 ] } }
]
}
